"ID","EntityType","Amount of Goods","Amount of Containers","Status","Amount of Handling Units","Weight","Departure Date",":LABEL","id:ID"
"co1","Customer Order","950.0","","","","","","ENTITY","35387"
"co2","Customer Order","1300.0","","","","","","ENTITY","35388"
"co3","Customer Order","650.0","","","","","","ENTITY","35389"
"co4","Customer Order","1050.0","","","","","","ENTITY","35390"
"co5","Customer Order","1000.0","","","","","","ENTITY","35391"
"co6","Customer Order","750.0","","","","","","ENTITY","35392"
"co7","Customer Order","650.0","","","","","","ENTITY","35393"
"co8","Customer Order","1400.0","","","","","","ENTITY","35394"
"co9","Customer Order","850.0","","","","","","ENTITY","35395"
"co10","Customer Order","1350.0","","","","","","ENTITY","35396"
"co11","Customer Order","1500.0","","","","","","ENTITY","35397"
"co12","Customer Order","500.0","","","","","","ENTITY","35398"
"co13","Customer Order","1100.0","","","","","","ENTITY","35399"
"co14","Customer Order","1100.0","","","","","","ENTITY","35400"
"co15","Customer Order","850.0","","","","","","ENTITY","35401"
"co16","Customer Order","1250.0","","","","","","ENTITY","35402"
"co17","Customer Order","900.0","","","","","","ENTITY","35403"
"co18","Customer Order","300.0","","","","","","ENTITY","35404"
"co19","Customer Order","1000.0","","","","","","ENTITY","35405"
"co20","Customer Order","1500.0","","","","","","ENTITY","35406"
"co21","Customer Order","1100.0","","","","","","ENTITY","35407"
"co22","Customer Order","1100.0","","","","","","ENTITY","35408"
"co23","Customer Order","1350.0","","","","","","ENTITY","35409"
"co24","Customer Order","500.0","","","","","","ENTITY","35410"
"co25","Customer Order","950.0","","","","","","ENTITY","35411"
"co26","Customer Order","1000.0","","","","","","ENTITY","35412"
"co27","Customer Order","750.0","","","","","","ENTITY","35413"
"co28","Customer Order","1500.0","","","","","","ENTITY","35414"
"co29","Customer Order","350.0","","","","","","ENTITY","35415"
"co30","Customer Order","1200.0","","","","","","ENTITY","35416"
"co31","Customer Order","1150.0","","","","","","ENTITY","35417"
"co32","Customer Order","1350.0","","","","","","ENTITY","35418"
"co33","Customer Order","600.0","","","","","","ENTITY","35419"
"co34","Customer Order","650.0","","","","","","ENTITY","35420"
"co35","Customer Order","850.0","","","","","","ENTITY","35421"
"co36","Customer Order","450.0","","","","","","ENTITY","35422"
"co37","Customer Order","600.0","","","","","","ENTITY","35423"
"co38","Customer Order","1500.0","","","","","","ENTITY","35424"
"co39","Customer Order","1000.0","","","","","","ENTITY","35425"
"co40","Customer Order","800.0","","","","","","ENTITY","35426"
"co41","Customer Order","700.0","","","","","","ENTITY","35427"
"co42","Customer Order","700.0","","","","","","ENTITY","35428"
"co43","Customer Order","300.0","","","","","","ENTITY","35429"
"co44","Customer Order","850.0","","","","","","ENTITY","35430"
"co45","Customer Order","1300.0","","","","","","ENTITY","35431"
"co46","Customer Order","1300.0","","","","","","ENTITY","35432"
"co47","Customer Order","750.0","","","","","","ENTITY","35433"
"co48","Customer Order","450.0","","","","","","ENTITY","35434"
"co49","Customer Order","1350.0","","","","","","ENTITY","35435"
"co50","Customer Order","800.0","","","","","","ENTITY","35436"
"co51","Customer Order","750.0","","","","","","ENTITY","35437"
"co52","Customer Order","1400.0","","","","","","ENTITY","35438"
"co53","Customer Order","650.0","","","","","","ENTITY","35439"
"co54","Customer Order","1000.0","","","","","","ENTITY","35440"
"co55","Customer Order","950.0","","","","","","ENTITY","35441"
"co56","Customer Order","750.0","","","","","","ENTITY","35442"
"co57","Customer Order","350.0","","","","","","ENTITY","35443"
"co58","Customer Order","1300.0","","","","","","ENTITY","35444"
"co59","Customer Order","1350.0","","","","","","ENTITY","35445"
"co60","Customer Order","1500.0","","","","","","ENTITY","35446"
"co61","Customer Order","1500.0","","","","","","ENTITY","35447"
"co62","Customer Order","1450.0","","","","","","ENTITY","35448"
"co63","Customer Order","600.0","","","","","","ENTITY","35449"
"co64","Customer Order","300.0","","","","","","ENTITY","35450"
"co65","Customer Order","650.0","","","","","","ENTITY","35451"
"co66","Customer Order","900.0","","","","","","ENTITY","35452"
"co67","Customer Order","1450.0","","","","","","ENTITY","35453"
"co68","Customer Order","400.0","","","","","","ENTITY","35454"
"co69","Customer Order","800.0","","","","","","ENTITY","35455"
"co70","Customer Order","850.0","","","","","","ENTITY","35456"
"co71","Customer Order","1200.0","","","","","","ENTITY","35457"
"co72","Customer Order","450.0","","","","","","ENTITY","35458"
"co73","Customer Order","1400.0","","","","","","ENTITY","35459"
"co74","Customer Order","750.0","","","","","","ENTITY","35460"
"co75","Customer Order","1150.0","","","","","","ENTITY","35461"
"co76","Customer Order","800.0","","","","","","ENTITY","35462"
"co77","Customer Order","550.0","","","","","","ENTITY","35463"
"co78","Customer Order","1450.0","","","","","","ENTITY","35464"
"co79","Customer Order","1050.0","","","","","","ENTITY","35465"
"co80","Customer Order","1350.0","","","","","","ENTITY","35466"
"co81","Customer Order","1150.0","","","","","","ENTITY","35467"
"co82","Customer Order","650.0","","","","","","ENTITY","35468"
"co83","Customer Order","950.0","","","","","","ENTITY","35469"
"co84","Customer Order","1300.0","","","","","","ENTITY","35470"
"co85","Customer Order","1000.0","","","","","","ENTITY","35471"
"co86","Customer Order","500.0","","","","","","ENTITY","35472"
"co87","Customer Order","900.0","","","","","","ENTITY","35473"
"co88","Customer Order","750.0","","","","","","ENTITY","35474"
"co89","Customer Order","1050.0","","","","","","ENTITY","35475"
"co90","Customer Order","1500.0","","","","","","ENTITY","35476"
"co91","Customer Order","1400.0","","","","","","ENTITY","35477"
"co92","Customer Order","1200.0","","","","","","ENTITY","35478"
"co93","Customer Order","800.0","","","","","","ENTITY","35479"
"co94","Customer Order","1450.0","","","","","","ENTITY","35480"
"co95","Customer Order","1350.0","","","","","","ENTITY","35481"
"co96","Customer Order","1200.0","","","","","","ENTITY","35482"
"co97","Customer Order","900.0","","","","","","ENTITY","35483"
"co98","Customer Order","650.0","","","","","","ENTITY","35484"
"co99","Customer Order","1500.0","","","","","","ENTITY","35485"
"co100","Customer Order","1250.0","","","","","","ENTITY","35486"
"co101","Customer Order","350.0","","","","","","ENTITY","35487"
"co102","Customer Order","600.0","","","","","","ENTITY","35488"
"co103","Customer Order","400.0","","","","","","ENTITY","35489"
"co104","Customer Order","1050.0","","","","","","ENTITY","35490"
"co105","Customer Order","400.0","","","","","","ENTITY","35491"
"co106","Customer Order","600.0","","","","","","ENTITY","35492"
"co107","Customer Order","1200.0","","","","","","ENTITY","35493"
"co108","Customer Order","650.0","","","","","","ENTITY","35494"
"co109","Customer Order","1450.0","","","","","","ENTITY","35495"
"co110","Customer Order","850.0","","","","","","ENTITY","35496"
"co111","Customer Order","1250.0","","","","","","ENTITY","35497"
"co112","Customer Order","1250.0","","","","","","ENTITY","35498"
"co113","Customer Order","450.0","","","","","","ENTITY","35499"
"co114","Customer Order","1200.0","","","","","","ENTITY","35500"
"co115","Customer Order","1250.0","","","","","","ENTITY","35501"
"co116","Customer Order","1300.0","","","","","","ENTITY","35502"
"co117","Customer Order","350.0","","","","","","ENTITY","35503"
"co118","Customer Order","700.0","","","","","","ENTITY","35504"
"co119","Customer Order","1350.0","","","","","","ENTITY","35505"
"co120","Customer Order","1150.0","","","","","","ENTITY","35506"
"co121","Customer Order","350.0","","","","","","ENTITY","35507"
"co122","Customer Order","1200.0","","","","","","ENTITY","35508"
"co123","Customer Order","1200.0","","","","","","ENTITY","35509"
"co124","Customer Order","850.0","","","","","","ENTITY","35510"
"co125","Customer Order","550.0","","","","","","ENTITY","35511"
"co126","Customer Order","1350.0","","","","","","ENTITY","35512"
"co127","Customer Order","750.0","","","","","","ENTITY","35513"
"co128","Customer Order","1000.0","","","","","","ENTITY","35514"
"co129","Customer Order","1450.0","","","","","","ENTITY","35515"
"co130","Customer Order","1050.0","","","","","","ENTITY","35516"
"co131","Customer Order","800.0","","","","","","ENTITY","35517"
"co132","Customer Order","400.0","","","","","","ENTITY","35518"
"co133","Customer Order","850.0","","","","","","ENTITY","35519"
"co134","Customer Order","1300.0","","","","","","ENTITY","35520"
"co135","Customer Order","750.0","","","","","","ENTITY","35521"
"co136","Customer Order","650.0","","","","","","ENTITY","35522"
"co137","Customer Order","950.0","","","","","","ENTITY","35523"
"co138","Customer Order","450.0","","","","","","ENTITY","35524"
"co139","Customer Order","1400.0","","","","","","ENTITY","35525"
"co140","Customer Order","600.0","","","","","","ENTITY","35526"
"co141","Customer Order","1150.0","","","","","","ENTITY","35527"
"co142","Customer Order","800.0","","","","","","ENTITY","35528"
"co143","Customer Order","1400.0","","","","","","ENTITY","35529"
"co144","Customer Order","600.0","","","","","","ENTITY","35530"
"co145","Customer Order","1100.0","","","","","","ENTITY","35531"
"co146","Customer Order","350.0","","","","","","ENTITY","35532"
"co147","Customer Order","1200.0","","","","","","ENTITY","35533"
"co148","Customer Order","800.0","","","","","","ENTITY","35534"
"co149","Customer Order","450.0","","","","","","ENTITY","35535"
"co150","Customer Order","350.0","","","","","","ENTITY","35536"
"co151","Customer Order","1400.0","","","","","","ENTITY","35537"
"co152","Customer Order","1050.0","","","","","","ENTITY","35538"
"co153","Customer Order","800.0","","","","","","ENTITY","35539"
"co154","Customer Order","650.0","","","","","","ENTITY","35540"
"co155","Customer Order","1200.0","","","","","","ENTITY","35541"
"co156","Customer Order","700.0","","","","","","ENTITY","35542"
"co157","Customer Order","950.0","","","","","","ENTITY","35543"
"co158","Customer Order","300.0","","","","","","ENTITY","35544"
"co159","Customer Order","600.0","","","","","","ENTITY","35545"
"co160","Customer Order","350.0","","","","","","ENTITY","35546"
"co161","Customer Order","1200.0","","","","","","ENTITY","35547"
"co162","Customer Order","600.0","","","","","","ENTITY","35548"
"co163","Customer Order","1300.0","","","","","","ENTITY","35549"
"co164","Customer Order","1200.0","","","","","","ENTITY","35550"
"co165","Customer Order","550.0","","","","","","ENTITY","35551"
"co166","Customer Order","400.0","","","","","","ENTITY","35552"
"co167","Customer Order","1150.0","","","","","","ENTITY","35553"
"co168","Customer Order","1250.0","","","","","","ENTITY","35554"
"co169","Customer Order","1050.0","","","","","","ENTITY","35555"
"co170","Customer Order","1150.0","","","","","","ENTITY","35556"
"co171","Customer Order","350.0","","","","","","ENTITY","35557"
"co172","Customer Order","400.0","","","","","","ENTITY","35558"
"co173","Customer Order","950.0","","","","","","ENTITY","35559"
"co174","Customer Order","1100.0","","","","","","ENTITY","35560"
"co175","Customer Order","1100.0","","","","","","ENTITY","35561"
"co176","Customer Order","1300.0","","","","","","ENTITY","35562"
"co177","Customer Order","750.0","","","","","","ENTITY","35563"
"co178","Customer Order","700.0","","","","","","ENTITY","35564"
"co179","Customer Order","1150.0","","","","","","ENTITY","35565"
"co180","Customer Order","950.0","","","","","","ENTITY","35566"
"co181","Customer Order","300.0","","","","","","ENTITY","35567"
"co182","Customer Order","450.0","","","","","","ENTITY","35568"
"co183","Customer Order","1400.0","","","","","","ENTITY","35569"
"co184","Customer Order","1250.0","","","","","","ENTITY","35570"
"co185","Customer Order","600.0","","","","","","ENTITY","35571"
"co186","Customer Order","700.0","","","","","","ENTITY","35572"
"co187","Customer Order","800.0","","","","","","ENTITY","35573"
"co188","Customer Order","550.0","","","","","","ENTITY","35574"
"co189","Customer Order","1400.0","","","","","","ENTITY","35575"
"co190","Customer Order","1100.0","","","","","","ENTITY","35576"
"co191","Customer Order","1350.0","","","","","","ENTITY","35577"
"co192","Customer Order","900.0","","","","","","ENTITY","35578"
"co193","Customer Order","1050.0","","","","","","ENTITY","35579"
"co194","Customer Order","550.0","","","","","","ENTITY","35580"
"co195","Customer Order","450.0","","","","","","ENTITY","35581"
"co196","Customer Order","1250.0","","","","","","ENTITY","35582"
"co197","Customer Order","600.0","","","","","","ENTITY","35583"
"co198","Customer Order","1350.0","","","","","","ENTITY","35584"
"co199","Customer Order","850.0","","","","","","ENTITY","35585"
"co200","Customer Order","650.0","","","","","","ENTITY","35586"
"co201","Customer Order","300.0","","","","","","ENTITY","35587"
"co202","Customer Order","600.0","","","","","","ENTITY","35588"
"co203","Customer Order","1200.0","","","","","","ENTITY","35589"
"co204","Customer Order","1400.0","","","","","","ENTITY","35590"
"co205","Customer Order","700.0","","","","","","ENTITY","35591"
"co206","Customer Order","950.0","","","","","","ENTITY","35592"
"co207","Customer Order","850.0","","","","","","ENTITY","35593"
"co208","Customer Order","1250.0","","","","","","ENTITY","35594"
"co209","Customer Order","1050.0","","","","","","ENTITY","35595"
"co210","Customer Order","550.0","","","","","","ENTITY","35596"
"co211","Customer Order","350.0","","","","","","ENTITY","35597"
"co212","Customer Order","1050.0","","","","","","ENTITY","35598"
"co213","Customer Order","1350.0","","","","","","ENTITY","35599"
"co214","Customer Order","600.0","","","","","","ENTITY","35600"
"co215","Customer Order","650.0","","","","","","ENTITY","35601"
"co216","Customer Order","1300.0","","","","","","ENTITY","35602"
"co217","Customer Order","1200.0","","","","","","ENTITY","35603"
"co218","Customer Order","950.0","","","","","","ENTITY","35604"
"co219","Customer Order","1350.0","","","","","","ENTITY","35605"
"co220","Customer Order","650.0","","","","","","ENTITY","35606"
"co221","Customer Order","1350.0","","","","","","ENTITY","35607"
"co222","Customer Order","400.0","","","","","","ENTITY","35608"
"co223","Customer Order","850.0","","","","","","ENTITY","35609"
"co224","Customer Order","1050.0","","","","","","ENTITY","35610"
"co225","Customer Order","900.0","","","","","","ENTITY","35611"
"co226","Customer Order","1500.0","","","","","","ENTITY","35612"
"co227","Customer Order","1450.0","","","","","","ENTITY","35613"
"co228","Customer Order","850.0","","","","","","ENTITY","35614"
"co229","Customer Order","400.0","","","","","","ENTITY","35615"
"co230","Customer Order","750.0","","","","","","ENTITY","35616"
"co231","Customer Order","1350.0","","","","","","ENTITY","35617"
"co232","Customer Order","300.0","","","","","","ENTITY","35618"
"co233","Customer Order","1450.0","","","","","","ENTITY","35619"
"co234","Customer Order","1100.0","","","","","","ENTITY","35620"
"co235","Customer Order","800.0","","","","","","ENTITY","35621"
"co236","Customer Order","400.0","","","","","","ENTITY","35622"
"co237","Customer Order","1400.0","","","","","","ENTITY","35623"
"co238","Customer Order","1450.0","","","","","","ENTITY","35624"
"co239","Customer Order","1200.0","","","","","","ENTITY","35625"
"co240","Customer Order","350.0","","","","","","ENTITY","35626"
"co241","Customer Order","1350.0","","","","","","ENTITY","35627"
"co242","Customer Order","600.0","","","","","","ENTITY","35628"
"co243","Customer Order","600.0","","","","","","ENTITY","35629"
"co244","Customer Order","1400.0","","","","","","ENTITY","35630"
"co245","Customer Order","1200.0","","","","","","ENTITY","35631"
"co246","Customer Order","500.0","","","","","","ENTITY","35632"
"co247","Customer Order","800.0","","","","","","ENTITY","35633"
"co248","Customer Order","700.0","","","","","","ENTITY","35634"
"co249","Customer Order","1400.0","","","","","","ENTITY","35635"
"co250","Customer Order","900.0","","","","","","ENTITY","35636"
"co251","Customer Order","800.0","","","","","","ENTITY","35637"
"co252","Customer Order","1500.0","","","","","","ENTITY","35638"
"co253","Customer Order","350.0","","","","","","ENTITY","35639"
"co254","Customer Order","1050.0","","","","","","ENTITY","35640"
"co255","Customer Order","550.0","","","","","","ENTITY","35641"
"co256","Customer Order","650.0","","","","","","ENTITY","35642"
"co257","Customer Order","650.0","","","","","","ENTITY","35643"
"co258","Customer Order","1400.0","","","","","","ENTITY","35644"
"co259","Customer Order","1000.0","","","","","","ENTITY","35645"
"co260","Customer Order","1350.0","","","","","","ENTITY","35646"
"co261","Customer Order","500.0","","","","","","ENTITY","35647"
"co262","Customer Order","1100.0","","","","","","ENTITY","35648"
"co263","Customer Order","1450.0","","","","","","ENTITY","35649"
"co264","Customer Order","1500.0","","","","","","ENTITY","35650"
"co265","Customer Order","600.0","","","","","","ENTITY","35651"
"co266","Customer Order","350.0","","","","","","ENTITY","35652"
"co267","Customer Order","1350.0","","","","","","ENTITY","35653"
"co268","Customer Order","1000.0","","","","","","ENTITY","35654"
"co269","Customer Order","800.0","","","","","","ENTITY","35655"
"co270","Customer Order","550.0","","","","","","ENTITY","35656"
"co271","Customer Order","450.0","","","","","","ENTITY","35657"
"co272","Customer Order","800.0","","","","","","ENTITY","35658"
"co273","Customer Order","450.0","","","","","","ENTITY","35659"
"co274","Customer Order","600.0","","","","","","ENTITY","35660"
"co275","Customer Order","1200.0","","","","","","ENTITY","35661"
"co276","Customer Order","350.0","","","","","","ENTITY","35662"
"co277","Customer Order","1450.0","","","","","","ENTITY","35663"
"co278","Customer Order","550.0","","","","","","ENTITY","35664"
"co279","Customer Order","550.0","","","","","","ENTITY","35665"
"co280","Customer Order","1300.0","","","","","","ENTITY","35666"
"co281","Customer Order","1400.0","","","","","","ENTITY","35667"
"co282","Customer Order","800.0","","","","","","ENTITY","35668"
"co283","Customer Order","850.0","","","","","","ENTITY","35669"
"co284","Customer Order","1150.0","","","","","","ENTITY","35670"
"co285","Customer Order","1500.0","","","","","","ENTITY","35671"
"co286","Customer Order","1400.0","","","","","","ENTITY","35672"
"co287","Customer Order","1400.0","","","","","","ENTITY","35673"
"co288","Customer Order","900.0","","","","","","ENTITY","35674"
"co289","Customer Order","500.0","","","","","","ENTITY","35675"
"co290","Customer Order","1300.0","","","","","","ENTITY","35676"
"co291","Customer Order","1500.0","","","","","","ENTITY","35677"
"co292","Customer Order","1000.0","","","","","","ENTITY","35678"
"co293","Customer Order","950.0","","","","","","ENTITY","35679"
"co294","Customer Order","750.0","","","","","","ENTITY","35680"
"co295","Customer Order","700.0","","","","","","ENTITY","35681"
"co296","Customer Order","850.0","","","","","","ENTITY","35682"
"co297","Customer Order","1100.0","","","","","","ENTITY","35683"
"co298","Customer Order","900.0","","","","","","ENTITY","35684"
"co299","Customer Order","350.0","","","","","","ENTITY","35685"
"co300","Customer Order","350.0","","","","","","ENTITY","35686"
"co301","Customer Order","1250.0","","","","","","ENTITY","35687"
"co302","Customer Order","500.0","","","","","","ENTITY","35688"
"co303","Customer Order","350.0","","","","","","ENTITY","35689"
"co304","Customer Order","850.0","","","","","","ENTITY","35690"
"co305","Customer Order","1300.0","","","","","","ENTITY","35691"
"co306","Customer Order","550.0","","","","","","ENTITY","35692"
"co307","Customer Order","850.0","","","","","","ENTITY","35693"
"co308","Customer Order","1350.0","","","","","","ENTITY","35694"
"co309","Customer Order","900.0","","","","","","ENTITY","35695"
"co310","Customer Order","800.0","","","","","","ENTITY","35696"
"co311","Customer Order","1000.0","","","","","","ENTITY","35697"
"co312","Customer Order","500.0","","","","","","ENTITY","35698"
"co313","Customer Order","850.0","","","","","","ENTITY","35699"
"co314","Customer Order","1350.0","","","","","","ENTITY","35700"
"co315","Customer Order","1250.0","","","","","","ENTITY","35701"
"co316","Customer Order","400.0","","","","","","ENTITY","35702"
"co317","Customer Order","1500.0","","","","","","ENTITY","35703"
"co318","Customer Order","1400.0","","","","","","ENTITY","35704"
"co319","Customer Order","300.0","","","","","","ENTITY","35705"
"co320","Customer Order","850.0","","","","","","ENTITY","35706"
"co321","Customer Order","1000.0","","","","","","ENTITY","35707"
"co322","Customer Order","1450.0","","","","","","ENTITY","35708"
"co323","Customer Order","700.0","","","","","","ENTITY","35709"
"co324","Customer Order","1150.0","","","","","","ENTITY","35710"
"co325","Customer Order","1250.0","","","","","","ENTITY","35711"
"co326","Customer Order","1200.0","","","","","","ENTITY","35712"
"co327","Customer Order","600.0","","","","","","ENTITY","35713"
"co328","Customer Order","700.0","","","","","","ENTITY","35714"
"co329","Customer Order","1000.0","","","","","","ENTITY","35715"
"co330","Customer Order","900.0","","","","","","ENTITY","35716"
"co331","Customer Order","700.0","","","","","","ENTITY","35717"
"co332","Customer Order","300.0","","","","","","ENTITY","35718"
"co333","Customer Order","950.0","","","","","","ENTITY","35719"
"co334","Customer Order","1300.0","","","","","","ENTITY","35720"
"co335","Customer Order","450.0","","","","","","ENTITY","35721"
"co336","Customer Order","1250.0","","","","","","ENTITY","35722"
"co337","Customer Order","950.0","","","","","","ENTITY","35723"
"co338","Customer Order","1350.0","","","","","","ENTITY","35724"
"co339","Customer Order","350.0","","","","","","ENTITY","35725"
"co340","Customer Order","550.0","","","","","","ENTITY","35726"
"co341","Customer Order","1000.0","","","","","","ENTITY","35727"
"co342","Customer Order","600.0","","","","","","ENTITY","35728"
"co343","Customer Order","600.0","","","","","","ENTITY","35729"
"co344","Customer Order","1300.0","","","","","","ENTITY","35730"
"co345","Customer Order","600.0","","","","","","ENTITY","35731"
"co346","Customer Order","450.0","","","","","","ENTITY","35732"
"co347","Customer Order","950.0","","","","","","ENTITY","35733"
"co348","Customer Order","750.0","","","","","","ENTITY","35734"
"co349","Customer Order","900.0","","","","","","ENTITY","35735"
"co350","Customer Order","750.0","","","","","","ENTITY","35736"
"co351","Customer Order","400.0","","","","","","ENTITY","35737"
"co352","Customer Order","300.0","","","","","","ENTITY","35738"
"co353","Customer Order","400.0","","","","","","ENTITY","35739"
"co354","Customer Order","1050.0","","","","","","ENTITY","35740"
"co355","Customer Order","1300.0","","","","","","ENTITY","35741"
"co356","Customer Order","1200.0","","","","","","ENTITY","35742"
"co357","Customer Order","950.0","","","","","","ENTITY","35743"
"co358","Customer Order","900.0","","","","","","ENTITY","35744"
"co359","Customer Order","450.0","","","","","","ENTITY","35745"
"co360","Customer Order","450.0","","","","","","ENTITY","35746"
"co361","Customer Order","1400.0","","","","","","ENTITY","35747"
"co362","Customer Order","1350.0","","","","","","ENTITY","35748"
"co363","Customer Order","800.0","","","","","","ENTITY","35749"
"co364","Customer Order","1000.0","","","","","","ENTITY","35750"
"co365","Customer Order","1000.0","","","","","","ENTITY","35751"
"co366","Customer Order","750.0","","","","","","ENTITY","35752"
"co367","Customer Order","1450.0","","","","","","ENTITY","35753"
"co368","Customer Order","1000.0","","","","","","ENTITY","35754"
"co369","Customer Order","1300.0","","","","","","ENTITY","35755"
"co370","Customer Order","900.0","","","","","","ENTITY","35756"
"co371","Customer Order","1200.0","","","","","","ENTITY","35757"
"co372","Customer Order","600.0","","","","","","ENTITY","35758"
"co373","Customer Order","300.0","","","","","","ENTITY","35759"
"co374","Customer Order","500.0","","","","","","ENTITY","35760"
"co375","Customer Order","1100.0","","","","","","ENTITY","35761"
"co376","Customer Order","650.0","","","","","","ENTITY","35762"
"co377","Customer Order","850.0","","","","","","ENTITY","35763"
"co378","Customer Order","1000.0","","","","","","ENTITY","35764"
"co379","Customer Order","1400.0","","","","","","ENTITY","35765"
"co380","Customer Order","550.0","","","","","","ENTITY","35766"
"co381","Customer Order","850.0","","","","","","ENTITY","35767"
"co382","Customer Order","1300.0","","","","","","ENTITY","35768"
"co383","Customer Order","800.0","","","","","","ENTITY","35769"
"co384","Customer Order","1150.0","","","","","","ENTITY","35770"
"co385","Customer Order","1050.0","","","","","","ENTITY","35771"
"co386","Customer Order","1300.0","","","","","","ENTITY","35772"
"co387","Customer Order","500.0","","","","","","ENTITY","35773"
"co388","Customer Order","1100.0","","","","","","ENTITY","35774"
"co389","Customer Order","950.0","","","","","","ENTITY","35775"
"co390","Customer Order","500.0","","","","","","ENTITY","35776"
"co391","Customer Order","300.0","","","","","","ENTITY","35777"
"co392","Customer Order","1350.0","","","","","","ENTITY","35778"
"co393","Customer Order","300.0","","","","","","ENTITY","35779"
"co394","Customer Order","1000.0","","","","","","ENTITY","35780"
"co395","Customer Order","1350.0","","","","","","ENTITY","35781"
"co396","Customer Order","800.0","","","","","","ENTITY","35782"
"co397","Customer Order","1100.0","","","","","","ENTITY","35783"
"co398","Customer Order","1250.0","","","","","","ENTITY","35784"
"co399","Customer Order","700.0","","","","","","ENTITY","35785"
"co400","Customer Order","1400.0","","","","","","ENTITY","35786"
"co401","Customer Order","700.0","","","","","","ENTITY","35787"
"co402","Customer Order","700.0","","","","","","ENTITY","35788"
"co403","Customer Order","750.0","","","","","","ENTITY","35789"
"co404","Customer Order","350.0","","","","","","ENTITY","35790"
"co405","Customer Order","1050.0","","","","","","ENTITY","35791"
"co406","Customer Order","1000.0","","","","","","ENTITY","35792"
"co407","Customer Order","1450.0","","","","","","ENTITY","35793"
"co408","Customer Order","950.0","","","","","","ENTITY","35794"
"co409","Customer Order","1500.0","","","","","","ENTITY","35795"
"co410","Customer Order","1200.0","","","","","","ENTITY","35796"
"co411","Customer Order","1200.0","","","","","","ENTITY","35797"
"co412","Customer Order","1100.0","","","","","","ENTITY","35798"
"co413","Customer Order","850.0","","","","","","ENTITY","35799"
"co414","Customer Order","550.0","","","","","","ENTITY","35800"
"co415","Customer Order","300.0","","","","","","ENTITY","35801"
"co416","Customer Order","1400.0","","","","","","ENTITY","35802"
"co417","Customer Order","450.0","","","","","","ENTITY","35803"
"co418","Customer Order","1450.0","","","","","","ENTITY","35804"
"co419","Customer Order","1200.0","","","","","","ENTITY","35805"
"co420","Customer Order","550.0","","","","","","ENTITY","35806"
"co421","Customer Order","400.0","","","","","","ENTITY","35807"
"co422","Customer Order","950.0","","","","","","ENTITY","35808"
"co423","Customer Order","550.0","","","","","","ENTITY","35809"
"co424","Customer Order","1450.0","","","","","","ENTITY","35810"
"co425","Customer Order","650.0","","","","","","ENTITY","35811"
"co426","Customer Order","1350.0","","","","","","ENTITY","35812"
"co427","Customer Order","1200.0","","","","","","ENTITY","35813"
"co428","Customer Order","550.0","","","","","","ENTITY","35814"
"co429","Customer Order","1150.0","","","","","","ENTITY","35815"
"co430","Customer Order","350.0","","","","","","ENTITY","35816"
"co431","Customer Order","700.0","","","","","","ENTITY","35817"
"co432","Customer Order","1500.0","","","","","","ENTITY","35818"
"co433","Customer Order","550.0","","","","","","ENTITY","35819"
"co434","Customer Order","1500.0","","","","","","ENTITY","35820"
"co435","Customer Order","750.0","","","","","","ENTITY","35821"
"co436","Customer Order","900.0","","","","","","ENTITY","35822"
"co437","Customer Order","1250.0","","","","","","ENTITY","35823"
"co438","Customer Order","1200.0","","","","","","ENTITY","35824"
"co439","Customer Order","950.0","","","","","","ENTITY","35825"
"co440","Customer Order","300.0","","","","","","ENTITY","35826"
"co441","Customer Order","900.0","","","","","","ENTITY","35827"
"co442","Customer Order","1250.0","","","","","","ENTITY","35828"
"co443","Customer Order","400.0","","","","","","ENTITY","35829"
"co444","Customer Order","500.0","","","","","","ENTITY","35830"
"co445","Customer Order","400.0","","","","","","ENTITY","35831"
"co446","Customer Order","650.0","","","","","","ENTITY","35832"
"co447","Customer Order","1350.0","","","","","","ENTITY","35833"
"co448","Customer Order","600.0","","","","","","ENTITY","35834"
"co449","Customer Order","950.0","","","","","","ENTITY","35835"
"co450","Customer Order","1150.0","","","","","","ENTITY","35836"
"co451","Customer Order","300.0","","","","","","ENTITY","35837"
"co452","Customer Order","600.0","","","","","","ENTITY","35838"
"co453","Customer Order","1400.0","","","","","","ENTITY","35839"
"co454","Customer Order","750.0","","","","","","ENTITY","35840"
"co455","Customer Order","800.0","","","","","","ENTITY","35841"
"co456","Customer Order","450.0","","","","","","ENTITY","35842"
"co457","Customer Order","800.0","","","","","","ENTITY","35843"
"co458","Customer Order","1350.0","","","","","","ENTITY","35844"
"co459","Customer Order","600.0","","","","","","ENTITY","35845"
"co460","Customer Order","800.0","","","","","","ENTITY","35846"
"co461","Customer Order","950.0","","","","","","ENTITY","35847"
"co462","Customer Order","900.0","","","","","","ENTITY","35848"
"co463","Customer Order","450.0","","","","","","ENTITY","35849"
"co464","Customer Order","400.0","","","","","","ENTITY","35850"
"co465","Customer Order","1150.0","","","","","","ENTITY","35851"
"co466","Customer Order","1400.0","","","","","","ENTITY","35852"
"co467","Customer Order","1500.0","","","","","","ENTITY","35853"
"co468","Customer Order","550.0","","","","","","ENTITY","35854"
"co469","Customer Order","1450.0","","","","","","ENTITY","35855"
"co470","Customer Order","850.0","","","","","","ENTITY","35856"
"co471","Customer Order","700.0","","","","","","ENTITY","35857"
"co472","Customer Order","1250.0","","","","","","ENTITY","35858"
"co473","Customer Order","300.0","","","","","","ENTITY","35859"
"co474","Customer Order","750.0","","","","","","ENTITY","35860"
"co475","Customer Order","400.0","","","","","","ENTITY","35861"
"co476","Customer Order","1100.0","","","","","","ENTITY","35862"
"co477","Customer Order","850.0","","","","","","ENTITY","35863"
"co478","Customer Order","550.0","","","","","","ENTITY","35864"
"co479","Customer Order","600.0","","","","","","ENTITY","35865"
"co480","Customer Order","750.0","","","","","","ENTITY","35866"
"co481","Customer Order","600.0","","","","","","ENTITY","35867"
"co482","Customer Order","350.0","","","","","","ENTITY","35868"
"co483","Customer Order","700.0","","","","","","ENTITY","35869"
"co484","Customer Order","300.0","","","","","","ENTITY","35870"
"co485","Customer Order","1400.0","","","","","","ENTITY","35871"
"co486","Customer Order","500.0","","","","","","ENTITY","35872"
"co487","Customer Order","1500.0","","","","","","ENTITY","35873"
"co488","Customer Order","1300.0","","","","","","ENTITY","35874"
"co489","Customer Order","1050.0","","","","","","ENTITY","35875"
"co490","Customer Order","650.0","","","","","","ENTITY","35876"
"co491","Customer Order","850.0","","","","","","ENTITY","35877"
"co492","Customer Order","350.0","","","","","","ENTITY","35878"
"co493","Customer Order","450.0","","","","","","ENTITY","35879"
"co494","Customer Order","550.0","","","","","","ENTITY","35880"
"co495","Customer Order","1150.0","","","","","","ENTITY","35881"
"co496","Customer Order","900.0","","","","","","ENTITY","35882"
"co497","Customer Order","950.0","","","","","","ENTITY","35883"
"co498","Customer Order","900.0","","","","","","ENTITY","35884"
"co499","Customer Order","1050.0","","","","","","ENTITY","35885"
"co500","Customer Order","300.0","","","","","","ENTITY","35886"
"co501","Customer Order","750.0","","","","","","ENTITY","35887"
"co502","Customer Order","700.0","","","","","","ENTITY","35888"
"co503","Customer Order","650.0","","","","","","ENTITY","35889"
"co504","Customer Order","950.0","","","","","","ENTITY","35890"
"co505","Customer Order","900.0","","","","","","ENTITY","35891"
"co506","Customer Order","1000.0","","","","","","ENTITY","35892"
"co507","Customer Order","1450.0","","","","","","ENTITY","35893"
"co508","Customer Order","350.0","","","","","","ENTITY","35894"
"co509","Customer Order","1350.0","","","","","","ENTITY","35895"
"co510","Customer Order","1400.0","","","","","","ENTITY","35896"
"co511","Customer Order","750.0","","","","","","ENTITY","35897"
"co512","Customer Order","950.0","","","","","","ENTITY","35898"
"co513","Customer Order","800.0","","","","","","ENTITY","35899"
"co514","Customer Order","1150.0","","","","","","ENTITY","35900"
"co515","Customer Order","650.0","","","","","","ENTITY","35901"
"co516","Customer Order","1200.0","","","","","","ENTITY","35902"
"co517","Customer Order","950.0","","","","","","ENTITY","35903"
"co518","Customer Order","700.0","","","","","","ENTITY","35904"
"co519","Customer Order","1450.0","","","","","","ENTITY","35905"
"co520","Customer Order","1400.0","","","","","","ENTITY","35906"
"co521","Customer Order","1150.0","","","","","","ENTITY","35907"
"co522","Customer Order","350.0","","","","","","ENTITY","35908"
"co523","Customer Order","750.0","","","","","","ENTITY","35909"
"co524","Customer Order","650.0","","","","","","ENTITY","35910"
"co525","Customer Order","1450.0","","","","","","ENTITY","35911"
"co526","Customer Order","800.0","","","","","","ENTITY","35912"
"co527","Customer Order","550.0","","","","","","ENTITY","35913"
"co528","Customer Order","1000.0","","","","","","ENTITY","35914"
"co529","Customer Order","1000.0","","","","","","ENTITY","35915"
"co530","Customer Order","1050.0","","","","","","ENTITY","35916"
"co531","Customer Order","1350.0","","","","","","ENTITY","35917"
"co532","Customer Order","700.0","","","","","","ENTITY","35918"
"co533","Customer Order","850.0","","","","","","ENTITY","35919"
"co534","Customer Order","1000.0","","","","","","ENTITY","35920"
"co535","Customer Order","900.0","","","","","","ENTITY","35921"
"co536","Customer Order","700.0","","","","","","ENTITY","35922"
"co537","Customer Order","850.0","","","","","","ENTITY","35923"
"co538","Customer Order","350.0","","","","","","ENTITY","35924"
"co539","Customer Order","750.0","","","","","","ENTITY","35925"
"co540","Customer Order","1400.0","","","","","","ENTITY","35926"
"co541","Customer Order","550.0","","","","","","ENTITY","35927"
"co542","Customer Order","1050.0","","","","","","ENTITY","35928"
"co543","Customer Order","400.0","","","","","","ENTITY","35929"
"co544","Customer Order","1300.0","","","","","","ENTITY","35930"
"co545","Customer Order","800.0","","","","","","ENTITY","35931"
"co546","Customer Order","450.0","","","","","","ENTITY","35932"
"co547","Customer Order","850.0","","","","","","ENTITY","35933"
"co548","Customer Order","750.0","","","","","","ENTITY","35934"
"co549","Customer Order","950.0","","","","","","ENTITY","35935"
"co550","Customer Order","1250.0","","","","","","ENTITY","35936"
"co551","Customer Order","850.0","","","","","","ENTITY","35937"
"co552","Customer Order","950.0","","","","","","ENTITY","35938"
"co553","Customer Order","850.0","","","","","","ENTITY","35939"
"co554","Customer Order","1200.0","","","","","","ENTITY","35940"
"co555","Customer Order","500.0","","","","","","ENTITY","35941"
"co556","Customer Order","1300.0","","","","","","ENTITY","35942"
"co557","Customer Order","1250.0","","","","","","ENTITY","35943"
"co558","Customer Order","1250.0","","","","","","ENTITY","35944"
"co559","Customer Order","1300.0","","","","","","ENTITY","35945"
"co560","Customer Order","300.0","","","","","","ENTITY","35946"
"co561","Customer Order","1050.0","","","","","","ENTITY","35947"
"co562","Customer Order","350.0","","","","","","ENTITY","35948"
"co563","Customer Order","1150.0","","","","","","ENTITY","35949"
"co564","Customer Order","500.0","","","","","","ENTITY","35950"
"co565","Customer Order","900.0","","","","","","ENTITY","35951"
"co566","Customer Order","1450.0","","","","","","ENTITY","35952"
"co567","Customer Order","800.0","","","","","","ENTITY","35953"
"co568","Customer Order","1250.0","","","","","","ENTITY","35954"
"co569","Customer Order","900.0","","","","","","ENTITY","35955"
"co570","Customer Order","700.0","","","","","","ENTITY","35956"
"co571","Customer Order","900.0","","","","","","ENTITY","35957"
"co572","Customer Order","700.0","","","","","","ENTITY","35958"
"co573","Customer Order","900.0","","","","","","ENTITY","35959"
"co574","Customer Order","400.0","","","","","","ENTITY","35960"
"co575","Customer Order","400.0","","","","","","ENTITY","35961"
"co576","Customer Order","850.0","","","","","","ENTITY","35962"
"co577","Customer Order","550.0","","","","","","ENTITY","35963"
"co578","Customer Order","800.0","","","","","","ENTITY","35964"
"co579","Customer Order","450.0","","","","","","ENTITY","35965"
"co580","Customer Order","350.0","","","","","","ENTITY","35966"
"co581","Customer Order","450.0","","","","","","ENTITY","35967"
"co582","Customer Order","700.0","","","","","","ENTITY","35968"
"co583","Customer Order","850.0","","","","","","ENTITY","35969"
"co584","Customer Order","1250.0","","","","","","ENTITY","35970"
"co585","Customer Order","1450.0","","","","","","ENTITY","35971"
"co586","Customer Order","750.0","","","","","","ENTITY","35972"
"co587","Customer Order","300.0","","","","","","ENTITY","35973"
"co588","Customer Order","1200.0","","","","","","ENTITY","35974"
"co589","Customer Order","600.0","","","","","","ENTITY","35975"
"co590","Customer Order","1250.0","","","","","","ENTITY","35976"
"co591","Customer Order","1150.0","","","","","","ENTITY","35977"
"co592","Customer Order","1050.0","","","","","","ENTITY","35978"
"co593","Customer Order","300.0","","","","","","ENTITY","35979"
"co594","Customer Order","500.0","","","","","","ENTITY","35980"
"co595","Customer Order","850.0","","","","","","ENTITY","35981"
"co596","Customer Order","300.0","","","","","","ENTITY","35982"
"co597","Customer Order","600.0","","","","","","ENTITY","35983"
"co598","Customer Order","650.0","","","","","","ENTITY","35984"
"co599","Customer Order","1350.0","","","","","","ENTITY","35985"
"co600","Customer Order","1300.0","","","","","","ENTITY","35986"
"td1","Transport Document","","5.0","","","","","ENTITY","35987"
"td2","Transport Document","","3.0","","","","","ENTITY","35988"
"td3","Transport Document","","3.0","","","","","ENTITY","35989"
"td4","Transport Document","","5.0","","","","","ENTITY","35990"
"td5","Transport Document","","4.0","","","","","ENTITY","35991"
"td6","Transport Document","","4.0","","","","","ENTITY","35992"
"td7","Transport Document","","3.0","","","","","ENTITY","35993"
"td8","Transport Document","","3.0","","","","","ENTITY","35994"
"td9","Transport Document","","4.0","","","","","ENTITY","35995"
"td10","Transport Document","","5.0","","","","","ENTITY","35996"
"td11","Transport Document","","2.0","","","","","ENTITY","35997"
"td12","Transport Document","","4.0","","","","","ENTITY","35998"
"td13","Transport Document","","4.0","","","","","ENTITY","35999"
"td14","Transport Document","","3.0","","","","","ENTITY","36000"
"td15","Transport Document","","5.0","","","","","ENTITY","36001"
"td16","Transport Document","","1.0","","","","","ENTITY","36002"
"td17","Transport Document","","5.0","","","","","ENTITY","36003"
"td18","Transport Document","","4.0","","","","","ENTITY","36004"
"td19","Transport Document","","4.0","","","","","ENTITY","36005"
"td20","Transport Document","","4.0","","","","","ENTITY","36006"
"td21","Transport Document","","2.0","","","","","ENTITY","36007"
"td22","Transport Document","","4.0","","","","","ENTITY","36008"
"td23","Transport Document","","3.0","","","","","ENTITY","36009"
"td24","Transport Document","","4.0","","","","","ENTITY","36010"
"td25","Transport Document","","5.0","","","","","ENTITY","36011"
"td26","Transport Document","","5.0","","","","","ENTITY","36012"
"td27","Transport Document","","3.0","","","","","ENTITY","36013"
"td28","Transport Document","","5.0","","","","","ENTITY","36014"
"td29","Transport Document","","5.0","","","","","ENTITY","36015"
"td30","Transport Document","","3.0","","","","","ENTITY","36016"
"td31","Transport Document","","2.0","","","","","ENTITY","36017"
"td32","Transport Document","","2.0","","","","","ENTITY","36018"
"td33","Transport Document","","3.0","","","","","ENTITY","36019"
"td34","Transport Document","","2.0","","","","","ENTITY","36020"
"td35","Transport Document","","4.0","","","","","ENTITY","36021"
"td36","Transport Document","","4.0","","","","","ENTITY","36022"
"td37","Transport Document","","4.0","","","","","ENTITY","36023"
"td38","Transport Document","","2.0","","","","","ENTITY","36024"
"td39","Transport Document","","1.0","","","","","ENTITY","36025"
"td40","Transport Document","","3.0","","","","","ENTITY","36026"
"td41","Transport Document","","3.0","","","","","ENTITY","36027"
"td42","Transport Document","","3.0","","","","","ENTITY","36028"
"td43","Transport Document","","2.0","","","","","ENTITY","36029"
"td44","Transport Document","","5.0","","","","","ENTITY","36030"
"td45","Transport Document","","5.0","","","","","ENTITY","36031"
"td46","Transport Document","","5.0","","","","","ENTITY","36032"
"td47","Transport Document","","5.0","","","","","ENTITY","36033"
"td48","Transport Document","","3.0","","","","","ENTITY","36034"
"td49","Transport Document","","3.0","","","","","ENTITY","36035"
"td50","Transport Document","","3.0","","","","","ENTITY","36036"
"td51","Transport Document","","5.0","","","","","ENTITY","36037"
"td52","Transport Document","","3.0","","","","","ENTITY","36038"
"td53","Transport Document","","3.0","","","","","ENTITY","36039"
"td54","Transport Document","","5.0","","","","","ENTITY","36040"
"td55","Transport Document","","4.0","","","","","ENTITY","36041"
"td56","Transport Document","","5.0","","","","","ENTITY","36042"
"td57","Transport Document","","5.0","","","","","ENTITY","36043"
"td58","Transport Document","","2.0","","","","","ENTITY","36044"
"td59","Transport Document","","3.0","","","","","ENTITY","36045"
"td60","Transport Document","","4.0","","","","","ENTITY","36046"
"td61","Transport Document","","5.0","","","","","ENTITY","36047"
"td62","Transport Document","","2.0","","","","","ENTITY","36048"
"td63","Transport Document","","3.0","","","","","ENTITY","36049"
"td64","Transport Document","","1.0","","","","","ENTITY","36050"
"td65","Transport Document","","2.0","","","","","ENTITY","36051"
"td66","Transport Document","","4.0","","","","","ENTITY","36052"
"td67","Transport Document","","3.0","","","","","ENTITY","36053"
"td68","Transport Document","","5.0","","","","","ENTITY","36054"
"td69","Transport Document","","3.0","","","","","ENTITY","36055"
"td70","Transport Document","","5.0","","","","","ENTITY","36056"
"td71","Transport Document","","3.0","","","","","ENTITY","36057"
"td72","Transport Document","","5.0","","","","","ENTITY","36058"
"td73","Transport Document","","2.0","","","","","ENTITY","36059"
"td74","Transport Document","","5.0","","","","","ENTITY","36060"
"td75","Transport Document","","3.0","","","","","ENTITY","36061"
"td76","Transport Document","","4.0","","","","","ENTITY","36062"
"td77","Transport Document","","3.0","","","","","ENTITY","36063"
"td78","Transport Document","","2.0","","","","","ENTITY","36064"
"td79","Transport Document","","4.0","","","","","ENTITY","36065"
"td80","Transport Document","","5.0","","","","","ENTITY","36066"
"td81","Transport Document","","4.0","","","","","ENTITY","36067"
"td82","Transport Document","","3.0","","","","","ENTITY","36068"
"td83","Transport Document","","4.0","","","","","ENTITY","36069"
"td84","Transport Document","","4.0","","","","","ENTITY","36070"
"td85","Transport Document","","5.0","","","","","ENTITY","36071"
"td86","Transport Document","","3.0","","","","","ENTITY","36072"
"td87","Transport Document","","2.0","","","","","ENTITY","36073"
"td88","Transport Document","","5.0","","","","","ENTITY","36074"
"td89","Transport Document","","5.0","","","","","ENTITY","36075"
"td90","Transport Document","","5.0","","","","","ENTITY","36076"
"td91","Transport Document","","5.0","","","","","ENTITY","36077"
"td92","Transport Document","","3.0","","","","","ENTITY","36078"
"td93","Transport Document","","5.0","","","","","ENTITY","36079"
"td94","Transport Document","","4.0","","","","","ENTITY","36080"
"td95","Transport Document","","2.0","","","","","ENTITY","36081"
"td96","Transport Document","","3.0","","","","","ENTITY","36082"
"td97","Transport Document","","3.0","","","","","ENTITY","36083"
"td98","Transport Document","","4.0","","","","","ENTITY","36084"
"td99","Transport Document","","5.0","","","","","ENTITY","36085"
"td100","Transport Document","","3.0","","","","","ENTITY","36086"
"td101","Transport Document","","4.0","","","","","ENTITY","36087"
"td102","Transport Document","","2.0","","","","","ENTITY","36088"
"td103","Transport Document","","2.0","","","","","ENTITY","36089"
"td104","Transport Document","","3.0","","","","","ENTITY","36090"
"td105","Transport Document","","4.0","","","","","ENTITY","36091"
"td106","Transport Document","","3.0","","","","","ENTITY","36092"
"td107","Transport Document","","4.0","","","","","ENTITY","36093"
"td108","Transport Document","","5.0","","","","","ENTITY","36094"
"td109","Transport Document","","2.0","","","","","ENTITY","36095"
"td110","Transport Document","","5.0","","","","","ENTITY","36096"
"td111","Transport Document","","2.0","","","","","ENTITY","36097"
"td112","Transport Document","","3.0","","","","","ENTITY","36098"
"td113","Transport Document","","4.0","","","","","ENTITY","36099"
"td114","Transport Document","","4.0","","","","","ENTITY","36100"
"td115","Transport Document","","4.0","","","","","ENTITY","36101"
"td116","Transport Document","","2.0","","","","","ENTITY","36102"
"td117","Transport Document","","4.0","","","","","ENTITY","36103"
"td118","Transport Document","","2.0","","","","","ENTITY","36104"
"td119","Transport Document","","5.0","","","","","ENTITY","36105"
"td120","Transport Document","","2.0","","","","","ENTITY","36106"
"td121","Transport Document","","5.0","","","","","ENTITY","36107"
"td122","Transport Document","","5.0","","","","","ENTITY","36108"
"td123","Transport Document","","4.0","","","","","ENTITY","36109"
"td124","Transport Document","","5.0","","","","","ENTITY","36110"
"td125","Transport Document","","3.0","","","","","ENTITY","36111"
"td126","Transport Document","","4.0","","","","","ENTITY","36112"
"td127","Transport Document","","5.0","","","","","ENTITY","36113"
"td128","Transport Document","","3.0","","","","","ENTITY","36114"
"td129","Transport Document","","5.0","","","","","ENTITY","36115"
"td130","Transport Document","","2.0","","","","","ENTITY","36116"
"td131","Transport Document","","3.0","","","","","ENTITY","36117"
"td132","Transport Document","","4.0","","","","","ENTITY","36118"
"td133","Transport Document","","3.0","","","","","ENTITY","36119"
"td134","Transport Document","","5.0","","","","","ENTITY","36120"
"td135","Transport Document","","4.0","","","","","ENTITY","36121"
"td136","Transport Document","","2.0","","","","","ENTITY","36122"
"td137","Transport Document","","5.0","","","","","ENTITY","36123"
"td138","Transport Document","","2.0","","","","","ENTITY","36124"
"td139","Transport Document","","3.0","","","","","ENTITY","36125"
"td140","Transport Document","","3.0","","","","","ENTITY","36126"
"td141","Transport Document","","4.0","","","","","ENTITY","36127"
"td142","Transport Document","","2.0","","","","","ENTITY","36128"
"td143","Transport Document","","3.0","","","","","ENTITY","36129"
"td144","Transport Document","","2.0","","","","","ENTITY","36130"
"td145","Transport Document","","4.0","","","","","ENTITY","36131"
"td146","Transport Document","","2.0","","","","","ENTITY","36132"
"td147","Transport Document","","5.0","","","","","ENTITY","36133"
"td148","Transport Document","","2.0","","","","","ENTITY","36134"
"td149","Transport Document","","3.0","","","","","ENTITY","36135"
"td150","Transport Document","","4.0","","","","","ENTITY","36136"
"td151","Transport Document","","2.0","","","","","ENTITY","36137"
"td152","Transport Document","","3.0","","","","","ENTITY","36138"
"td153","Transport Document","","3.0","","","","","ENTITY","36139"
"td154","Transport Document","","5.0","","","","","ENTITY","36140"
"td155","Transport Document","","4.0","","","","","ENTITY","36141"
"td156","Transport Document","","1.0","","","","","ENTITY","36142"
"td157","Transport Document","","3.0","","","","","ENTITY","36143"
"td158","Transport Document","","4.0","","","","","ENTITY","36144"
"td159","Transport Document","","2.0","","","","","ENTITY","36145"
"td160","Transport Document","","4.0","","","","","ENTITY","36146"
"td161","Transport Document","","4.0","","","","","ENTITY","36147"
"td162","Transport Document","","5.0","","","","","ENTITY","36148"
"td163","Transport Document","","2.0","","","","","ENTITY","36149"
"td164","Transport Document","","2.0","","","","","ENTITY","36150"
"td165","Transport Document","","2.0","","","","","ENTITY","36151"
"td166","Transport Document","","4.0","","","","","ENTITY","36152"
"td167","Transport Document","","2.0","","","","","ENTITY","36153"
"td168","Transport Document","","2.0","","","","","ENTITY","36154"
"td169","Transport Document","","5.0","","","","","ENTITY","36155"
"td170","Transport Document","","2.0","","","","","ENTITY","36156"
"td171","Transport Document","","4.0","","","","","ENTITY","36157"
"td172","Transport Document","","4.0","","","","","ENTITY","36158"
"td173","Transport Document","","4.0","","","","","ENTITY","36159"
"td174","Transport Document","","4.0","","","","","ENTITY","36160"
"td175","Transport Document","","4.0","","","","","ENTITY","36161"
"td176","Transport Document","","5.0","","","","","ENTITY","36162"
"td177","Transport Document","","3.0","","","","","ENTITY","36163"
"td178","Transport Document","","4.0","","","","","ENTITY","36164"
"td179","Transport Document","","4.0","","","","","ENTITY","36165"
"td180","Transport Document","","2.0","","","","","ENTITY","36166"
"td181","Transport Document","","1.0","","","","","ENTITY","36167"
"td182","Transport Document","","3.0","","","","","ENTITY","36168"
"td183","Transport Document","","5.0","","","","","ENTITY","36169"
"td184","Transport Document","","5.0","","","","","ENTITY","36170"
"td185","Transport Document","","3.0","","","","","ENTITY","36171"
"td186","Transport Document","","2.0","","","","","ENTITY","36172"
"td187","Transport Document","","4.0","","","","","ENTITY","36173"
"td188","Transport Document","","5.0","","","","","ENTITY","36174"
"td189","Transport Document","","3.0","","","","","ENTITY","36175"
"td190","Transport Document","","3.0","","","","","ENTITY","36176"
"td191","Transport Document","","2.0","","","","","ENTITY","36177"
"td192","Transport Document","","5.0","","","","","ENTITY","36178"
"td193","Transport Document","","2.0","","","","","ENTITY","36179"
"td194","Transport Document","","2.0","","","","","ENTITY","36180"
"td195","Transport Document","","2.0","","","","","ENTITY","36181"
"td196","Transport Document","","4.0","","","","","ENTITY","36182"
"td197","Transport Document","","3.0","","","","","ENTITY","36183"
"td198","Transport Document","","3.0","","","","","ENTITY","36184"
"td199","Transport Document","","5.0","","","","","ENTITY","36185"
"td200","Transport Document","","1.0","","","","","ENTITY","36186"
"td201","Transport Document","","2.0","","","","","ENTITY","36187"
"td202","Transport Document","","4.0","","","","","ENTITY","36188"
"td203","Transport Document","","5.0","","","","","ENTITY","36189"
"td204","Transport Document","","5.0","","","","","ENTITY","36190"
"td205","Transport Document","","4.0","","","","","ENTITY","36191"
"td206","Transport Document","","5.0","","","","","ENTITY","36192"
"td207","Transport Document","","3.0","","","","","ENTITY","36193"
"td208","Transport Document","","3.0","","","","","ENTITY","36194"
"td209","Transport Document","","2.0","","","","","ENTITY","36195"
"td210","Transport Document","","4.0","","","","","ENTITY","36196"
"td211","Transport Document","","4.0","","","","","ENTITY","36197"
"td212","Transport Document","","3.0","","","","","ENTITY","36198"
"td213","Transport Document","","2.0","","","","","ENTITY","36199"
"td214","Transport Document","","5.0","","","","","ENTITY","36200"
"td215","Transport Document","","5.0","","","","","ENTITY","36201"
"td216","Transport Document","","2.0","","","","","ENTITY","36202"
"td217","Transport Document","","4.0","","","","","ENTITY","36203"
"td218","Transport Document","","5.0","","","","","ENTITY","36204"
"td219","Transport Document","","4.0","","","","","ENTITY","36205"
"td220","Transport Document","","3.0","","","","","ENTITY","36206"
"td221","Transport Document","","2.0","","","","","ENTITY","36207"
"td222","Transport Document","","4.0","","","","","ENTITY","36208"
"td223","Transport Document","","3.0","","","","","ENTITY","36209"
"td224","Transport Document","","5.0","","","","","ENTITY","36210"
"td225","Transport Document","","5.0","","","","","ENTITY","36211"
"td226","Transport Document","","5.0","","","","","ENTITY","36212"
"td227","Transport Document","","5.0","","","","","ENTITY","36213"
"td228","Transport Document","","5.0","","","","","ENTITY","36214"
"td229","Transport Document","","3.0","","","","","ENTITY","36215"
"td230","Transport Document","","2.0","","","","","ENTITY","36216"
"td231","Transport Document","","3.0","","","","","ENTITY","36217"
"td232","Transport Document","","3.0","","","","","ENTITY","36218"
"td233","Transport Document","","2.0","","","","","ENTITY","36219"
"td234","Transport Document","","1.0","","","","","ENTITY","36220"
"td235","Transport Document","","5.0","","","","","ENTITY","36221"
"td236","Transport Document","","3.0","","","","","ENTITY","36222"
"td237","Transport Document","","4.0","","","","","ENTITY","36223"
"td238","Transport Document","","4.0","","","","","ENTITY","36224"
"td239","Transport Document","","2.0","","","","","ENTITY","36225"
"td240","Transport Document","","2.0","","","","","ENTITY","36226"
"td241","Transport Document","","2.0","","","","","ENTITY","36227"
"td242","Transport Document","","5.0","","","","","ENTITY","36228"
"td243","Transport Document","","5.0","","","","","ENTITY","36229"
"td244","Transport Document","","5.0","","","","","ENTITY","36230"
"td245","Transport Document","","5.0","","","","","ENTITY","36231"
"td246","Transport Document","","3.0","","","","","ENTITY","36232"
"td247","Transport Document","","3.0","","","","","ENTITY","36233"
"td248","Transport Document","","2.0","","","","","ENTITY","36234"
"td249","Transport Document","","5.0","","","","","ENTITY","36235"
"td250","Transport Document","","4.0","","","","","ENTITY","36236"
"td251","Transport Document","","3.0","","","","","ENTITY","36237"
"td252","Transport Document","","2.0","","","","","ENTITY","36238"
"td253","Transport Document","","3.0","","","","","ENTITY","36239"
"td254","Transport Document","","4.0","","","","","ENTITY","36240"
"td255","Transport Document","","5.0","","","","","ENTITY","36241"
"td256","Transport Document","","3.0","","","","","ENTITY","36242"
"td257","Transport Document","","4.0","","","","","ENTITY","36243"
"td258","Transport Document","","3.0","","","","","ENTITY","36244"
"td259","Transport Document","","2.0","","","","","ENTITY","36245"
"td260","Transport Document","","5.0","","","","","ENTITY","36246"
"td261","Transport Document","","5.0","","","","","ENTITY","36247"
"td262","Transport Document","","2.0","","","","","ENTITY","36248"
"td263","Transport Document","","5.0","","","","","ENTITY","36249"
"td264","Transport Document","","4.0","","","","","ENTITY","36250"
"td265","Transport Document","","2.0","","","","","ENTITY","36251"
"td266","Transport Document","","4.0","","","","","ENTITY","36252"
"td267","Transport Document","","2.0","","","","","ENTITY","36253"
"td268","Transport Document","","3.0","","","","","ENTITY","36254"
"td269","Transport Document","","5.0","","","","","ENTITY","36255"
"td270","Transport Document","","3.0","","","","","ENTITY","36256"
"td271","Transport Document","","2.0","","","","","ENTITY","36257"
"td272","Transport Document","","2.0","","","","","ENTITY","36258"
"td273","Transport Document","","2.0","","","","","ENTITY","36259"
"td274","Transport Document","","5.0","","","","","ENTITY","36260"
"td275","Transport Document","","2.0","","","","","ENTITY","36261"
"td276","Transport Document","","2.0","","","","","ENTITY","36262"
"td277","Transport Document","","5.0","","","","","ENTITY","36263"
"td278","Transport Document","","5.0","","","","","ENTITY","36264"
"td279","Transport Document","","4.0","","","","","ENTITY","36265"
"td280","Transport Document","","2.0","","","","","ENTITY","36266"
"td281","Transport Document","","3.0","","","","","ENTITY","36267"
"td282","Transport Document","","2.0","","","","","ENTITY","36268"
"td283","Transport Document","","3.0","","","","","ENTITY","36269"
"td284","Transport Document","","5.0","","","","","ENTITY","36270"
"td285","Transport Document","","4.0","","","","","ENTITY","36271"
"td286","Transport Document","","5.0","","","","","ENTITY","36272"
"td287","Transport Document","","3.0","","","","","ENTITY","36273"
"td288","Transport Document","","5.0","","","","","ENTITY","36274"
"td289","Transport Document","","5.0","","","","","ENTITY","36275"
"td290","Transport Document","","2.0","","","","","ENTITY","36276"
"td291","Transport Document","","4.0","","","","","ENTITY","36277"
"td292","Transport Document","","4.0","","","","","ENTITY","36278"
"td293","Transport Document","","3.0","","","","","ENTITY","36279"
"td294","Transport Document","","3.0","","","","","ENTITY","36280"
"td295","Transport Document","","4.0","","","","","ENTITY","36281"
"td296","Transport Document","","3.0","","","","","ENTITY","36282"
"td297","Transport Document","","3.0","","","","","ENTITY","36283"
"td298","Transport Document","","2.0","","","","","ENTITY","36284"
"td299","Transport Document","","5.0","","","","","ENTITY","36285"
"td300","Transport Document","","5.0","","","","","ENTITY","36286"
"td301","Transport Document","","2.0","","","","","ENTITY","36287"
"td302","Transport Document","","5.0","","","","","ENTITY","36288"
"td303","Transport Document","","3.0","","","","","ENTITY","36289"
"td304","Transport Document","","3.0","","","","","ENTITY","36290"
"td305","Transport Document","","2.0","","","","","ENTITY","36291"
"td306","Transport Document","","2.0","","","","","ENTITY","36292"
"td307","Transport Document","","3.0","","","","","ENTITY","36293"
"td308","Transport Document","","5.0","","","","","ENTITY","36294"
"td309","Transport Document","","2.0","","","","","ENTITY","36295"
"td310","Transport Document","","3.0","","","","","ENTITY","36296"
"td311","Transport Document","","5.0","","","","","ENTITY","36297"
"td312","Transport Document","","2.0","","","","","ENTITY","36298"
"td313","Transport Document","","4.0","","","","","ENTITY","36299"
"td314","Transport Document","","5.0","","","","","ENTITY","36300"
"td315","Transport Document","","5.0","","","","","ENTITY","36301"
"td316","Transport Document","","2.0","","","","","ENTITY","36302"
"td317","Transport Document","","3.0","","","","","ENTITY","36303"
"td318","Transport Document","","4.0","","","","","ENTITY","36304"
"td319","Transport Document","","1.0","","","","","ENTITY","36305"
"td320","Transport Document","","3.0","","","","","ENTITY","36306"
"td321","Transport Document","","3.0","","","","","ENTITY","36307"
"td322","Transport Document","","4.0","","","","","ENTITY","36308"
"td323","Transport Document","","4.0","","","","","ENTITY","36309"
"td324","Transport Document","","5.0","","","","","ENTITY","36310"
"td325","Transport Document","","5.0","","","","","ENTITY","36311"
"td326","Transport Document","","3.0","","","","","ENTITY","36312"
"td327","Transport Document","","2.0","","","","","ENTITY","36313"
"td328","Transport Document","","5.0","","","","","ENTITY","36314"
"td329","Transport Document","","1.0","","","","","ENTITY","36315"
"td330","Transport Document","","5.0","","","","","ENTITY","36316"
"td331","Transport Document","","4.0","","","","","ENTITY","36317"
"td332","Transport Document","","4.0","","","","","ENTITY","36318"
"td333","Transport Document","","5.0","","","","","ENTITY","36319"
"td334","Transport Document","","5.0","","","","","ENTITY","36320"
"td335","Transport Document","","2.0","","","","","ENTITY","36321"
"td336","Transport Document","","3.0","","","","","ENTITY","36322"
"td337","Transport Document","","3.0","","","","","ENTITY","36323"
"td338","Transport Document","","2.0","","","","","ENTITY","36324"
"td339","Transport Document","","4.0","","","","","ENTITY","36325"
"td340","Transport Document","","2.0","","","","","ENTITY","36326"
"td341","Transport Document","","2.0","","","","","ENTITY","36327"
"td342","Transport Document","","2.0","","","","","ENTITY","36328"
"td343","Transport Document","","4.0","","","","","ENTITY","36329"
"td344","Transport Document","","2.0","","","","","ENTITY","36330"
"td345","Transport Document","","4.0","","","","","ENTITY","36331"
"td346","Transport Document","","5.0","","","","","ENTITY","36332"
"td347","Transport Document","","1.0","","","","","ENTITY","36333"
"td348","Transport Document","","3.0","","","","","ENTITY","36334"
"td349","Transport Document","","2.0","","","","","ENTITY","36335"
"td350","Transport Document","","2.0","","","","","ENTITY","36336"
"td351","Transport Document","","3.0","","","","","ENTITY","36337"
"td352","Transport Document","","3.0","","","","","ENTITY","36338"
"td353","Transport Document","","4.0","","","","","ENTITY","36339"
"td354","Transport Document","","5.0","","","","","ENTITY","36340"
"td355","Transport Document","","4.0","","","","","ENTITY","36341"
"td356","Transport Document","","4.0","","","","","ENTITY","36342"
"td357","Transport Document","","2.0","","","","","ENTITY","36343"
"td358","Transport Document","","2.0","","","","","ENTITY","36344"
"td359","Transport Document","","3.0","","","","","ENTITY","36345"
"td360","Transport Document","","3.0","","","","","ENTITY","36346"
"td361","Transport Document","","2.0","","","","","ENTITY","36347"
"td362","Transport Document","","5.0","","","","","ENTITY","36348"
"td363","Transport Document","","3.0","","","","","ENTITY","36349"
"td364","Transport Document","","4.0","","","","","ENTITY","36350"
"td365","Transport Document","","4.0","","","","","ENTITY","36351"
"td366","Transport Document","","4.0","","","","","ENTITY","36352"
"td367","Transport Document","","5.0","","","","","ENTITY","36353"
"td368","Transport Document","","3.0","","","","","ENTITY","36354"
"td369","Transport Document","","5.0","","","","","ENTITY","36355"
"td370","Transport Document","","2.0","","","","","ENTITY","36356"
"td371","Transport Document","","1.0","","","","","ENTITY","36357"
"td372","Transport Document","","5.0","","","","","ENTITY","36358"
"td373","Transport Document","","2.0","","","","","ENTITY","36359"
"td374","Transport Document","","4.0","","","","","ENTITY","36360"
"td375","Transport Document","","3.0","","","","","ENTITY","36361"
"td376","Transport Document","","4.0","","","","","ENTITY","36362"
"td377","Transport Document","","5.0","","","","","ENTITY","36363"
"td378","Transport Document","","3.0","","","","","ENTITY","36364"
"td379","Transport Document","","4.0","","","","","ENTITY","36365"
"td380","Transport Document","","3.0","","","","","ENTITY","36366"
"td381","Transport Document","","5.0","","","","","ENTITY","36367"
"td382","Transport Document","","4.0","","","","","ENTITY","36368"
"td383","Transport Document","","5.0","","","","","ENTITY","36369"
"td384","Transport Document","","2.0","","","","","ENTITY","36370"
"td385","Transport Document","","3.0","","","","","ENTITY","36371"
"td386","Transport Document","","4.0","","","","","ENTITY","36372"
"td387","Transport Document","","1.0","","","","","ENTITY","36373"
"td388","Transport Document","","2.0","","","","","ENTITY","36374"
"td389","Transport Document","","1.0","","","","","ENTITY","36375"
"td390","Transport Document","","4.0","","","","","ENTITY","36376"
"td391","Transport Document","","2.0","","","","","ENTITY","36377"
"td392","Transport Document","","4.0","","","","","ENTITY","36378"
"td393","Transport Document","","4.0","","","","","ENTITY","36379"
"td394","Transport Document","","4.0","","","","","ENTITY","36380"
"td395","Transport Document","","3.0","","","","","ENTITY","36381"
"td396","Transport Document","","3.0","","","","","ENTITY","36382"
"td397","Transport Document","","5.0","","","","","ENTITY","36383"
"td398","Transport Document","","3.0","","","","","ENTITY","36384"
"td399","Transport Document","","5.0","","","","","ENTITY","36385"
"td400","Transport Document","","3.0","","","","","ENTITY","36386"
"td401","Transport Document","","3.0","","","","","ENTITY","36387"
"td402","Transport Document","","5.0","","","","","ENTITY","36388"
"td403","Transport Document","","5.0","","","","","ENTITY","36389"
"td404","Transport Document","","2.0","","","","","ENTITY","36390"
"td405","Transport Document","","4.0","","","","","ENTITY","36391"
"td406","Transport Document","","4.0","","","","","ENTITY","36392"
"td407","Transport Document","","5.0","","","","","ENTITY","36393"
"td408","Transport Document","","4.0","","","","","ENTITY","36394"
"td409","Transport Document","","4.0","","","","","ENTITY","36395"
"td410","Transport Document","","4.0","","","","","ENTITY","36396"
"td411","Transport Document","","5.0","","","","","ENTITY","36397"
"td412","Transport Document","","1.0","","","","","ENTITY","36398"
"td413","Transport Document","","5.0","","","","","ENTITY","36399"
"td414","Transport Document","","2.0","","","","","ENTITY","36400"
"td415","Transport Document","","5.0","","","","","ENTITY","36401"
"td416","Transport Document","","4.0","","","","","ENTITY","36402"
"td417","Transport Document","","4.0","","","","","ENTITY","36403"
"td418","Transport Document","","2.0","","","","","ENTITY","36404"
"td419","Transport Document","","2.0","","","","","ENTITY","36405"
"td420","Transport Document","","3.0","","","","","ENTITY","36406"
"td421","Transport Document","","5.0","","","","","ENTITY","36407"
"td422","Transport Document","","4.0","","","","","ENTITY","36408"
"td423","Transport Document","","4.0","","","","","ENTITY","36409"
"td424","Transport Document","","4.0","","","","","ENTITY","36410"
"td425","Transport Document","","2.0","","","","","ENTITY","36411"
"td426","Transport Document","","3.0","","","","","ENTITY","36412"
"td427","Transport Document","","2.0","","","","","ENTITY","36413"
"td428","Transport Document","","2.0","","","","","ENTITY","36414"
"td429","Transport Document","","5.0","","","","","ENTITY","36415"
"td430","Transport Document","","5.0","","","","","ENTITY","36416"
"td431","Transport Document","","5.0","","","","","ENTITY","36417"
"td432","Transport Document","","3.0","","","","","ENTITY","36418"
"td433","Transport Document","","2.0","","","","","ENTITY","36419"
"td434","Transport Document","","3.0","","","","","ENTITY","36420"
"td435","Transport Document","","2.0","","","","","ENTITY","36421"
"td436","Transport Document","","3.0","","","","","ENTITY","36422"
"td437","Transport Document","","4.0","","","","","ENTITY","36423"
"td438","Transport Document","","4.0","","","","","ENTITY","36424"
"td439","Transport Document","","2.0","","","","","ENTITY","36425"
"td440","Transport Document","","1.0","","","","","ENTITY","36426"
"td441","Transport Document","","5.0","","","","","ENTITY","36427"
"td442","Transport Document","","3.0","","","","","ENTITY","36428"
"td443","Transport Document","","5.0","","","","","ENTITY","36429"
"td444","Transport Document","","3.0","","","","","ENTITY","36430"
"td445","Transport Document","","5.0","","","","","ENTITY","36431"
"td446","Transport Document","","2.0","","","","","ENTITY","36432"
"td447","Transport Document","","4.0","","","","","ENTITY","36433"
"td448","Transport Document","","2.0","","","","","ENTITY","36434"
"td449","Transport Document","","5.0","","","","","ENTITY","36435"
"td450","Transport Document","","3.0","","","","","ENTITY","36436"
"td451","Transport Document","","4.0","","","","","ENTITY","36437"
"td452","Transport Document","","2.0","","","","","ENTITY","36438"
"td453","Transport Document","","2.0","","","","","ENTITY","36439"
"td454","Transport Document","","3.0","","","","","ENTITY","36440"
"td455","Transport Document","","2.0","","","","","ENTITY","36441"
"td456","Transport Document","","1.0","","","","","ENTITY","36442"
"td457","Transport Document","","3.0","","","","","ENTITY","36443"
"td458","Transport Document","","2.0","","","","","ENTITY","36444"
"td459","Transport Document","","5.0","","","","","ENTITY","36445"
"td460","Transport Document","","4.0","","","","","ENTITY","36446"
"td461","Transport Document","","3.0","","","","","ENTITY","36447"
"td462","Transport Document","","2.0","","","","","ENTITY","36448"
"td463","Transport Document","","2.0","","","","","ENTITY","36449"
"td464","Transport Document","","5.0","","","","","ENTITY","36450"
"td465","Transport Document","","5.0","","","","","ENTITY","36451"
"td466","Transport Document","","4.0","","","","","ENTITY","36452"
"td467","Transport Document","","5.0","","","","","ENTITY","36453"
"td468","Transport Document","","2.0","","","","","ENTITY","36454"
"td469","Transport Document","","3.0","","","","","ENTITY","36455"
"td470","Transport Document","","3.0","","","","","ENTITY","36456"
"td471","Transport Document","","3.0","","","","","ENTITY","36457"
"td472","Transport Document","","3.0","","","","","ENTITY","36458"
"td473","Transport Document","","2.0","","","","","ENTITY","36459"
"td474","Transport Document","","5.0","","","","","ENTITY","36460"
"td475","Transport Document","","3.0","","","","","ENTITY","36461"
"td476","Transport Document","","2.0","","","","","ENTITY","36462"
"td477","Transport Document","","1.0","","","","","ENTITY","36463"
"td478","Transport Document","","4.0","","","","","ENTITY","36464"
"td479","Transport Document","","2.0","","","","","ENTITY","36465"
"td480","Transport Document","","3.0","","","","","ENTITY","36466"
"td481","Transport Document","","2.0","","","","","ENTITY","36467"
"td482","Transport Document","","3.0","","","","","ENTITY","36468"
"td483","Transport Document","","2.0","","","","","ENTITY","36469"
"td484","Transport Document","","2.0","","","","","ENTITY","36470"
"td485","Transport Document","","4.0","","","","","ENTITY","36471"
"td486","Transport Document","","5.0","","","","","ENTITY","36472"
"td487","Transport Document","","5.0","","","","","ENTITY","36473"
"td488","Transport Document","","2.0","","","","","ENTITY","36474"
"td489","Transport Document","","5.0","","","","","ENTITY","36475"
"td490","Transport Document","","2.0","","","","","ENTITY","36476"
"td491","Transport Document","","3.0","","","","","ENTITY","36477"
"td492","Transport Document","","1.0","","","","","ENTITY","36478"
"td493","Transport Document","","4.0","","","","","ENTITY","36479"
"td494","Transport Document","","3.0","","","","","ENTITY","36480"
"td495","Transport Document","","4.0","","","","","ENTITY","36481"
"td496","Transport Document","","1.0","","","","","ENTITY","36482"
"td497","Transport Document","","3.0","","","","","ENTITY","36483"
"td498","Transport Document","","2.0","","","","","ENTITY","36484"
"td499","Transport Document","","3.0","","","","","ENTITY","36485"
"td500","Transport Document","","4.0","","","","","ENTITY","36486"
"td501","Transport Document","","3.0","","","","","ENTITY","36487"
"td502","Transport Document","","3.0","","","","","ENTITY","36488"
"td503","Transport Document","","5.0","","","","","ENTITY","36489"
"td504","Transport Document","","2.0","","","","","ENTITY","36490"
"td505","Transport Document","","3.0","","","","","ENTITY","36491"
"td506","Transport Document","","5.0","","","","","ENTITY","36492"
"td507","Transport Document","","5.0","","","","","ENTITY","36493"
"td508","Transport Document","","4.0","","","","","ENTITY","36494"
"td509","Transport Document","","3.0","","","","","ENTITY","36495"
"td510","Transport Document","","3.0","","","","","ENTITY","36496"
"td511","Transport Document","","3.0","","","","","ENTITY","36497"
"td512","Transport Document","","4.0","","","","","ENTITY","36498"
"td513","Transport Document","","4.0","","","","","ENTITY","36499"
"td514","Transport Document","","4.0","","","","","ENTITY","36500"
"td515","Transport Document","","4.0","","","","","ENTITY","36501"
"td516","Transport Document","","3.0","","","","","ENTITY","36502"
"td517","Transport Document","","5.0","","","","","ENTITY","36503"
"td518","Transport Document","","3.0","","","","","ENTITY","36504"
"td519","Transport Document","","5.0","","","","","ENTITY","36505"
"td520","Transport Document","","4.0","","","","","ENTITY","36506"
"td521","Transport Document","","3.0","","","","","ENTITY","36507"
"td522","Transport Document","","3.0","","","","","ENTITY","36508"
"td523","Transport Document","","2.0","","","","","ENTITY","36509"
"td524","Transport Document","","2.0","","","","","ENTITY","36510"
"td525","Transport Document","","4.0","","","","","ENTITY","36511"
"td526","Transport Document","","3.0","","","","","ENTITY","36512"
"td527","Transport Document","","4.0","","","","","ENTITY","36513"
"td528","Transport Document","","3.0","","","","","ENTITY","36514"
"td529","Transport Document","","4.0","","","","","ENTITY","36515"
"td530","Transport Document","","4.0","","","","","ENTITY","36516"
"td531","Transport Document","","5.0","","","","","ENTITY","36517"
"td532","Transport Document","","3.0","","","","","ENTITY","36518"
"td533","Transport Document","","3.0","","","","","ENTITY","36519"
"td534","Transport Document","","5.0","","","","","ENTITY","36520"
"td535","Transport Document","","3.0","","","","","ENTITY","36521"
"td536","Transport Document","","5.0","","","","","ENTITY","36522"
"td537","Transport Document","","4.0","","","","","ENTITY","36523"
"td538","Transport Document","","4.0","","","","","ENTITY","36524"
"td539","Transport Document","","2.0","","","","","ENTITY","36525"
"td540","Transport Document","","2.0","","","","","ENTITY","36526"
"td541","Transport Document","","2.0","","","","","ENTITY","36527"
"td542","Transport Document","","3.0","","","","","ENTITY","36528"
"td543","Transport Document","","3.0","","","","","ENTITY","36529"
"td544","Transport Document","","3.0","","","","","ENTITY","36530"
"td545","Transport Document","","5.0","","","","","ENTITY","36531"
"td546","Transport Document","","5.0","","","","","ENTITY","36532"
"td547","Transport Document","","4.0","","","","","ENTITY","36533"
"td548","Transport Document","","3.0","","","","","ENTITY","36534"
"td549","Transport Document","","3.0","","","","","ENTITY","36535"
"td550","Transport Document","","4.0","","","","","ENTITY","36536"
"td551","Transport Document","","3.0","","","","","ENTITY","36537"
"td552","Transport Document","","2.0","","","","","ENTITY","36538"
"td553","Transport Document","","2.0","","","","","ENTITY","36539"
"td554","Transport Document","","3.0","","","","","ENTITY","36540"
"td555","Transport Document","","4.0","","","","","ENTITY","36541"
"td556","Transport Document","","5.0","","","","","ENTITY","36542"
"td557","Transport Document","","5.0","","","","","ENTITY","36543"
"td558","Transport Document","","5.0","","","","","ENTITY","36544"
"td559","Transport Document","","1.0","","","","","ENTITY","36545"
"td560","Transport Document","","4.0","","","","","ENTITY","36546"
"td561","Transport Document","","5.0","","","","","ENTITY","36547"
"td562","Transport Document","","2.0","","","","","ENTITY","36548"
"td563","Transport Document","","2.0","","","","","ENTITY","36549"
"td564","Transport Document","","4.0","","","","","ENTITY","36550"
"td565","Transport Document","","5.0","","","","","ENTITY","36551"
"td566","Transport Document","","3.0","","","","","ENTITY","36552"
"td567","Transport Document","","5.0","","","","","ENTITY","36553"
"td568","Transport Document","","2.0","","","","","ENTITY","36554"
"td569","Transport Document","","2.0","","","","","ENTITY","36555"
"td570","Transport Document","","3.0","","","","","ENTITY","36556"
"td571","Transport Document","","3.0","","","","","ENTITY","36557"
"td572","Transport Document","","2.0","","","","","ENTITY","36558"
"td573","Transport Document","","3.0","","","","","ENTITY","36559"
"td574","Transport Document","","3.0","","","","","ENTITY","36560"
"td575","Transport Document","","3.0","","","","","ENTITY","36561"
"td576","Transport Document","","2.0","","","","","ENTITY","36562"
"td577","Transport Document","","3.0","","","","","ENTITY","36563"
"td578","Transport Document","","3.0","","","","","ENTITY","36564"
"td579","Transport Document","","3.0","","","","","ENTITY","36565"
"td580","Transport Document","","2.0","","","","","ENTITY","36566"
"td581","Transport Document","","2.0","","","","","ENTITY","36567"
"td582","Transport Document","","5.0","","","","","ENTITY","36568"
"td583","Transport Document","","1.0","","","","","ENTITY","36569"
"td584","Transport Document","","4.0","","","","","ENTITY","36570"
"td585","Transport Document","","5.0","","","","","ENTITY","36571"
"td586","Transport Document","","2.0","","","","","ENTITY","36572"
"td587","Transport Document","","3.0","","","","","ENTITY","36573"
"td588","Transport Document","","3.0","","","","","ENTITY","36574"
"td589","Transport Document","","3.0","","","","","ENTITY","36575"
"td590","Transport Document","","5.0","","","","","ENTITY","36576"
"td591","Transport Document","","4.0","","","","","ENTITY","36577"
"td592","Transport Document","","1.0","","","","","ENTITY","36578"
"td593","Transport Document","","5.0","","","","","ENTITY","36579"
"td594","Transport Document","","2.0","","","","","ENTITY","36580"
"cr2","Container","","","empty","6.0","","","ENTITY","36581"
"cr3","Container","","","empty","6.0","","","ENTITY","36582"
"cr4","Container","","","empty","6.0","","","ENTITY","36583"
"cr7","Container","","","empty","6.0","","","ENTITY","36584"
"cr14","Container","","","empty","6.0","","","ENTITY","36585"
"cr12","Container","","","empty","6.0","","","ENTITY","36586"
"cr15","Container","","","empty","6.0","","","ENTITY","36587"
"cr16","Container","","","empty","4.0","","","ENTITY","36588"
"cr11","Container","","","empty","3.0","","","ENTITY","36589"
"cr10","Container","","","empty","6.0","","","ENTITY","36590"
"cr5","Container","","","empty","2.0","","","ENTITY","36591"
"cr24","Container","","","empty","1.0","","","ENTITY","36592"
"cr1","Container","","","empty","6.0","","","ENTITY","36593"
"cr21","Container","","","empty","6.0","","","ENTITY","36594"
"cr33","Container","","","empty","6.0","","","ENTITY","36595"
"cr28","Container","","","empty","6.0","","","ENTITY","36596"
"cr35","Container","","","empty","6.0","","","ENTITY","36597"
"cr26","Container","","","empty","6.0","","","ENTITY","36598"
"cr29","Container","","","empty","6.0","","","ENTITY","36599"
"cr32","Container","","","empty","6.0","","","ENTITY","36600"
"cr36","Container","","","empty","6.0","","","ENTITY","36601"
"cr34","Container","","","empty","3.0","","","ENTITY","36602"
"cr31","Container","","","empty","6.0","","","ENTITY","36603"
"cr38","Container","","","empty","6.0","","","ENTITY","36604"
"cr23","Container","","","empty","6.0","","","ENTITY","36605"
"cr25","Container","","","empty","6.0","","","ENTITY","36606"
"cr22","Container","","","empty","6.0","","","ENTITY","36607"
"cr45","Container","","","empty","4.0","","","ENTITY","36608"
"cr6","Container","","","empty","6.0","","","ENTITY","36609"
"cr13","Container","","","empty","6.0","","","ENTITY","36610"
"cr42","Container","","","empty","6.0","","","ENTITY","36611"
"cr9","Container","","","empty","6.0","","","ENTITY","36612"
"cr20","Container","","","empty","2.0","","","ENTITY","36613"
"cr19","Container","","","empty","6.0","","","ENTITY","36614"
"cr47","Container","","","empty","6.0","","","ENTITY","36615"
"cr48","Container","","","empty","6.0","","","ENTITY","36616"
"cr27","Container","","","empty","1.0","","","ENTITY","36617"
"cr18","Container","","","empty","6.0","","","ENTITY","36618"
"cr46","Container","","","empty","6.0","","","ENTITY","36619"
"cr49","Container","","","empty","4.0","","","ENTITY","36620"
"cr56","Container","","","empty","6.0","","","ENTITY","36621"
"cr39","Container","","","empty","3.0","","","ENTITY","36622"
"cr17","Container","","","empty","6.0","","","ENTITY","36623"
"cr40","Container","","","empty","6.0","","","ENTITY","36624"
"cr53","Container","","","empty","6.0","","","ENTITY","36625"
"cr58","Container","","","empty","6.0","","","ENTITY","36626"
"cr61","Container","","","empty","6.0","","","ENTITY","36627"
"cr8","Container","","","empty","1.0","","","ENTITY","36628"
"cr41","Container","","","empty","4.0","","","ENTITY","36629"
"cr51","Container","","","empty","6.0","","","ENTITY","36630"
"cr71","Container","","","empty","2.0","","","ENTITY","36631"
"cr37","Container","","","empty","6.0","","","ENTITY","36632"
"cr67","Container","","","empty","4.0","","","ENTITY","36633"
"cr50","Container","","","empty","6.0","","","ENTITY","36634"
"cr60","Container","","","empty","6.0","","","ENTITY","36635"
"cr79","Container","","","empty","6.0","","","ENTITY","36636"
"cr75","Container","","","empty","4.0","","","ENTITY","36637"
"cr54","Container","","","empty","6.0","","","ENTITY","36638"
"cr66","Container","","","empty","6.0","","","ENTITY","36639"
"cr72","Container","","","empty","6.0","","","ENTITY","36640"
"cr65","Container","","","empty","6.0","","","ENTITY","36641"
"cr68","Container","","","empty","6.0","","","ENTITY","36642"
"cr81","Container","","","empty","1.0","","","ENTITY","36643"
"cr52","Container","","","empty","5.0","","","ENTITY","36644"
"cr93","Container","","","empty","6.0","","","ENTITY","36645"
"cr90","Container","","","empty","6.0","","","ENTITY","36646"
"cr73","Container","","","empty","6.0","","","ENTITY","36647"
"cr86","Container","","","empty","6.0","","","ENTITY","36648"
"cr87","Container","","","empty","6.0","","","ENTITY","36649"
"cr98","Container","","","empty","3.0","","","ENTITY","36650"
"cr97","Container","","","empty","6.0","","","ENTITY","36651"
"cr77","Container","","","empty","4.0","","","ENTITY","36652"
"cr43","Container","","","empty","6.0","","","ENTITY","36653"
"cr59","Container","","","empty","6.0","","","ENTITY","36654"
"cr64","Container","","","empty","6.0","","","ENTITY","36655"
"cr95","Container","","","empty","6.0","","","ENTITY","36656"
"cr74","Container","","","empty","6.0","","","ENTITY","36657"
"cr63","Container","","","empty","1.0","","","ENTITY","36658"
"cr78","Container","","","empty","6.0","","","ENTITY","36659"
"cr88","Container","","","empty","2.0","","","ENTITY","36660"
"cr76","Container","","","empty","6.0","","","ENTITY","36661"
"cr100","Container","","","empty","6.0","","","ENTITY","36662"
"cr82","Container","","","empty","6.0","","","ENTITY","36663"
"cr92","Container","","","empty","6.0","","","ENTITY","36664"
"cr91","Container","","","empty","6.0","","","ENTITY","36665"
"cr102","Container","","","empty","6.0","","","ENTITY","36666"
"cr94","Container","","","empty","6.0","","","ENTITY","36667"
"cr44","Container","","","empty","6.0","","","ENTITY","36668"
"cr62","Container","","","empty","6.0","","","ENTITY","36669"
"cr105","Container","","","empty","6.0","","","ENTITY","36670"
"cr55","Container","","","empty","6.0","","","ENTITY","36671"
"cr96","Container","","","empty","6.0","","","ENTITY","36672"
"cr101","Container","","","empty","3.0","","","ENTITY","36673"
"cr85","Container","","","empty","6.0","","","ENTITY","36674"
"cr99","Container","","","empty","6.0","","","ENTITY","36675"
"cr103","Container","","","empty","6.0","","","ENTITY","36676"
"cr84","Container","","","empty","6.0","","","ENTITY","36677"
"cr111","Container","","","empty","3.0","","","ENTITY","36678"
"cr69","Container","","","empty","6.0","","","ENTITY","36679"
"cr80","Container","","","empty","6.0","","","ENTITY","36680"
"cr106","Container","","","empty","6.0","","","ENTITY","36681"
"cr104","Container","","","empty","6.0","","","ENTITY","36682"
"cr108","Container","","","empty","6.0","","","ENTITY","36683"
"cr110","Container","","","empty","6.0","","","ENTITY","36684"
"cr109","Container","","","empty","6.0","","","ENTITY","36685"
"cr30","Container","","","empty","5.0","","","ENTITY","36686"
"cr107","Container","","","empty","6.0","","","ENTITY","36687"
"cr83","Container","","","empty","6.0","","","ENTITY","36688"
"cr116","Container","","","empty","3.0","","","ENTITY","36689"
"cr57","Container","","","empty","6.0","","","ENTITY","36690"
"cr112","Container","","","empty","6.0","","","ENTITY","36691"
"cr115","Container","","","empty","6.0","","","ENTITY","36692"
"cr123","Container","","","empty","1.0","","","ENTITY","36693"
"cr122","Container","","","empty","6.0","","","ENTITY","36694"
"cr127","Container","","","empty","5.0","","","ENTITY","36695"
"cr114","Container","","","empty","1.0","","","ENTITY","36696"
"cr125","Container","","","empty","6.0","","","ENTITY","36697"
"cr136","Container","","","empty","6.0","","","ENTITY","36698"
"cr133","Container","","","empty","6.0","","","ENTITY","36699"
"cr70","Container","","","empty","6.0","","","ENTITY","36700"
"cr134","Container","","","empty","6.0","","","ENTITY","36701"
"cr132","Container","","","empty","6.0","","","ENTITY","36702"
"cr135","Container","","","empty","2.0","","","ENTITY","36703"
"cr138","Container","","","empty","6.0","","","ENTITY","36704"
"cr113","Container","","","empty","6.0","","","ENTITY","36705"
"cr118","Container","","","empty","6.0","","","ENTITY","36706"
"cr89","Container","","","empty","6.0","","","ENTITY","36707"
"cr117","Container","","","empty","6.0","","","ENTITY","36708"
"cr139","Container","","","empty","6.0","","","ENTITY","36709"
"cr128","Container","","","empty","6.0","","","ENTITY","36710"
"cr121","Container","","","empty","5.0","","","ENTITY","36711"
"cr131","Container","","","empty","6.0","","","ENTITY","36712"
"cr142","Container","","","empty","6.0","","","ENTITY","36713"
"cr146","Container","","","empty","6.0","","","ENTITY","36714"
"cr149","Container","","","empty","3.0","","","ENTITY","36715"
"cr137","Container","","","empty","6.0","","","ENTITY","36716"
"cr152","Container","","","empty","6.0","","","ENTITY","36717"
"cr150","Container","","","empty","6.0","","","ENTITY","36718"
"cr154","Container","","","empty","6.0","","","ENTITY","36719"
"cr120","Container","","","empty","6.0","","","ENTITY","36720"
"cr147","Container","","","empty","2.0","","","ENTITY","36721"
"cr155","Container","","","empty","6.0","","","ENTITY","36722"
"cr159","Container","","","empty","3.0","","","ENTITY","36723"
"cr163","Container","","","empty","6.0","","","ENTITY","36724"
"cr148","Container","","","empty","6.0","","","ENTITY","36725"
"cr157","Container","","","empty","6.0","","","ENTITY","36726"
"cr151","Container","","","empty","6.0","","","ENTITY","36727"
"cr158","Container","","","empty","6.0","","","ENTITY","36728"
"cr156","Container","","","empty","6.0","","","ENTITY","36729"
"cr153","Container","","","empty","6.0","","","ENTITY","36730"
"cr161","Container","","","empty","6.0","","","ENTITY","36731"
"cr119","Container","","","empty","6.0","","","ENTITY","36732"
"cr171","Container","","","empty","6.0","","","ENTITY","36733"
"cr178","Container","","","empty","3.0","","","ENTITY","36734"
"cr170","Container","","","empty","6.0","","","ENTITY","36735"
"cr166","Container","","","empty","6.0","","","ENTITY","36736"
"cr172","Container","","","empty","3.0","","","ENTITY","36737"
"cr160","Container","","","empty","6.0","","","ENTITY","36738"
"cr130","Container","","","empty","6.0","","","ENTITY","36739"
"cr164","Container","","","empty","2.0","","","ENTITY","36740"
"cr144","Container","","","empty","4.0","","","ENTITY","36741"
"cr145","Container","","","empty","6.0","","","ENTITY","36742"
"cr129","Container","","","empty","6.0","","","ENTITY","36743"
"cr165","Container","","","empty","6.0","","","ENTITY","36744"
"cr169","Container","","","empty","4.0","","","ENTITY","36745"
"cr174","Container","","","empty","6.0","","","ENTITY","36746"
"cr179","Container","","","empty","6.0","","","ENTITY","36747"
"cr140","Container","","","empty","6.0","","","ENTITY","36748"
"cr184","Container","","","empty","6.0","","","ENTITY","36749"
"cr183","Container","","","empty","2.0","","","ENTITY","36750"
"cr181","Container","","","empty","6.0","","","ENTITY","36751"
"cr182","Container","","","empty","6.0","","","ENTITY","36752"
"cr180","Container","","","empty","6.0","","","ENTITY","36753"
"cr162","Container","","","empty","6.0","","","ENTITY","36754"
"cr186","Container","","","empty","5.0","","","ENTITY","36755"
"cr168","Container","","","empty","6.0","","","ENTITY","36756"
"cr173","Container","","","empty","6.0","","","ENTITY","36757"
"cr141","Container","","","empty","2.0","","","ENTITY","36758"
"cr167","Container","","","empty","6.0","","","ENTITY","36759"
"cr201","Container","","","empty","6.0","","","ENTITY","36760"
"cr195","Container","","","empty","6.0","","","ENTITY","36761"
"cr175","Container","","","empty","4.0","","","ENTITY","36762"
"cr124","Container","","","empty","6.0","","","ENTITY","36763"
"cr203","Container","","","empty","2.0","","","ENTITY","36764"
"cr191","Container","","","empty","6.0","","","ENTITY","36765"
"cr200","Container","","","empty","6.0","","","ENTITY","36766"
"cr189","Container","","","empty","1.0","","","ENTITY","36767"
"cr193","Container","","","empty","6.0","","","ENTITY","36768"
"cr126","Container","","","empty","6.0","","","ENTITY","36769"
"cr208","Container","","","empty","6.0","","","ENTITY","36770"
"cr176","Container","","","empty","6.0","","","ENTITY","36771"
"cr177","Container","","","empty","6.0","","","ENTITY","36772"
"cr196","Container","","","empty","6.0","","","ENTITY","36773"
"cr199","Container","","","empty","6.0","","","ENTITY","36774"
"cr205","Container","","","empty","6.0","","","ENTITY","36775"
"cr143","Container","","","empty","6.0","","","ENTITY","36776"
"cr194","Container","","","empty","3.0","","","ENTITY","36777"
"cr204","Container","","","empty","6.0","","","ENTITY","36778"
"cr207","Container","","","empty","6.0","","","ENTITY","36779"
"cr187","Container","","","empty","6.0","","","ENTITY","36780"
"cr202","Container","","","empty","6.0","","","ENTITY","36781"
"cr192","Container","","","empty","6.0","","","ENTITY","36782"
"cr188","Container","","","empty","6.0","","","ENTITY","36783"
"cr206","Container","","","empty","6.0","","","ENTITY","36784"
"cr198","Container","","","empty","2.0","","","ENTITY","36785"
"cr211","Container","","","empty","6.0","","","ENTITY","36786"
"cr210","Container","","","empty","1.0","","","ENTITY","36787"
"cr215","Container","","","empty","6.0","","","ENTITY","36788"
"cr216","Container","","","empty","6.0","","","ENTITY","36789"
"cr217","Container","","","empty","1.0","","","ENTITY","36790"
"cr228","Container","","","empty","6.0","","","ENTITY","36791"
"cr213","Container","","","empty","6.0","","","ENTITY","36792"
"cr212","Container","","","empty","6.0","","","ENTITY","36793"
"cr197","Container","","","empty","6.0","","","ENTITY","36794"
"cr233","Container","","","empty","6.0","","","ENTITY","36795"
"cr218","Container","","","empty","6.0","","","ENTITY","36796"
"cr185","Container","","","empty","6.0","","","ENTITY","36797"
"cr226","Container","","","empty","6.0","","","ENTITY","36798"
"cr209","Container","","","empty","6.0","","","ENTITY","36799"
"cr229","Container","","","empty","6.0","","","ENTITY","36800"
"cr230","Container","","","empty","2.0","","","ENTITY","36801"
"cr225","Container","","","empty","6.0","","","ENTITY","36802"
"cr221","Container","","","empty","6.0","","","ENTITY","36803"
"cr214","Container","","","empty","6.0","","","ENTITY","36804"
"cr242","Container","","","empty","4.0","","","ENTITY","36805"
"cr241","Container","","","empty","6.0","","","ENTITY","36806"
"cr250","Container","","","empty","5.0","","","ENTITY","36807"
"cr223","Container","","","empty","6.0","","","ENTITY","36808"
"cr236","Container","","","empty","6.0","","","ENTITY","36809"
"cr251","Container","","","empty","6.0","","","ENTITY","36810"
"cr232","Container","","","empty","6.0","","","ENTITY","36811"
"cr234","Container","","","empty","6.0","","","ENTITY","36812"
"cr258","Container","","","empty","6.0","","","ENTITY","36813"
"cr248","Container","","","empty","6.0","","","ENTITY","36814"
"cr190","Container","","","empty","6.0","","","ENTITY","36815"
"cr222","Container","","","empty","5.0","","","ENTITY","36816"
"cr227","Container","","","empty","3.0","","","ENTITY","36817"
"cr272","Container","","","empty","5.0","","","ENTITY","36818"
"cr253","Container","","","empty","4.0","","","ENTITY","36819"
"cr262","Container","","","empty","6.0","","","ENTITY","36820"
"cr245","Container","","","empty","3.0","","","ENTITY","36821"
"cr276","Container","","","empty","6.0","","","ENTITY","36822"
"cr220","Container","","","empty","6.0","","","ENTITY","36823"
"cr243","Container","","","empty","6.0","","","ENTITY","36824"
"cr244","Container","","","empty","6.0","","","ENTITY","36825"
"cr281","Container","","","empty","5.0","","","ENTITY","36826"
"cr271","Container","","","empty","6.0","","","ENTITY","36827"
"cr275","Container","","","empty","4.0","","","ENTITY","36828"
"cr279","Container","","","empty","6.0","","","ENTITY","36829"
"cr224","Container","","","empty","6.0","","","ENTITY","36830"
"cr270","Container","","","empty","6.0","","","ENTITY","36831"
"cr252","Container","","","empty","6.0","","","ENTITY","36832"
"cr264","Container","","","empty","6.0","","","ENTITY","36833"
"cr237","Container","","","empty","5.0","","","ENTITY","36834"
"cr266","Container","","","empty","6.0","","","ENTITY","36835"
"cr238","Container","","","empty","6.0","","","ENTITY","36836"
"cr254","Container","","","empty","6.0","","","ENTITY","36837"
"cr260","Container","","","empty","3.0","","","ENTITY","36838"
"cr263","Container","","","empty","6.0","","","ENTITY","36839"
"cr284","Container","","","empty","6.0","","","ENTITY","36840"
"cr255","Container","","","empty","6.0","","","ENTITY","36841"
"cr274","Container","","","empty","6.0","","","ENTITY","36842"
"cr257","Container","","","empty","6.0","","","ENTITY","36843"
"cr277","Container","","","empty","5.0","","","ENTITY","36844"
"cr256","Container","","","empty","6.0","","","ENTITY","36845"
"cr231","Container","","","empty","6.0","","","ENTITY","36846"
"cr268","Container","","","empty","1.0","","","ENTITY","36847"
"cr269","Container","","","empty","6.0","","","ENTITY","36848"
"cr280","Container","","","empty","6.0","","","ENTITY","36849"
"cr235","Container","","","empty","6.0","","","ENTITY","36850"
"cr291","Container","","","empty","6.0","","","ENTITY","36851"
"cr295","Container","","","empty","6.0","","","ENTITY","36852"
"cr261","Container","","","empty","6.0","","","ENTITY","36853"
"cr249","Container","","","empty","6.0","","","ENTITY","36854"
"cr285","Container","","","empty","6.0","","","ENTITY","36855"
"cr293","Container","","","empty","1.0","","","ENTITY","36856"
"cr286","Container","","","empty","2.0","","","ENTITY","36857"
"cr265","Container","","","empty","5.0","","","ENTITY","36858"
"cr299","Container","","","empty","6.0","","","ENTITY","36859"
"cr301","Container","","","empty","2.0","","","ENTITY","36860"
"cr288","Container","","","empty","6.0","","","ENTITY","36861"
"cr296","Container","","","empty","6.0","","","ENTITY","36862"
"cr273","Container","","","empty","6.0","","","ENTITY","36863"
"cr297","Container","","","empty","3.0","","","ENTITY","36864"
"cr300","Container","","","empty","6.0","","","ENTITY","36865"
"cr304","Container","","","empty","6.0","","","ENTITY","36866"
"cr308","Container","","","empty","6.0","","","ENTITY","36867"
"cr294","Container","","","empty","6.0","","","ENTITY","36868"
"cr287","Container","","","empty","6.0","","","ENTITY","36869"
"cr283","Container","","","empty","6.0","","","ENTITY","36870"
"cr246","Container","","","empty","6.0","","","ENTITY","36871"
"cr292","Container","","","empty","6.0","","","ENTITY","36872"
"cr313","Container","","","empty","6.0","","","ENTITY","36873"
"cr219","Container","","","empty","6.0","","","ENTITY","36874"
"cr306","Container","","","empty","6.0","","","ENTITY","36875"
"cr309","Container","","","empty","4.0","","","ENTITY","36876"
"cr311","Container","","","empty","4.0","","","ENTITY","36877"
"cr267","Container","","","empty","6.0","","","ENTITY","36878"
"cr319","Container","","","empty","6.0","","","ENTITY","36879"
"cr321","Container","","","empty","3.0","","","ENTITY","36880"
"cr310","Container","","","empty","6.0","","","ENTITY","36881"
"cr312","Container","","","empty","6.0","","","ENTITY","36882"
"cr240","Container","","","empty","6.0","","","ENTITY","36883"
"cr282","Container","","","empty","6.0","","","ENTITY","36884"
"cr278","Container","","","empty","6.0","","","ENTITY","36885"
"cr315","Container","","","empty","6.0","","","ENTITY","36886"
"cr302","Container","","","empty","6.0","","","ENTITY","36887"
"cr259","Container","","","empty","6.0","","","ENTITY","36888"
"cr318","Container","","","empty","6.0","","","ENTITY","36889"
"cr247","Container","","","empty","6.0","","","ENTITY","36890"
"cr328","Container","","","empty","6.0","","","ENTITY","36891"
"cr317","Container","","","empty","6.0","","","ENTITY","36892"
"cr337","Container","","","empty","6.0","","","ENTITY","36893"
"cr305","Container","","","empty","6.0","","","ENTITY","36894"
"cr345","Container","","","empty","1.0","","","ENTITY","36895"
"cr290","Container","","","empty","1.0","","","ENTITY","36896"
"cr331","Container","","","empty","5.0","","","ENTITY","36897"
"cr329","Container","","","empty","6.0","","","ENTITY","36898"
"cr320","Container","","","empty","6.0","","","ENTITY","36899"
"cr298","Container","","","empty","6.0","","","ENTITY","36900"
"cr346","Container","","","empty","6.0","","","ENTITY","36901"
"cr352","Container","","","empty","6.0","","","ENTITY","36902"
"cr330","Container","","","empty","6.0","","","ENTITY","36903"
"cr239","Container","","","empty","6.0","","","ENTITY","36904"
"cr307","Container","","","empty","6.0","","","ENTITY","36905"
"cr327","Container","","","empty","6.0","","","ENTITY","36906"
"cr339","Container","","","empty","1.0","","","ENTITY","36907"
"cr324","Container","","","empty","6.0","","","ENTITY","36908"
"cr336","Container","","","empty","6.0","","","ENTITY","36909"
"cr360","Container","","","empty","6.0","","","ENTITY","36910"
"cr353","Container","","","empty","6.0","","","ENTITY","36911"
"cr349","Container","","","empty","6.0","","","ENTITY","36912"
"cr338","Container","","","empty","6.0","","","ENTITY","36913"
"cr344","Container","","","empty","6.0","","","ENTITY","36914"
"cr326","Container","","","empty","4.0","","","ENTITY","36915"
"cr333","Container","","","empty","6.0","","","ENTITY","36916"
"cr343","Container","","","empty","6.0","","","ENTITY","36917"
"cr365","Container","","","empty","6.0","","","ENTITY","36918"
"cr289","Container","","","empty","6.0","","","ENTITY","36919"
"cr367","Container","","","empty","6.0","","","ENTITY","36920"
"cr347","Container","","","empty","6.0","","","ENTITY","36921"
"cr341","Container","","","empty","6.0","","","ENTITY","36922"
"cr366","Container","","","empty","6.0","","","ENTITY","36923"
"cr355","Container","","","empty","3.0","","","ENTITY","36924"
"cr374","Container","","","empty","1.0","","","ENTITY","36925"
"cr335","Container","","","empty","6.0","","","ENTITY","36926"
"cr348","Container","","","empty","3.0","","","ENTITY","36927"
"cr323","Container","","","empty","6.0","","","ENTITY","36928"
"cr332","Container","","","empty","6.0","","","ENTITY","36929"
"cr392","Container","","","empty","2.0","","","ENTITY","36930"
"cr363","Container","","","empty","6.0","","","ENTITY","36931"
"cr380","Container","","","empty","6.0","","","ENTITY","36932"
"cr370","Container","","","empty","6.0","","","ENTITY","36933"
"cr368","Container","","","empty","6.0","","","ENTITY","36934"
"cr358","Container","","","empty","6.0","","","ENTITY","36935"
"cr361","Container","","","empty","6.0","","","ENTITY","36936"
"cr373","Container","","","empty","6.0","","","ENTITY","36937"
"cr383","Container","","","empty","6.0","","","ENTITY","36938"
"cr322","Container","","","empty","6.0","","","ENTITY","36939"
"cr377","Container","","","empty","6.0","","","ENTITY","36940"
"cr354","Container","","","empty","6.0","","","ENTITY","36941"
"cr316","Container","","","empty","3.0","","","ENTITY","36942"
"cr388","Container","","","empty","6.0","","","ENTITY","36943"
"cr391","Container","","","empty","6.0","","","ENTITY","36944"
"cr325","Container","","","empty","6.0","","","ENTITY","36945"
"cr401","Container","","","empty","6.0","","","ENTITY","36946"
"cr340","Container","","","empty","6.0","","","ENTITY","36947"
"cr396","Container","","","empty","6.0","","","ENTITY","36948"
"cr384","Container","","","empty","6.0","","","ENTITY","36949"
"cr398","Container","","","empty","6.0","","","ENTITY","36950"
"cr381","Container","","","empty","5.0","","","ENTITY","36951"
"cr390","Container","","","empty","5.0","","","ENTITY","36952"
"cr379","Container","","","empty","6.0","","","ENTITY","36953"
"cr389","Container","","","empty","6.0","","","ENTITY","36954"
"cr387","Container","","","empty","6.0","","","ENTITY","36955"
"cr359","Container","","","empty","6.0","","","ENTITY","36956"
"cr342","Container","","","empty","6.0","","","ENTITY","36957"
"cr399","Container","","","empty","2.0","","","ENTITY","36958"
"cr378","Container","","","empty","3.0","","","ENTITY","36959"
"cr385","Container","","","empty","6.0","","","ENTITY","36960"
"cr371","Container","","","empty","6.0","","","ENTITY","36961"
"cr402","Container","","","empty","2.0","","","ENTITY","36962"
"cr350","Container","","","empty","6.0","","","ENTITY","36963"
"cr372","Container","","","empty","6.0","","","ENTITY","36964"
"cr362","Container","","","empty","6.0","","","ENTITY","36965"
"cr386","Container","","","empty","6.0","","","ENTITY","36966"
"cr369","Container","","","empty","6.0","","","ENTITY","36967"
"cr405","Container","","","empty","6.0","","","ENTITY","36968"
"cr412","Container","","","empty","6.0","","","ENTITY","36969"
"cr314","Container","","","empty","6.0","","","ENTITY","36970"
"cr303","Container","","","empty","6.0","","","ENTITY","36971"
"cr376","Container","","","empty","6.0","","","ENTITY","36972"
"cr420","Container","","","empty","6.0","","","ENTITY","36973"
"cr419","Container","","","empty","6.0","","","ENTITY","36974"
"cr417","Container","","","empty","6.0","","","ENTITY","36975"
"cr411","Container","","","empty","6.0","","","ENTITY","36976"
"cr382","Container","","","empty","6.0","","","ENTITY","36977"
"cr351","Container","","","empty","1.0","","","ENTITY","36978"
"cr406","Container","","","empty","5.0","","","ENTITY","36979"
"cr423","Container","","","empty","6.0","","","ENTITY","36980"
"cr403","Container","","","empty","6.0","","","ENTITY","36981"
"cr425","Container","","","empty","6.0","","","ENTITY","36982"
"cr410","Container","","","empty","6.0","","","ENTITY","36983"
"cr356","Container","","","empty","6.0","","","ENTITY","36984"
"cr430","Container","","","empty","6.0","","","ENTITY","36985"
"cr397","Container","","","empty","1.0","","","ENTITY","36986"
"cr414","Container","","","empty","6.0","","","ENTITY","36987"
"cr375","Container","","","empty","6.0","","","ENTITY","36988"
"cr413","Container","","","empty","6.0","","","ENTITY","36989"
"cr443","Container","","","empty","3.0","","","ENTITY","36990"
"cr427","Container","","","empty","5.0","","","ENTITY","36991"
"cr415","Container","","","empty","6.0","","","ENTITY","36992"
"cr438","Container","","","empty","6.0","","","ENTITY","36993"
"cr440","Container","","","empty","6.0","","","ENTITY","36994"
"cr431","Container","","","empty","6.0","","","ENTITY","36995"
"cr433","Container","","","empty","6.0","","","ENTITY","36996"
"cr393","Container","","","empty","6.0","","","ENTITY","36997"
"cr334","Container","","","empty","6.0","","","ENTITY","36998"
"cr439","Container","","","empty","1.0","","","ENTITY","36999"
"cr400","Container","","","empty","6.0","","","ENTITY","37000"
"cr448","Container","","","empty","1.0","","","ENTITY","37001"
"cr455","Container","","","empty","2.0","","","ENTITY","37002"
"cr409","Container","","","empty","6.0","","","ENTITY","37003"
"cr437","Container","","","empty","6.0","","","ENTITY","37004"
"cr429","Container","","","empty","1.0","","","ENTITY","37005"
"cr447","Container","","","empty","6.0","","","ENTITY","37006"
"cr471","Container","","","empty","6.0","","","ENTITY","37007"
"cr434","Container","","","empty","2.0","","","ENTITY","37008"
"cr452","Container","","","empty","6.0","","","ENTITY","37009"
"cr407","Container","","","empty","6.0","","","ENTITY","37010"
"cr461","Container","","","empty","6.0","","","ENTITY","37011"
"cr453","Container","","","empty","6.0","","","ENTITY","37012"
"cr357","Container","","","empty","6.0","","","ENTITY","37013"
"cr436","Container","","","empty","6.0","","","ENTITY","37014"
"cr432","Container","","","empty","6.0","","","ENTITY","37015"
"cr428","Container","","","empty","6.0","","","ENTITY","37016"
"cr449","Container","","","empty","6.0","","","ENTITY","37017"
"cr416","Container","","","empty","3.0","","","ENTITY","37018"
"cr451","Container","","","empty","4.0","","","ENTITY","37019"
"cr444","Container","","","empty","6.0","","","ENTITY","37020"
"cr482","Container","","","empty","6.0","","","ENTITY","37021"
"cr454","Container","","","empty","6.0","","","ENTITY","37022"
"cr424","Container","","","empty","6.0","","","ENTITY","37023"
"cr468","Container","","","empty","3.0","","","ENTITY","37024"
"cr484","Container","","","empty","6.0","","","ENTITY","37025"
"cr465","Container","","","empty","6.0","","","ENTITY","37026"
"cr459","Container","","","empty","6.0","","","ENTITY","37027"
"cr478","Container","","","empty","6.0","","","ENTITY","37028"
"cr364","Container","","","empty","6.0","","","ENTITY","37029"
"cr418","Container","","","empty","6.0","","","ENTITY","37030"
"cr442","Container","","","empty","6.0","","","ENTITY","37031"
"cr441","Container","","","empty","6.0","","","ENTITY","37032"
"cr422","Container","","","empty","1.0","","","ENTITY","37033"
"cr404","Container","","","empty","6.0","","","ENTITY","37034"
"cr480","Container","","","empty","5.0","","","ENTITY","37035"
"cr464","Container","","","empty","6.0","","","ENTITY","37036"
"cr470","Container","","","empty","5.0","","","ENTITY","37037"
"cr421","Container","","","empty","6.0","","","ENTITY","37038"
"cr450","Container","","","empty","6.0","","","ENTITY","37039"
"cr426","Container","","","empty","6.0","","","ENTITY","37040"
"cr408","Container","","","empty","6.0","","","ENTITY","37041"
"cr469","Container","","","empty","6.0","","","ENTITY","37042"
"cr394","Container","","","empty","6.0","","","ENTITY","37043"
"cr395","Container","","","empty","6.0","","","ENTITY","37044"
"cr483","Container","","","empty","6.0","","","ENTITY","37045"
"cr491","Container","","","empty","2.0","","","ENTITY","37046"
"cr477","Container","","","empty","1.0","","","ENTITY","37047"
"cr476","Container","","","empty","6.0","","","ENTITY","37048"
"cr474","Container","","","empty","6.0","","","ENTITY","37049"
"cr490","Container","","","empty","6.0","","","ENTITY","37050"
"cr501","Container","","","empty","3.0","","","ENTITY","37051"
"cr498","Container","","","empty","3.0","","","ENTITY","37052"
"cr475","Container","","","empty","6.0","","","ENTITY","37053"
"cr497","Container","","","empty","6.0","","","ENTITY","37054"
"cr460","Container","","","empty","3.0","","","ENTITY","37055"
"cr456","Container","","","empty","6.0","","","ENTITY","37056"
"cr458","Container","","","empty","6.0","","","ENTITY","37057"
"cr473","Container","","","empty","5.0","","","ENTITY","37058"
"cr485","Container","","","empty","4.0","","","ENTITY","37059"
"cr446","Container","","","empty","6.0","","","ENTITY","37060"
"cr463","Container","","","empty","3.0","","","ENTITY","37061"
"cr457","Container","","","empty","6.0","","","ENTITY","37062"
"cr488","Container","","","empty","6.0","","","ENTITY","37063"
"cr481","Container","","","empty","6.0","","","ENTITY","37064"
"cr499","Container","","","empty","6.0","","","ENTITY","37065"
"cr435","Container","","","empty","6.0","","","ENTITY","37066"
"cr479","Container","","","empty","6.0","","","ENTITY","37067"
"cr503","Container","","","empty","6.0","","","ENTITY","37068"
"cr493","Container","","","empty","6.0","","","ENTITY","37069"
"cr507","Container","","","empty","6.0","","","ENTITY","37070"
"cr495","Container","","","empty","6.0","","","ENTITY","37071"
"cr519","Container","","","empty","6.0","","","ENTITY","37072"
"cr517","Container","","","empty","6.0","","","ENTITY","37073"
"cr518","Container","","","empty","6.0","","","ENTITY","37074"
"cr466","Container","","","empty","6.0","","","ENTITY","37075"
"cr505","Container","","","empty","6.0","","","ENTITY","37076"
"cr494","Container","","","empty","6.0","","","ENTITY","37077"
"cr521","Container","","","empty","1.0","","","ENTITY","37078"
"cr526","Container","","","empty","4.0","","","ENTITY","37079"
"cr530","Container","","","empty","6.0","","","ENTITY","37080"
"cr532","Container","","","empty","6.0","","","ENTITY","37081"
"cr492","Container","","","empty","6.0","","","ENTITY","37082"
"cr520","Container","","","empty","6.0","","","ENTITY","37083"
"cr504","Container","","","empty","1.0","","","ENTITY","37084"
"cr512","Container","","","empty","6.0","","","ENTITY","37085"
"cr524","Container","","","empty","6.0","","","ENTITY","37086"
"cr535","Container","","","empty","3.0","","","ENTITY","37087"
"cr506","Container","","","empty","6.0","","","ENTITY","37088"
"cr536","Container","","","empty","6.0","","","ENTITY","37089"
"cr500","Container","","","empty","6.0","","","ENTITY","37090"
"cr502","Container","","","empty","6.0","","","ENTITY","37091"
"cr511","Container","","","empty","6.0","","","ENTITY","37092"
"cr509","Container","","","empty","6.0","","","ENTITY","37093"
"cr472","Container","","","empty","6.0","","","ENTITY","37094"
"cr467","Container","","","empty","6.0","","","ENTITY","37095"
"cr516","Container","","","empty","6.0","","","ENTITY","37096"
"cr531","Container","","","empty","4.0","","","ENTITY","37097"
"cr543","Container","","","empty","1.0","","","ENTITY","37098"
"cr508","Container","","","empty","4.0","","","ENTITY","37099"
"cr525","Container","","","empty","6.0","","","ENTITY","37100"
"cr528","Container","","","empty","3.0","","","ENTITY","37101"
"cr539","Container","","","empty","6.0","","","ENTITY","37102"
"cr523","Container","","","empty","6.0","","","ENTITY","37103"
"cr541","Container","","","empty","6.0","","","ENTITY","37104"
"cr513","Container","","","empty","4.0","","","ENTITY","37105"
"cr533","Container","","","empty","6.0","","","ENTITY","37106"
"cr496","Container","","","empty","2.0","","","ENTITY","37107"
"cr542","Container","","","empty","6.0","","","ENTITY","37108"
"cr489","Container","","","empty","5.0","","","ENTITY","37109"
"cr486","Container","","","empty","6.0","","","ENTITY","37110"
"cr522","Container","","","empty","6.0","","","ENTITY","37111"
"cr544","Container","","","empty","6.0","","","ENTITY","37112"
"cr462","Container","","","empty","6.0","","","ENTITY","37113"
"cr514","Container","","","empty","6.0","","","ENTITY","37114"
"cr487","Container","","","empty","6.0","","","ENTITY","37115"
"cr527","Container","","","empty","6.0","","","ENTITY","37116"
"cr537","Container","","","empty","1.0","","","ENTITY","37117"
"cr550","Container","","","empty","6.0","","","ENTITY","37118"
"cr515","Container","","","empty","6.0","","","ENTITY","37119"
"cr546","Container","","","empty","6.0","","","ENTITY","37120"
"cr540","Container","","","empty","4.0","","","ENTITY","37121"
"cr538","Container","","","empty","6.0","","","ENTITY","37122"
"cr552","Container","","","empty","1.0","","","ENTITY","37123"
"cr547","Container","","","empty","6.0","","","ENTITY","37124"
"cr561","Container","","","empty","6.0","","","ENTITY","37125"
"cr534","Container","","","empty","6.0","","","ENTITY","37126"
"cr548","Container","","","empty","4.0","","","ENTITY","37127"
"cr570","Container","","","empty","6.0","","","ENTITY","37128"
"cr553","Container","","","empty","6.0","","","ENTITY","37129"
"cr445","Container","","","empty","6.0","","","ENTITY","37130"
"cr564","Container","","","empty","6.0","","","ENTITY","37131"
"cr545","Container","","","empty","6.0","","","ENTITY","37132"
"cr510","Container","","","empty","6.0","","","ENTITY","37133"
"cr567","Container","","","empty","6.0","","","ENTITY","37134"
"cr574","Container","","","empty","6.0","","","ENTITY","37135"
"cr577","Container","","","empty","5.0","","","ENTITY","37136"
"cr575","Container","","","empty","2.0","","","ENTITY","37137"
"cr529","Container","","","empty","6.0","","","ENTITY","37138"
"cr568","Container","","","empty","6.0","","","ENTITY","37139"
"cr549","Container","","","empty","6.0","","","ENTITY","37140"
"cr566","Container","","","empty","6.0","","","ENTITY","37141"
"cr576","Container","","","empty","6.0","","","ENTITY","37142"
"cr557","Container","","","empty","6.0","","","ENTITY","37143"
"cr562","Container","","","empty","1.0","","","ENTITY","37144"
"cr569","Container","","","empty","6.0","","","ENTITY","37145"
"cr555","Container","","","empty","6.0","","","ENTITY","37146"
"cr565","Container","","","empty","6.0","","","ENTITY","37147"
"cr563","Container","","","empty","6.0","","","ENTITY","37148"
"cr581","Container","","","empty","2.0","","","ENTITY","37149"
"cr573","Container","","","empty","6.0","","","ENTITY","37150"
"cr560","Container","","","empty","6.0","","","ENTITY","37151"
"cr571","Container","","","empty","6.0","","","ENTITY","37152"
"cr583","Container","","","empty","6.0","","","ENTITY","37153"
"cr582","Container","","","empty","6.0","","","ENTITY","37154"
"cr584","Container","","","empty","6.0","","","ENTITY","37155"
"cr559","Container","","","empty","6.0","","","ENTITY","37156"
"cr588","Container","","","empty","6.0","","","ENTITY","37157"
"cr551","Container","","","empty","6.0","","","ENTITY","37158"
"cr556","Container","","","empty","2.0","","","ENTITY","37159"
"cr579","Container","","","empty","6.0","","","ENTITY","37160"
"cr580","Container","","","empty","6.0","","","ENTITY","37161"
"cr589","Container","","","empty","2.0","","","ENTITY","37162"
"cr602","Container","","","empty","6.0","","","ENTITY","37163"
"cr597","Container","","","empty","6.0","","","ENTITY","37164"
"cr610","Container","","","empty","6.0","","","ENTITY","37165"
"cr612","Container","","","empty","4.0","","","ENTITY","37166"
"cr595","Container","","","empty","6.0","","","ENTITY","37167"
"cr586","Container","","","empty","6.0","","","ENTITY","37168"
"cr615","Container","","","empty","6.0","","","ENTITY","37169"
"cr614","Container","","","empty","6.0","","","ENTITY","37170"
"cr585","Container","","","empty","5.0","","","ENTITY","37171"
"cr558","Container","","","empty","6.0","","","ENTITY","37172"
"cr587","Container","","","empty","1.0","","","ENTITY","37173"
"cr622","Container","","","empty","6.0","","","ENTITY","37174"
"cr619","Container","","","empty","6.0","","","ENTITY","37175"
"cr609","Container","","","empty","6.0","","","ENTITY","37176"
"cr572","Container","","","empty","6.0","","","ENTITY","37177"
"cr611","Container","","","empty","6.0","","","ENTITY","37178"
"cr620","Container","","","empty","6.0","","","ENTITY","37179"
"cr617","Container","","","empty","6.0","","","ENTITY","37180"
"cr627","Container","","","empty","6.0","","","ENTITY","37181"
"cr599","Container","","","empty","6.0","","","ENTITY","37182"
"cr554","Container","","","empty","6.0","","","ENTITY","37183"
"cr578","Container","","","empty","6.0","","","ENTITY","37184"
"cr603","Container","","","empty","6.0","","","ENTITY","37185"
"cr594","Container","","","empty","1.0","","","ENTITY","37186"
"cr604","Container","","","empty","4.0","","","ENTITY","37187"
"cr600","Container","","","empty","5.0","","","ENTITY","37188"
"cr626","Container","","","empty","6.0","","","ENTITY","37189"
"cr621","Container","","","empty","2.0","","","ENTITY","37190"
"cr625","Container","","","empty","6.0","","","ENTITY","37191"
"cr601","Container","","","empty","6.0","","","ENTITY","37192"
"cr593","Container","","","empty","6.0","","","ENTITY","37193"
"cr623","Container","","","empty","6.0","","","ENTITY","37194"
"cr607","Container","","","empty","6.0","","","ENTITY","37195"
"cr628","Container","","","empty","1.0","","","ENTITY","37196"
"cr618","Container","","","empty","6.0","","","ENTITY","37197"
"cr608","Container","","","empty","1.0","","","ENTITY","37198"
"cr590","Container","","","empty","6.0","","","ENTITY","37199"
"cr616","Container","","","empty","3.0","","","ENTITY","37200"
"cr598","Container","","","empty","6.0","","","ENTITY","37201"
"cr638","Container","","","empty","3.0","","","ENTITY","37202"
"cr641","Container","","","empty","6.0","","","ENTITY","37203"
"cr633","Container","","","empty","6.0","","","ENTITY","37204"
"cr591","Container","","","empty","6.0","","","ENTITY","37205"
"cr642","Container","","","empty","6.0","","","ENTITY","37206"
"cr631","Container","","","empty","6.0","","","ENTITY","37207"
"cr643","Container","","","empty","1.0","","","ENTITY","37208"
"cr646","Container","","","empty","6.0","","","ENTITY","37209"
"cr639","Container","","","empty","6.0","","","ENTITY","37210"
"cr640","Container","","","empty","6.0","","","ENTITY","37211"
"cr649","Container","","","empty","6.0","","","ENTITY","37212"
"cr596","Container","","","empty","6.0","","","ENTITY","37213"
"cr645","Container","","","empty","6.0","","","ENTITY","37214"
"cr648","Container","","","empty","4.0","","","ENTITY","37215"
"cr661","Container","","","empty","6.0","","","ENTITY","37216"
"cr613","Container","","","empty","6.0","","","ENTITY","37217"
"cr652","Container","","","empty","6.0","","","ENTITY","37218"
"cr605","Container","","","empty","6.0","","","ENTITY","37219"
"cr664","Container","","","empty","6.0","","","ENTITY","37220"
"cr624","Container","","","empty","2.0","","","ENTITY","37221"
"cr655","Container","","","empty","6.0","","","ENTITY","37222"
"cr592","Container","","","empty","6.0","","","ENTITY","37223"
"cr647","Container","","","empty","6.0","","","ENTITY","37224"
"cr653","Container","","","empty","6.0","","","ENTITY","37225"
"cr668","Container","","","empty","6.0","","","ENTITY","37226"
"cr663","Container","","","empty","6.0","","","ENTITY","37227"
"cr657","Container","","","empty","4.0","","","ENTITY","37228"
"cr665","Container","","","empty","2.0","","","ENTITY","37229"
"cr658","Container","","","empty","6.0","","","ENTITY","37230"
"cr644","Container","","","empty","6.0","","","ENTITY","37231"
"cr606","Container","","","empty","6.0","","","ENTITY","37232"
"cr667","Container","","","empty","6.0","","","ENTITY","37233"
"cr656","Container","","","empty","6.0","","","ENTITY","37234"
"cr634","Container","","","empty","3.0","","","ENTITY","37235"
"cr654","Container","","","empty","6.0","","","ENTITY","37236"
"cr635","Container","","","empty","6.0","","","ENTITY","37237"
"cr636","Container","","","empty","6.0","","","ENTITY","37238"
"cr637","Container","","","empty","6.0","","","ENTITY","37239"
"cr666","Container","","","empty","6.0","","","ENTITY","37240"
"cr659","Container","","","empty","6.0","","","ENTITY","37241"
"cr629","Container","","","empty","6.0","","","ENTITY","37242"
"cr662","Container","","","empty","4.0","","","ENTITY","37243"
"cr679","Container","","","empty","6.0","","","ENTITY","37244"
"cr678","Container","","","empty","6.0","","","ENTITY","37245"
"cr632","Container","","","empty","5.0","","","ENTITY","37246"
"cr675","Container","","","empty","3.0","","","ENTITY","37247"
"cr672","Container","","","empty","6.0","","","ENTITY","37248"
"cr680","Container","","","empty","6.0","","","ENTITY","37249"
"cr630","Container","","","empty","6.0","","","ENTITY","37250"
"cr676","Container","","","empty","6.0","","","ENTITY","37251"
"cr677","Container","","","empty","3.0","","","ENTITY","37252"
"cr660","Container","","","empty","6.0","","","ENTITY","37253"
"cr674","Container","","","empty","6.0","","","ENTITY","37254"
"cr682","Container","","","empty","6.0","","","ENTITY","37255"
"cr684","Container","","","empty","6.0","","","ENTITY","37256"
"cr696","Container","","","empty","1.0","","","ENTITY","37257"
"cr687","Container","","","empty","6.0","","","ENTITY","37258"
"cr683","Container","","","empty","6.0","","","ENTITY","37259"
"cr681","Container","","","empty","5.0","","","ENTITY","37260"
"cr695","Container","","","empty","6.0","","","ENTITY","37261"
"cr689","Container","","","empty","6.0","","","ENTITY","37262"
"cr698","Container","","","empty","6.0","","","ENTITY","37263"
"cr670","Container","","","empty","5.0","","","ENTITY","37264"
"cr693","Container","","","empty","6.0","","","ENTITY","37265"
"cr692","Container","","","empty","6.0","","","ENTITY","37266"
"cr694","Container","","","empty","6.0","","","ENTITY","37267"
"cr651","Container","","","empty","4.0","","","ENTITY","37268"
"cr686","Container","","","empty","6.0","","","ENTITY","37269"
"cr710","Container","","","empty","6.0","","","ENTITY","37270"
"cr697","Container","","","empty","6.0","","","ENTITY","37271"
"cr650","Container","","","empty","6.0","","","ENTITY","37272"
"cr699","Container","","","empty","6.0","","","ENTITY","37273"
"cr715","Container","","","empty","6.0","","","ENTITY","37274"
"cr714","Container","","","empty","6.0","","","ENTITY","37275"
"cr685","Container","","","empty","3.0","","","ENTITY","37276"
"cr709","Container","","","empty","6.0","","","ENTITY","37277"
"cr712","Container","","","empty","6.0","","","ENTITY","37278"
"cr690","Container","","","empty","6.0","","","ENTITY","37279"
"cr701","Container","","","empty","6.0","","","ENTITY","37280"
"cr691","Container","","","empty","5.0","","","ENTITY","37281"
"cr720","Container","","","empty","6.0","","","ENTITY","37282"
"cr669","Container","","","empty","6.0","","","ENTITY","37283"
"cr724","Container","","","empty","6.0","","","ENTITY","37284"
"cr718","Container","","","empty","6.0","","","ENTITY","37285"
"cr704","Container","","","empty","6.0","","","ENTITY","37286"
"cr716","Container","","","empty","6.0","","","ENTITY","37287"
"cr722","Container","","","empty","1.0","","","ENTITY","37288"
"cr719","Container","","","empty","6.0","","","ENTITY","37289"
"cr731","Container","","","empty","6.0","","","ENTITY","37290"
"cr728","Container","","","empty","2.0","","","ENTITY","37291"
"cr721","Container","","","empty","6.0","","","ENTITY","37292"
"cr671","Container","","","empty","6.0","","","ENTITY","37293"
"cr717","Container","","","empty","1.0","","","ENTITY","37294"
"cr732","Container","","","empty","6.0","","","ENTITY","37295"
"cr713","Container","","","empty","4.0","","","ENTITY","37296"
"cr707","Container","","","empty","6.0","","","ENTITY","37297"
"cr725","Container","","","empty","5.0","","","ENTITY","37298"
"cr703","Container","","","empty","6.0","","","ENTITY","37299"
"cr733","Container","","","empty","6.0","","","ENTITY","37300"
"cr734","Container","","","empty","3.0","","","ENTITY","37301"
"cr688","Container","","","empty","1.0","","","ENTITY","37302"
"cr711","Container","","","empty","6.0","","","ENTITY","37303"
"cr727","Container","","","empty","6.0","","","ENTITY","37304"
"cr702","Container","","","empty","6.0","","","ENTITY","37305"
"cr723","Container","","","empty","6.0","","","ENTITY","37306"
"cr726","Container","","","empty","6.0","","","ENTITY","37307"
"cr740","Container","","","empty","6.0","","","ENTITY","37308"
"cr739","Container","","","empty","6.0","","","ENTITY","37309"
"cr741","Container","","","empty","1.0","","","ENTITY","37310"
"cr706","Container","","","empty","6.0","","","ENTITY","37311"
"cr673","Container","","","empty","6.0","","","ENTITY","37312"
"cr735","Container","","","empty","6.0","","","ENTITY","37313"
"cr736","Container","","","empty","6.0","","","ENTITY","37314"
"cr705","Container","","","empty","6.0","","","ENTITY","37315"
"cr738","Container","","","empty","3.0","","","ENTITY","37316"
"cr744","Container","","","empty","6.0","","","ENTITY","37317"
"cr745","Container","","","empty","6.0","","","ENTITY","37318"
"cr758","Container","","","empty","6.0","","","ENTITY","37319"
"cr754","Container","","","empty","6.0","","","ENTITY","37320"
"cr750","Container","","","empty","6.0","","","ENTITY","37321"
"cr761","Container","","","empty","6.0","","","ENTITY","37322"
"cr752","Container","","","empty","6.0","","","ENTITY","37323"
"cr764","Container","","","empty","3.0","","","ENTITY","37324"
"cr756","Container","","","empty","6.0","","","ENTITY","37325"
"cr746","Container","","","empty","6.0","","","ENTITY","37326"
"cr763","Container","","","empty","6.0","","","ENTITY","37327"
"cr753","Container","","","empty","3.0","","","ENTITY","37328"
"cr767","Container","","","empty","6.0","","","ENTITY","37329"
"cr768","Container","","","empty","6.0","","","ENTITY","37330"
"cr749","Container","","","empty","6.0","","","ENTITY","37331"
"cr737","Container","","","empty","6.0","","","ENTITY","37332"
"cr700","Container","","","empty","6.0","","","ENTITY","37333"
"cr748","Container","","","empty","2.0","","","ENTITY","37334"
"cr742","Container","","","empty","6.0","","","ENTITY","37335"
"cr757","Container","","","empty","6.0","","","ENTITY","37336"
"cr766","Container","","","empty","6.0","","","ENTITY","37337"
"cr755","Container","","","empty","6.0","","","ENTITY","37338"
"cr762","Container","","","empty","6.0","","","ENTITY","37339"
"cr729","Container","","","empty","6.0","","","ENTITY","37340"
"cr747","Container","","","empty","6.0","","","ENTITY","37341"
"cr708","Container","","","empty","3.0","","","ENTITY","37342"
"cr760","Container","","","empty","6.0","","","ENTITY","37343"
"cr759","Container","","","empty","1.0","","","ENTITY","37344"
"cr765","Container","","","empty","6.0","","","ENTITY","37345"
"cr775","Container","","","empty","6.0","","","ENTITY","37346"
"cr743","Container","","","empty","1.0","","","ENTITY","37347"
"cr773","Container","","","empty","2.0","","","ENTITY","37348"
"cr774","Container","","","empty","6.0","","","ENTITY","37349"
"cr776","Container","","","empty","6.0","","","ENTITY","37350"
"cr772","Container","","","empty","6.0","","","ENTITY","37351"
"cr769","Container","","","empty","6.0","","","ENTITY","37352"
"cr751","Container","","","empty","6.0","","","ENTITY","37353"
"cr781","Container","","","empty","6.0","","","ENTITY","37354"
"cr784","Container","","","empty","6.0","","","ENTITY","37355"
"cr783","Container","","","empty","6.0","","","ENTITY","37356"
"cr782","Container","","","empty","6.0","","","ENTITY","37357"
"cr785","Container","","","empty","5.0","","","ENTITY","37358"
"cr793","Container","","","empty","6.0","","","ENTITY","37359"
"cr777","Container","","","empty","3.0","","","ENTITY","37360"
"cr808","Container","","","empty","5.0","","","ENTITY","37361"
"cr778","Container","","","empty","6.0","","","ENTITY","37362"
"cr802","Container","","","empty","6.0","","","ENTITY","37363"
"cr792","Container","","","empty","6.0","","","ENTITY","37364"
"cr810","Container","","","empty","2.0","","","ENTITY","37365"
"cr805","Container","","","empty","5.0","","","ENTITY","37366"
"cr791","Container","","","empty","6.0","","","ENTITY","37367"
"cr816","Container","","","empty","4.0","","","ENTITY","37368"
"cr811","Container","","","empty","6.0","","","ENTITY","37369"
"cr789","Container","","","empty","6.0","","","ENTITY","37370"
"cr800","Container","","","empty","3.0","","","ENTITY","37371"
"cr730","Container","","","empty","5.0","","","ENTITY","37372"
"cr796","Container","","","empty","6.0","","","ENTITY","37373"
"cr803","Container","","","empty","6.0","","","ENTITY","37374"
"cr790","Container","","","empty","3.0","","","ENTITY","37375"
"cr771","Container","","","empty","1.0","","","ENTITY","37376"
"cr815","Container","","","empty","6.0","","","ENTITY","37377"
"cr813","Container","","","empty","3.0","","","ENTITY","37378"
"cr818","Container","","","empty","2.0","","","ENTITY","37379"
"cr814","Container","","","empty","6.0","","","ENTITY","37380"
"cr817","Container","","","empty","6.0","","","ENTITY","37381"
"cr788","Container","","","empty","6.0","","","ENTITY","37382"
"cr801","Container","","","empty","6.0","","","ENTITY","37383"
"cr794","Container","","","empty","6.0","","","ENTITY","37384"
"cr798","Container","","","empty","6.0","","","ENTITY","37385"
"cr787","Container","","","empty","6.0","","","ENTITY","37386"
"cr780","Container","","","empty","6.0","","","ENTITY","37387"
"cr826","Container","","","empty","6.0","","","ENTITY","37388"
"cr809","Container","","","empty","6.0","","","ENTITY","37389"
"cr799","Container","","","empty","6.0","","","ENTITY","37390"
"cr825","Container","","","empty","6.0","","","ENTITY","37391"
"cr770","Container","","","empty","6.0","","","ENTITY","37392"
"cr812","Container","","","empty","6.0","","","ENTITY","37393"
"cr827","Container","","","empty","5.0","","","ENTITY","37394"
"cr807","Container","","","empty","6.0","","","ENTITY","37395"
"cr804","Container","","","empty","6.0","","","ENTITY","37396"
"cr779","Container","","","empty","6.0","","","ENTITY","37397"
"cr795","Container","","","empty","6.0","","","ENTITY","37398"
"cr830","Container","","","empty","6.0","","","ENTITY","37399"
"cr831","Container","","","empty","6.0","","","ENTITY","37400"
"cr832","Container","","","empty","6.0","","","ENTITY","37401"
"cr835","Container","","","empty","4.0","","","ENTITY","37402"
"cr819","Container","","","empty","6.0","","","ENTITY","37403"
"cr824","Container","","","empty","5.0","","","ENTITY","37404"
"cr821","Container","","","empty","6.0","","","ENTITY","37405"
"cr822","Container","","","empty","6.0","","","ENTITY","37406"
"cr786","Container","","","empty","6.0","","","ENTITY","37407"
"cr797","Container","","","empty","6.0","","","ENTITY","37408"
"cr806","Container","","","empty","6.0","","","ENTITY","37409"
"cr834","Container","","","empty","6.0","","","ENTITY","37410"
"cr849","Container","","","empty","6.0","","","ENTITY","37411"
"cr842","Container","","","empty","6.0","","","ENTITY","37412"
"cr850","Container","","","empty","6.0","","","ENTITY","37413"
"cr846","Container","","","empty","4.0","","","ENTITY","37414"
"cr820","Container","","","empty","6.0","","","ENTITY","37415"
"cr838","Container","","","empty","6.0","","","ENTITY","37416"
"cr840","Container","","","empty","6.0","","","ENTITY","37417"
"cr847","Container","","","empty","6.0","","","ENTITY","37418"
"cr829","Container","","","empty","6.0","","","ENTITY","37419"
"cr855","Container","","","empty","6.0","","","ENTITY","37420"
"cr859","Container","","","empty","6.0","","","ENTITY","37421"
"cr828","Container","","","empty","6.0","","","ENTITY","37422"
"cr837","Container","","","empty","6.0","","","ENTITY","37423"
"cr853","Container","","","empty","6.0","","","ENTITY","37424"
"cr878","Container","","","empty","6.0","","","ENTITY","37425"
"cr856","Container","","","empty","3.0","","","ENTITY","37426"
"cr841","Container","","","empty","4.0","","","ENTITY","37427"
"cr857","Container","","","empty","6.0","","","ENTITY","37428"
"cr864","Container","","","empty","2.0","","","ENTITY","37429"
"cr876","Container","","","empty","6.0","","","ENTITY","37430"
"cr852","Container","","","empty","6.0","","","ENTITY","37431"
"cr872","Container","","","empty","6.0","","","ENTITY","37432"
"cr871","Container","","","empty","6.0","","","ENTITY","37433"
"cr874","Container","","","empty","6.0","","","ENTITY","37434"
"cr863","Container","","","empty","6.0","","","ENTITY","37435"
"cr869","Container","","","empty","6.0","","","ENTITY","37436"
"cr836","Container","","","empty","6.0","","","ENTITY","37437"
"cr877","Container","","","empty","6.0","","","ENTITY","37438"
"cr873","Container","","","empty","6.0","","","ENTITY","37439"
"cr881","Container","","","empty","6.0","","","ENTITY","37440"
"cr833","Container","","","empty","6.0","","","ENTITY","37441"
"cr875","Container","","","empty","6.0","","","ENTITY","37442"
"cr851","Container","","","empty","4.0","","","ENTITY","37443"
"cr880","Container","","","empty","6.0","","","ENTITY","37444"
"cr879","Container","","","empty","6.0","","","ENTITY","37445"
"cr843","Container","","","empty","6.0","","","ENTITY","37446"
"cr823","Container","","","empty","6.0","","","ENTITY","37447"
"cr848","Container","","","empty","6.0","","","ENTITY","37448"
"cr862","Container","","","empty","6.0","","","ENTITY","37449"
"cr865","Container","","","empty","6.0","","","ENTITY","37450"
"cr868","Container","","","empty","6.0","","","ENTITY","37451"
"cr861","Container","","","empty","4.0","","","ENTITY","37452"
"cr860","Container","","","empty","6.0","","","ENTITY","37453"
"cr890","Container","","","empty","3.0","","","ENTITY","37454"
"cr888","Container","","","empty","6.0","","","ENTITY","37455"
"cr870","Container","","","empty","6.0","","","ENTITY","37456"
"cr886","Container","","","empty","1.0","","","ENTITY","37457"
"cr889","Container","","","empty","6.0","","","ENTITY","37458"
"cr891","Container","","","empty","6.0","","","ENTITY","37459"
"cr854","Container","","","empty","6.0","","","ENTITY","37460"
"cr839","Container","","","empty","1.0","","","ENTITY","37461"
"cr893","Container","","","empty","6.0","","","ENTITY","37462"
"cr892","Container","","","empty","6.0","","","ENTITY","37463"
"cr898","Container","","","empty","4.0","","","ENTITY","37464"
"cr882","Container","","","empty","6.0","","","ENTITY","37465"
"cr902","Container","","","empty","2.0","","","ENTITY","37466"
"cr900","Container","","","empty","6.0","","","ENTITY","37467"
"cr896","Container","","","empty","6.0","","","ENTITY","37468"
"cr844","Container","","","empty","6.0","","","ENTITY","37469"
"cr867","Container","","","empty","4.0","","","ENTITY","37470"
"cr904","Container","","","empty","6.0","","","ENTITY","37471"
"cr887","Container","","","empty","6.0","","","ENTITY","37472"
"cr883","Container","","","empty","1.0","","","ENTITY","37473"
"cr885","Container","","","empty","6.0","","","ENTITY","37474"
"cr899","Container","","","empty","6.0","","","ENTITY","37475"
"cr917","Container","","","empty","5.0","","","ENTITY","37476"
"cr910","Container","","","empty","6.0","","","ENTITY","37477"
"cr909","Container","","","empty","6.0","","","ENTITY","37478"
"cr911","Container","","","empty","6.0","","","ENTITY","37479"
"cr916","Container","","","empty","6.0","","","ENTITY","37480"
"cr912","Container","","","empty","3.0","","","ENTITY","37481"
"cr927","Container","","","empty","6.0","","","ENTITY","37482"
"cr929","Container","","","empty","6.0","","","ENTITY","37483"
"cr913","Container","","","empty","6.0","","","ENTITY","37484"
"cr906","Container","","","empty","6.0","","","ENTITY","37485"
"cr919","Container","","","empty","5.0","","","ENTITY","37486"
"cr907","Container","","","empty","6.0","","","ENTITY","37487"
"cr901","Container","","","empty","6.0","","","ENTITY","37488"
"cr908","Container","","","empty","6.0","","","ENTITY","37489"
"cr932","Container","","","empty","6.0","","","ENTITY","37490"
"cr905","Container","","","empty","1.0","","","ENTITY","37491"
"cr918","Container","","","empty","6.0","","","ENTITY","37492"
"cr914","Container","","","empty","6.0","","","ENTITY","37493"
"cr915","Container","","","empty","6.0","","","ENTITY","37494"
"cr921","Container","","","empty","6.0","","","ENTITY","37495"
"cr934","Container","","","empty","2.0","","","ENTITY","37496"
"cr933","Container","","","empty","6.0","","","ENTITY","37497"
"cr897","Container","","","empty","6.0","","","ENTITY","37498"
"cr938","Container","","","empty","6.0","","","ENTITY","37499"
"cr935","Container","","","empty","6.0","","","ENTITY","37500"
"cr942","Container","","","empty","6.0","","","ENTITY","37501"
"cr944","Container","","","empty","3.0","","","ENTITY","37502"
"cr941","Container","","","empty","6.0","","","ENTITY","37503"
"cr884","Container","","","empty","6.0","","","ENTITY","37504"
"cr845","Container","","","empty","6.0","","","ENTITY","37505"
"cr940","Container","","","empty","6.0","","","ENTITY","37506"
"cr937","Container","","","empty","6.0","","","ENTITY","37507"
"cr903","Container","","","empty","6.0","","","ENTITY","37508"
"cr924","Container","","","empty","6.0","","","ENTITY","37509"
"cr931","Container","","","empty","6.0","","","ENTITY","37510"
"cr930","Container","","","empty","1.0","","","ENTITY","37511"
"cr943","Container","","","empty","6.0","","","ENTITY","37512"
"cr920","Container","","","empty","6.0","","","ENTITY","37513"
"cr866","Container","","","empty","6.0","","","ENTITY","37514"
"cr858","Container","","","empty","6.0","","","ENTITY","37515"
"cr894","Container","","","empty","6.0","","","ENTITY","37516"
"cr939","Container","","","empty","4.0","","","ENTITY","37517"
"cr946","Container","","","empty","6.0","","","ENTITY","37518"
"cr895","Container","","","empty","4.0","","","ENTITY","37519"
"cr925","Container","","","empty","6.0","","","ENTITY","37520"
"cr926","Container","","","empty","6.0","","","ENTITY","37521"
"cr949","Container","","","empty","1.0","","","ENTITY","37522"
"cr936","Container","","","empty","4.0","","","ENTITY","37523"
"cr922","Container","","","empty","6.0","","","ENTITY","37524"
"cr948","Container","","","empty","6.0","","","ENTITY","37525"
"cr955","Container","","","empty","6.0","","","ENTITY","37526"
"cr957","Container","","","empty","6.0","","","ENTITY","37527"
"cr945","Container","","","empty","6.0","","","ENTITY","37528"
"cr956","Container","","","empty","6.0","","","ENTITY","37529"
"cr951","Container","","","empty","3.0","","","ENTITY","37530"
"cr923","Container","","","empty","6.0","","","ENTITY","37531"
"cr961","Container","","","empty","6.0","","","ENTITY","37532"
"cr966","Container","","","empty","6.0","","","ENTITY","37533"
"cr971","Container","","","empty","6.0","","","ENTITY","37534"
"cr976","Container","","","empty","6.0","","","ENTITY","37535"
"cr947","Container","","","empty","4.0","","","ENTITY","37536"
"cr973","Container","","","empty","6.0","","","ENTITY","37537"
"cr984","Container","","","empty","6.0","","","ENTITY","37538"
"cr972","Container","","","empty","4.0","","","ENTITY","37539"
"cr958","Container","","","empty","2.0","","","ENTITY","37540"
"cr953","Container","","","empty","6.0","","","ENTITY","37541"
"cr983","Container","","","empty","3.0","","","ENTITY","37542"
"cr954","Container","","","empty","6.0","","","ENTITY","37543"
"cr970","Container","","","empty","6.0","","","ENTITY","37544"
"cr965","Container","","","empty","6.0","","","ENTITY","37545"
"cr967","Container","","","empty","5.0","","","ENTITY","37546"
"cr987","Container","","","empty","6.0","","","ENTITY","37547"
"cr928","Container","","","empty","4.0","","","ENTITY","37548"
"cr964","Container","","","empty","6.0","","","ENTITY","37549"
"cr974","Container","","","empty","6.0","","","ENTITY","37550"
"cr962","Container","","","empty","5.0","","","ENTITY","37551"
"cr985","Container","","","empty","6.0","","","ENTITY","37552"
"cr977","Container","","","empty","6.0","","","ENTITY","37553"
"cr995","Container","","","empty","5.0","","","ENTITY","37554"
"cr982","Container","","","empty","6.0","","","ENTITY","37555"
"cr988","Container","","","empty","6.0","","","ENTITY","37556"
"cr959","Container","","","empty","6.0","","","ENTITY","37557"
"cr978","Container","","","empty","5.0","","","ENTITY","37558"
"cr952","Container","","","empty","6.0","","","ENTITY","37559"
"cr990","Container","","","empty","6.0","","","ENTITY","37560"
"cr950","Container","","","empty","6.0","","","ENTITY","37561"
"cr997","Container","","","empty","6.0","","","ENTITY","37562"
"cr1000","Container","","","empty","4.0","","","ENTITY","37563"
"cr1002","Container","","","empty","6.0","","","ENTITY","37564"
"cr1003","Container","","","empty","6.0","","","ENTITY","37565"
"cr1006","Container","","","empty","6.0","","","ENTITY","37566"
"cr999","Container","","","empty","6.0","","","ENTITY","37567"
"cr969","Container","","","empty","6.0","","","ENTITY","37568"
"cr998","Container","","","empty","6.0","","","ENTITY","37569"
"cr1001","Container","","","empty","6.0","","","ENTITY","37570"
"cr996","Container","","","empty","6.0","","","ENTITY","37571"
"cr979","Container","","","empty","6.0","","","ENTITY","37572"
"cr992","Container","","","empty","6.0","","","ENTITY","37573"
"cr963","Container","","","empty","6.0","","","ENTITY","37574"
"cr968","Container","","","empty","6.0","","","ENTITY","37575"
"cr1012","Container","","","empty","6.0","","","ENTITY","37576"
"cr1009","Container","","","empty","6.0","","","ENTITY","37577"
"cr986","Container","","","empty","5.0","","","ENTITY","37578"
"cr1004","Container","","","empty","6.0","","","ENTITY","37579"
"cr1013","Container","","","empty","4.0","","","ENTITY","37580"
"cr1008","Container","","","empty","2.0","","","ENTITY","37581"
"cr1010","Container","","","empty","6.0","","","ENTITY","37582"
"cr1005","Container","","","empty","6.0","","","ENTITY","37583"
"cr980","Container","","","empty","6.0","","","ENTITY","37584"
"cr994","Container","","","empty","6.0","","","ENTITY","37585"
"cr991","Container","","","empty","6.0","","","ENTITY","37586"
"cr989","Container","","","empty","6.0","","","ENTITY","37587"
"cr981","Container","","","empty","4.0","","","ENTITY","37588"
"cr975","Container","","","empty","6.0","","","ENTITY","37589"
"cr993","Container","","","empty","6.0","","","ENTITY","37590"
"cr1021","Container","","","empty","6.0","","","ENTITY","37591"
"cr1023","Container","","","empty","4.0","","","ENTITY","37592"
"cr1017","Container","","","empty","6.0","","","ENTITY","37593"
"cr1022","Container","","","empty","6.0","","","ENTITY","37594"
"cr1025","Container","","","empty","6.0","","","ENTITY","37595"
"cr1024","Container","","","empty","6.0","","","ENTITY","37596"
"cr1035","Container","","","empty","6.0","","","ENTITY","37597"
"cr1034","Container","","","empty","6.0","","","ENTITY","37598"
"cr960","Container","","","empty","5.0","","","ENTITY","37599"
"cr1030","Container","","","empty","6.0","","","ENTITY","37600"
"cr1019","Container","","","empty","1.0","","","ENTITY","37601"
"cr1041","Container","","","empty","1.0","","","ENTITY","37602"
"cr1020","Container","","","empty","6.0","","","ENTITY","37603"
"cr1027","Container","","","empty","6.0","","","ENTITY","37604"
"cr1047","Container","","","empty","6.0","","","ENTITY","37605"
"cr1039","Container","","","empty","3.0","","","ENTITY","37606"
"cr1036","Container","","","empty","2.0","","","ENTITY","37607"
"cr1011","Container","","","empty","6.0","","","ENTITY","37608"
"cr1051","Container","","","empty","1.0","","","ENTITY","37609"
"cr1018","Container","","","empty","6.0","","","ENTITY","37610"
"cr1016","Container","","","empty","6.0","","","ENTITY","37611"
"cr1045","Container","","","empty","6.0","","","ENTITY","37612"
"cr1042","Container","","","empty","6.0","","","ENTITY","37613"
"cr1050","Container","","","empty","6.0","","","ENTITY","37614"
"cr1053","Container","","","empty","1.0","","","ENTITY","37615"
"cr1040","Container","","","empty","6.0","","","ENTITY","37616"
"cr1057","Container","","","empty","6.0","","","ENTITY","37617"
"cr1054","Container","","","empty","6.0","","","ENTITY","37618"
"cr1026","Container","","","empty","5.0","","","ENTITY","37619"
"cr1052","Container","","","empty","6.0","","","ENTITY","37620"
"cr1059","Container","","","empty","6.0","","","ENTITY","37621"
"cr1031","Container","","","empty","6.0","","","ENTITY","37622"
"cr1015","Container","","","empty","4.0","","","ENTITY","37623"
"cr1066","Container","","","empty","4.0","","","ENTITY","37624"
"cr1076","Container","","","empty","3.0","","","ENTITY","37625"
"cr1049","Container","","","empty","6.0","","","ENTITY","37626"
"cr1032","Container","","","empty","6.0","","","ENTITY","37627"
"cr1073","Container","","","empty","6.0","","","ENTITY","37628"
"cr1068","Container","","","empty","1.0","","","ENTITY","37629"
"cr1065","Container","","","empty","6.0","","","ENTITY","37630"
"cr1075","Container","","","empty","6.0","","","ENTITY","37631"
"cr1072","Container","","","empty","6.0","","","ENTITY","37632"
"cr1069","Container","","","empty","6.0","","","ENTITY","37633"
"cr1060","Container","","","empty","6.0","","","ENTITY","37634"
"cr1074","Container","","","empty","6.0","","","ENTITY","37635"
"cr1055","Container","","","empty","6.0","","","ENTITY","37636"
"cr1028","Container","","","empty","6.0","","","ENTITY","37637"
"cr1029","Container","","","empty","6.0","","","ENTITY","37638"
"cr1033","Container","","","empty","2.0","","","ENTITY","37639"
"cr1037","Container","","","empty","6.0","","","ENTITY","37640"
"cr1014","Container","","","empty","6.0","","","ENTITY","37641"
"cr1043","Container","","","empty","6.0","","","ENTITY","37642"
"cr1058","Container","","","empty","2.0","","","ENTITY","37643"
"cr1067","Container","","","empty","6.0","","","ENTITY","37644"
"cr1038","Container","","","empty","6.0","","","ENTITY","37645"
"cr1056","Container","","","empty","6.0","","","ENTITY","37646"
"cr1070","Container","","","empty","6.0","","","ENTITY","37647"
"cr1061","Container","","","empty","5.0","","","ENTITY","37648"
"cr1079","Container","","","empty","6.0","","","ENTITY","37649"
"cr1080","Container","","","empty","6.0","","","ENTITY","37650"
"cr1064","Container","","","empty","5.0","","","ENTITY","37651"
"cr1007","Container","","","empty","6.0","","","ENTITY","37652"
"cr1048","Container","","","empty","6.0","","","ENTITY","37653"
"cr1077","Container","","","empty","6.0","","","ENTITY","37654"
"cr1083","Container","","","empty","6.0","","","ENTITY","37655"
"cr1062","Container","","","empty","6.0","","","ENTITY","37656"
"cr1081","Container","","","empty","5.0","","","ENTITY","37657"
"cr1087","Container","","","empty","6.0","","","ENTITY","37658"
"cr1082","Container","","","empty","6.0","","","ENTITY","37659"
"cr1084","Container","","","empty","6.0","","","ENTITY","37660"
"cr1093","Container","","","empty","6.0","","","ENTITY","37661"
"cr1098","Container","","","empty","6.0","","","ENTITY","37662"
"cr1078","Container","","","empty","5.0","","","ENTITY","37663"
"cr1102","Container","","","empty","4.0","","","ENTITY","37664"
"cr1107","Container","","","empty","4.0","","","ENTITY","37665"
"cr1099","Container","","","empty","6.0","","","ENTITY","37666"
"cr1071","Container","","","empty","6.0","","","ENTITY","37667"
"cr1089","Container","","","empty","6.0","","","ENTITY","37668"
"cr1105","Container","","","empty","6.0","","","ENTITY","37669"
"cr1100","Container","","","empty","6.0","","","ENTITY","37670"
"cr1094","Container","","","empty","6.0","","","ENTITY","37671"
"cr1101","Container","","","empty","6.0","","","ENTITY","37672"
"cr1103","Container","","","empty","6.0","","","ENTITY","37673"
"cr1104","Container","","","empty","4.0","","","ENTITY","37674"
"cr1096","Container","","","empty","6.0","","","ENTITY","37675"
"cr1086","Container","","","empty","3.0","","","ENTITY","37676"
"cr1085","Container","","","empty","6.0","","","ENTITY","37677"
"cr1113","Container","","","empty","6.0","","","ENTITY","37678"
"cr1095","Container","","","empty","6.0","","","ENTITY","37679"
"cr1117","Container","","","empty","6.0","","","ENTITY","37680"
"cr1118","Container","","","empty","2.0","","","ENTITY","37681"
"cr1106","Container","","","empty","6.0","","","ENTITY","37682"
"cr1091","Container","","","empty","6.0","","","ENTITY","37683"
"cr1097","Container","","","empty","6.0","","","ENTITY","37684"
"cr1044","Container","","","empty","6.0","","","ENTITY","37685"
"cr1112","Container","","","empty","6.0","","","ENTITY","37686"
"cr1092","Container","","","empty","2.0","","","ENTITY","37687"
"cr1063","Container","","","empty","6.0","","","ENTITY","37688"
"cr1088","Container","","","empty","2.0","","","ENTITY","37689"
"cr1046","Container","","","empty","6.0","","","ENTITY","37690"
"cr1127","Container","","","empty","6.0","","","ENTITY","37691"
"cr1109","Container","","","empty","6.0","","","ENTITY","37692"
"cr1133","Container","","","empty","6.0","","","ENTITY","37693"
"cr1121","Container","","","empty","6.0","","","ENTITY","37694"
"cr1123","Container","","","empty","6.0","","","ENTITY","37695"
"cr1119","Container","","","empty","6.0","","","ENTITY","37696"
"cr1122","Container","","","empty","5.0","","","ENTITY","37697"
"cr1130","Container","","","empty","6.0","","","ENTITY","37698"
"cr1131","Container","","","empty","1.0","","","ENTITY","37699"
"cr1108","Container","","","empty","6.0","","","ENTITY","37700"
"cr1137","Container","","","empty","6.0","","","ENTITY","37701"
"cr1125","Container","","","empty","6.0","","","ENTITY","37702"
"cr1115","Container","","","empty","5.0","","","ENTITY","37703"
"cr1120","Container","","","empty","6.0","","","ENTITY","37704"
"cr1126","Container","","","empty","6.0","","","ENTITY","37705"
"cr1090","Container","","","empty","6.0","","","ENTITY","37706"
"cr1135","Container","","","empty","6.0","","","ENTITY","37707"
"cr1128","Container","","","empty","6.0","","","ENTITY","37708"
"cr1134","Container","","","empty","6.0","","","ENTITY","37709"
"cr1114","Container","","","empty","6.0","","","ENTITY","37710"
"cr1116","Container","","","empty","6.0","","","ENTITY","37711"
"cr1142","Container","","","empty","6.0","","","ENTITY","37712"
"cr1145","Container","","","empty","6.0","","","ENTITY","37713"
"cr1110","Container","","","empty","6.0","","","ENTITY","37714"
"cr1153","Container","","","empty","6.0","","","ENTITY","37715"
"cr1132","Container","","","empty","6.0","","","ENTITY","37716"
"cr1144","Container","","","empty","6.0","","","ENTITY","37717"
"cr1146","Container","","","empty","5.0","","","ENTITY","37718"
"cr1151","Container","","","empty","6.0","","","ENTITY","37719"
"cr1154","Container","","","empty","6.0","","","ENTITY","37720"
"cr1157","Container","","","empty","6.0","","","ENTITY","37721"
"cr1129","Container","","","empty","6.0","","","ENTITY","37722"
"cr1171","Container","","","empty","6.0","","","ENTITY","37723"
"cr1143","Container","","","empty","6.0","","","ENTITY","37724"
"cr1164","Container","","","empty","6.0","","","ENTITY","37725"
"cr1173","Container","","","empty","6.0","","","ENTITY","37726"
"cr1148","Container","","","empty","6.0","","","ENTITY","37727"
"cr1152","Container","","","empty","2.0","","","ENTITY","37728"
"cr1175","Container","","","empty","6.0","","","ENTITY","37729"
"cr1159","Container","","","empty","6.0","","","ENTITY","37730"
"cr1172","Container","","","empty","3.0","","","ENTITY","37731"
"cr1138","Container","","","empty","6.0","","","ENTITY","37732"
"cr1140","Container","","","empty","6.0","","","ENTITY","37733"
"cr1170","Container","","","empty","1.0","","","ENTITY","37734"
"cr1147","Container","","","empty","6.0","","","ENTITY","37735"
"cr1139","Container","","","empty","2.0","","","ENTITY","37736"
"cr1166","Container","","","empty","6.0","","","ENTITY","37737"
"cr1158","Container","","","empty","6.0","","","ENTITY","37738"
"cr1169","Container","","","empty","6.0","","","ENTITY","37739"
"cr1168","Container","","","empty","6.0","","","ENTITY","37740"
"cr1174","Container","","","empty","6.0","","","ENTITY","37741"
"cr1163","Container","","","empty","6.0","","","ENTITY","37742"
"cr1124","Container","","","empty","6.0","","","ENTITY","37743"
"cr1136","Container","","","empty","1.0","","","ENTITY","37744"
"cr1156","Container","","","empty","2.0","","","ENTITY","37745"
"cr1160","Container","","","empty","1.0","","","ENTITY","37746"
"cr1165","Container","","","empty","3.0","","","ENTITY","37747"
"cr1155","Container","","","empty","6.0","","","ENTITY","37748"
"cr1179","Container","","","empty","6.0","","","ENTITY","37749"
"cr1141","Container","","","empty","6.0","","","ENTITY","37750"
"cr1181","Container","","","empty","6.0","","","ENTITY","37751"
"cr1186","Container","","","empty","1.0","","","ENTITY","37752"
"cr1180","Container","","","empty","6.0","","","ENTITY","37753"
"cr1185","Container","","","empty","6.0","","","ENTITY","37754"
"cr1111","Container","","","empty","2.0","","","ENTITY","37755"
"cr1176","Container","","","empty","6.0","","","ENTITY","37756"
"cr1178","Container","","","empty","2.0","","","ENTITY","37757"
"cr1184","Container","","","empty","2.0","","","ENTITY","37758"
"cr1177","Container","","","empty","6.0","","","ENTITY","37759"
"cr1188","Container","","","empty","6.0","","","ENTITY","37760"
"cr1191","Container","","","empty","6.0","","","ENTITY","37761"
"cr1167","Container","","","empty","6.0","","","ENTITY","37762"
"cr1193","Container","","","empty","6.0","","","ENTITY","37763"
"cr1183","Container","","","empty","6.0","","","ENTITY","37764"
"cr1195","Container","","","empty","6.0","","","ENTITY","37765"
"cr1182","Container","","","empty","6.0","","","ENTITY","37766"
"cr1197","Container","","","empty","6.0","","","ENTITY","37767"
"cr1198","Container","","","empty","6.0","","","ENTITY","37768"
"cr1162","Container","","","empty","6.0","","","ENTITY","37769"
"cr1150","Container","","","empty","6.0","","","ENTITY","37770"
"cr1194","Container","","","empty","1.0","","","ENTITY","37771"
"cr1161","Container","","","empty","6.0","","","ENTITY","37772"
"cr1187","Container","","","empty","6.0","","","ENTITY","37773"
"cr1201","Container","","","empty","6.0","","","ENTITY","37774"
"cr1205","Container","","","empty","2.0","","","ENTITY","37775"
"cr1200","Container","","","empty","1.0","","","ENTITY","37776"
"cr1189","Container","","","empty","6.0","","","ENTITY","37777"
"cr1210","Container","","","empty","6.0","","","ENTITY","37778"
"cr1211","Container","","","empty","6.0","","","ENTITY","37779"
"cr1202","Container","","","empty","6.0","","","ENTITY","37780"
"cr1209","Container","","","empty","3.0","","","ENTITY","37781"
"cr1203","Container","","","empty","6.0","","","ENTITY","37782"
"cr1149","Container","","","empty","6.0","","","ENTITY","37783"
"cr1199","Container","","","empty","6.0","","","ENTITY","37784"
"cr1227","Container","","","empty","6.0","","","ENTITY","37785"
"cr1190","Container","","","empty","5.0","","","ENTITY","37786"
"cr1220","Container","","","empty","6.0","","","ENTITY","37787"
"cr1231","Container","","","empty","6.0","","","ENTITY","37788"
"cr1216","Container","","","empty","6.0","","","ENTITY","37789"
"cr1217","Container","","","empty","6.0","","","ENTITY","37790"
"cr1218","Container","","","empty","6.0","","","ENTITY","37791"
"cr1207","Container","","","empty","6.0","","","ENTITY","37792"
"cr1229","Container","","","empty","6.0","","","ENTITY","37793"
"cr1221","Container","","","empty","6.0","","","ENTITY","37794"
"cr1212","Container","","","empty","6.0","","","ENTITY","37795"
"cr1213","Container","","","empty","2.0","","","ENTITY","37796"
"cr1208","Container","","","empty","6.0","","","ENTITY","37797"
"cr1204","Container","","","empty","6.0","","","ENTITY","37798"
"cr1215","Container","","","empty","6.0","","","ENTITY","37799"
"cr1196","Container","","","empty","3.0","","","ENTITY","37800"
"cr1206","Container","","","empty","6.0","","","ENTITY","37801"
"cr1230","Container","","","empty","6.0","","","ENTITY","37802"
"cr1192","Container","","","empty","6.0","","","ENTITY","37803"
"cr1240","Container","","","empty","3.0","","","ENTITY","37804"
"cr1226","Container","","","empty","6.0","","","ENTITY","37805"
"cr1222","Container","","","empty","6.0","","","ENTITY","37806"
"cr1224","Container","","","empty","6.0","","","ENTITY","37807"
"cr1219","Container","","","empty","3.0","","","ENTITY","37808"
"cr1234","Container","","","empty","6.0","","","ENTITY","37809"
"cr1223","Container","","","empty","3.0","","","ENTITY","37810"
"cr1252","Container","","","empty","6.0","","","ENTITY","37811"
"cr1225","Container","","","empty","6.0","","","ENTITY","37812"
"cr1236","Container","","","empty","6.0","","","ENTITY","37813"
"cr1244","Container","","","empty","6.0","","","ENTITY","37814"
"cr1214","Container","","","empty","6.0","","","ENTITY","37815"
"cr1248","Container","","","empty","3.0","","","ENTITY","37816"
"cr1256","Container","","","empty","3.0","","","ENTITY","37817"
"cr1247","Container","","","empty","6.0","","","ENTITY","37818"
"cr1228","Container","","","empty","2.0","","","ENTITY","37819"
"cr1267","Container","","","empty","6.0","","","ENTITY","37820"
"cr1232","Container","","","empty","1.0","","","ENTITY","37821"
"cr1241","Container","","","empty","6.0","","","ENTITY","37822"
"cr1258","Container","","","empty","6.0","","","ENTITY","37823"
"cr1239","Container","","","empty","6.0","","","ENTITY","37824"
"cr1246","Container","","","empty","4.0","","","ENTITY","37825"
"cr1269","Container","","","empty","6.0","","","ENTITY","37826"
"cr1268","Container","","","empty","2.0","","","ENTITY","37827"
"cr1238","Container","","","empty","2.0","","","ENTITY","37828"
"cr1254","Container","","","empty","6.0","","","ENTITY","37829"
"cr1250","Container","","","empty","6.0","","","ENTITY","37830"
"cr1278","Container","","","empty","6.0","","","ENTITY","37831"
"cr1243","Container","","","empty","6.0","","","ENTITY","37832"
"cr1277","Container","","","empty","6.0","","","ENTITY","37833"
"cr1260","Container","","","empty","2.0","","","ENTITY","37834"
"cr1242","Container","","","empty","6.0","","","ENTITY","37835"
"cr1264","Container","","","empty","2.0","","","ENTITY","37836"
"cr1279","Container","","","empty","6.0","","","ENTITY","37837"
"cr1281","Container","","","empty","3.0","","","ENTITY","37838"
"cr1265","Container","","","empty","6.0","","","ENTITY","37839"
"cr1257","Container","","","empty","6.0","","","ENTITY","37840"
"cr1276","Container","","","empty","6.0","","","ENTITY","37841"
"cr1261","Container","","","empty","6.0","","","ENTITY","37842"
"cr1272","Container","","","empty","6.0","","","ENTITY","37843"
"cr1282","Container","","","empty","6.0","","","ENTITY","37844"
"cr1259","Container","","","empty","6.0","","","ENTITY","37845"
"cr1284","Container","","","empty","6.0","","","ENTITY","37846"
"cr1271","Container","","","empty","6.0","","","ENTITY","37847"
"cr1275","Container","","","empty","6.0","","","ENTITY","37848"
"cr1245","Container","","","empty","6.0","","","ENTITY","37849"
"cr1283","Container","","","empty","6.0","","","ENTITY","37850"
"cr1273","Container","","","empty","5.0","","","ENTITY","37851"
"cr1263","Container","","","empty","6.0","","","ENTITY","37852"
"cr1262","Container","","","empty","6.0","","","ENTITY","37853"
"cr1233","Container","","","empty","6.0","","","ENTITY","37854"
"cr1280","Container","","","empty","6.0","","","ENTITY","37855"
"cr1235","Container","","","empty","6.0","","","ENTITY","37856"
"cr1249","Container","","","empty","6.0","","","ENTITY","37857"
"cr1274","Container","","","empty","6.0","","","ENTITY","37858"
"cr1251","Container","","","empty","6.0","","","ENTITY","37859"
"cr1270","Container","","","empty","6.0","","","ENTITY","37860"
"cr1309","Container","","","empty","6.0","","","ENTITY","37861"
"cr1297","Container","","","empty","6.0","","","ENTITY","37862"
"cr1287","Container","","","empty","6.0","","","ENTITY","37863"
"cr1288","Container","","","empty","6.0","","","ENTITY","37864"
"cr1298","Container","","","empty","5.0","","","ENTITY","37865"
"cr1306","Container","","","empty","6.0","","","ENTITY","37866"
"cr1305","Container","","","empty","6.0","","","ENTITY","37867"
"cr1285","Container","","","empty","6.0","","","ENTITY","37868"
"cr1266","Container","","","empty","6.0","","","ENTITY","37869"
"cr1295","Container","","","empty","6.0","","","ENTITY","37870"
"cr1307","Container","","","empty","4.0","","","ENTITY","37871"
"cr1292","Container","","","empty","6.0","","","ENTITY","37872"
"cr1304","Container","","","empty","6.0","","","ENTITY","37873"
"cr1303","Container","","","empty","6.0","","","ENTITY","37874"
"cr1293","Container","","","empty","6.0","","","ENTITY","37875"
"cr1291","Container","","","empty","4.0","","","ENTITY","37876"
"cr1317","Container","","","empty","5.0","","","ENTITY","37877"
"cr1296","Container","","","empty","6.0","","","ENTITY","37878"
"cr1311","Container","","","empty","6.0","","","ENTITY","37879"
"cr1286","Container","","","empty","6.0","","","ENTITY","37880"
"cr1290","Container","","","empty","6.0","","","ENTITY","37881"
"cr1237","Container","","","empty","6.0","","","ENTITY","37882"
"cr1310","Container","","","empty","1.0","","","ENTITY","37883"
"cr1300","Container","","","empty","6.0","","","ENTITY","37884"
"cr1301","Container","","","empty","6.0","","","ENTITY","37885"
"cr1255","Container","","","empty","6.0","","","ENTITY","37886"
"cr1314","Container","","","empty","2.0","","","ENTITY","37887"
"cr1326","Container","","","empty","3.0","","","ENTITY","37888"
"cr1325","Container","","","empty","6.0","","","ENTITY","37889"
"cr1323","Container","","","empty","6.0","","","ENTITY","37890"
"cr1319","Container","","","empty","6.0","","","ENTITY","37891"
"cr1299","Container","","","empty","6.0","","","ENTITY","37892"
"cr1324","Container","","","empty","6.0","","","ENTITY","37893"
"cr1315","Container","","","empty","6.0","","","ENTITY","37894"
"cr1327","Container","","","empty","6.0","","","ENTITY","37895"
"cr1294","Container","","","empty","6.0","","","ENTITY","37896"
"cr1253","Container","","","empty","4.0","","","ENTITY","37897"
"cr1336","Container","","","empty","4.0","","","ENTITY","37898"
"cr1289","Container","","","empty","2.0","","","ENTITY","37899"
"cr1330","Container","","","empty","6.0","","","ENTITY","37900"
"cr1312","Container","","","empty","6.0","","","ENTITY","37901"
"cr1339","Container","","","empty","6.0","","","ENTITY","37902"
"cr1340","Container","","","empty","5.0","","","ENTITY","37903"
"cr1302","Container","","","empty","4.0","","","ENTITY","37904"
"cr1316","Container","","","empty","6.0","","","ENTITY","37905"
"cr1337","Container","","","empty","6.0","","","ENTITY","37906"
"cr1318","Container","","","empty","6.0","","","ENTITY","37907"
"cr1313","Container","","","empty","6.0","","","ENTITY","37908"
"cr1328","Container","","","empty","6.0","","","ENTITY","37909"
"cr1335","Container","","","empty","6.0","","","ENTITY","37910"
"cr1343","Container","","","empty","4.0","","","ENTITY","37911"
"cr1350","Container","","","empty","4.0","","","ENTITY","37912"
"cr1308","Container","","","empty","6.0","","","ENTITY","37913"
"cr1338","Container","","","empty","6.0","","","ENTITY","37914"
"cr1334","Container","","","empty","6.0","","","ENTITY","37915"
"cr1332","Container","","","empty","6.0","","","ENTITY","37916"
"cr1322","Container","","","empty","2.0","","","ENTITY","37917"
"cr1345","Container","","","empty","6.0","","","ENTITY","37918"
"cr1320","Container","","","empty","6.0","","","ENTITY","37919"
"cr1355","Container","","","empty","6.0","","","ENTITY","37920"
"cr1344","Container","","","empty","6.0","","","ENTITY","37921"
"cr1349","Container","","","empty","6.0","","","ENTITY","37922"
"cr1341","Container","","","empty","6.0","","","ENTITY","37923"
"cr1333","Container","","","empty","5.0","","","ENTITY","37924"
"cr1342","Container","","","empty","6.0","","","ENTITY","37925"
"cr1357","Container","","","empty","6.0","","","ENTITY","37926"
"cr1329","Container","","","empty","6.0","","","ENTITY","37927"
"cr1331","Container","","","empty","2.0","","","ENTITY","37928"
"cr1360","Container","","","empty","6.0","","","ENTITY","37929"
"cr1363","Container","","","empty","6.0","","","ENTITY","37930"
"cr1359","Container","","","empty","6.0","","","ENTITY","37931"
"cr1353","Container","","","empty","6.0","","","ENTITY","37932"
"cr1365","Container","","","empty","4.0","","","ENTITY","37933"
"cr1348","Container","","","empty","4.0","","","ENTITY","37934"
"cr1351","Container","","","empty","6.0","","","ENTITY","37935"
"cr1352","Container","","","empty","6.0","","","ENTITY","37936"
"cr1377","Container","","","empty","6.0","","","ENTITY","37937"
"cr1369","Container","","","empty","6.0","","","ENTITY","37938"
"cr1361","Container","","","empty","6.0","","","ENTITY","37939"
"cr1362","Container","","","empty","4.0","","","ENTITY","37940"
"cr1364","Container","","","empty","6.0","","","ENTITY","37941"
"cr1347","Container","","","empty","6.0","","","ENTITY","37942"
"cr1381","Container","","","empty","3.0","","","ENTITY","37943"
"cr1392","Container","","","empty","1.0","","","ENTITY","37944"
"cr1384","Container","","","empty","2.0","","","ENTITY","37945"
"cr1354","Container","","","empty","1.0","","","ENTITY","37946"
"cr1390","Container","","","empty","6.0","","","ENTITY","37947"
"cr1383","Container","","","empty","6.0","","","ENTITY","37948"
"cr1376","Container","","","empty","2.0","","","ENTITY","37949"
"cr1321","Container","","","empty","6.0","","","ENTITY","37950"
"cr1387","Container","","","empty","3.0","","","ENTITY","37951"
"cr1385","Container","","","empty","6.0","","","ENTITY","37952"
"cr1395","Container","","","empty","6.0","","","ENTITY","37953"
"cr1386","Container","","","empty","6.0","","","ENTITY","37954"
"cr1356","Container","","","empty","6.0","","","ENTITY","37955"
"cr1380","Container","","","empty","6.0","","","ENTITY","37956"
"cr1346","Container","","","empty","6.0","","","ENTITY","37957"
"cr1396","Container","","","empty","6.0","","","ENTITY","37958"
"cr1366","Container","","","empty","6.0","","","ENTITY","37959"
"cr1389","Container","","","empty","6.0","","","ENTITY","37960"
"cr1400","Container","","","empty","6.0","","","ENTITY","37961"
"cr1401","Container","","","empty","6.0","","","ENTITY","37962"
"cr1402","Container","","","empty","6.0","","","ENTITY","37963"
"cr1403","Container","","","empty","3.0","","","ENTITY","37964"
"cr1391","Container","","","empty","6.0","","","ENTITY","37965"
"cr1367","Container","","","empty","6.0","","","ENTITY","37966"
"cr1370","Container","","","empty","6.0","","","ENTITY","37967"
"cr1375","Container","","","empty","6.0","","","ENTITY","37968"
"cr1379","Container","","","empty","6.0","","","ENTITY","37969"
"cr1358","Container","","","empty","2.0","","","ENTITY","37970"
"cr1382","Container","","","empty","6.0","","","ENTITY","37971"
"cr1374","Container","","","empty","6.0","","","ENTITY","37972"
"cr1407","Container","","","empty","2.0","","","ENTITY","37973"
"cr1398","Container","","","empty","6.0","","","ENTITY","37974"
"cr1368","Container","","","empty","2.0","","","ENTITY","37975"
"cr1397","Container","","","empty","4.0","","","ENTITY","37976"
"cr1405","Container","","","empty","6.0","","","ENTITY","37977"
"cr1371","Container","","","empty","6.0","","","ENTITY","37978"
"cr1372","Container","","","empty","6.0","","","ENTITY","37979"
"cr1378","Container","","","empty","6.0","","","ENTITY","37980"
"cr1412","Container","","","empty","6.0","","","ENTITY","37981"
"cr1404","Container","","","empty","6.0","","","ENTITY","37982"
"cr1399","Container","","","empty","1.0","","","ENTITY","37983"
"cr1417","Container","","","empty","6.0","","","ENTITY","37984"
"cr1418","Container","","","empty","6.0","","","ENTITY","37985"
"cr1419","Container","","","empty","6.0","","","ENTITY","37986"
"cr1420","Container","","","empty","6.0","","","ENTITY","37987"
"cr1428","Container","","","empty","6.0","","","ENTITY","37988"
"cr1413","Container","","","empty","6.0","","","ENTITY","37989"
"cr1406","Container","","","empty","6.0","","","ENTITY","37990"
"cr1422","Container","","","empty","6.0","","","ENTITY","37991"
"cr1435","Container","","","empty","4.0","","","ENTITY","37992"
"cr1424","Container","","","empty","1.0","","","ENTITY","37993"
"cr1421","Container","","","empty","6.0","","","ENTITY","37994"
"cr1393","Container","","","empty","6.0","","","ENTITY","37995"
"cr1434","Container","","","empty","6.0","","","ENTITY","37996"
"cr1439","Container","","","empty","6.0","","","ENTITY","37997"
"cr1408","Container","","","empty","6.0","","","ENTITY","37998"
"cr1388","Container","","","empty","6.0","","","ENTITY","37999"
"cr1443","Container","","","empty","6.0","","","ENTITY","38000"
"cr1437","Container","","","empty","3.0","","","ENTITY","38001"
"cr1438","Container","","","empty","6.0","","","ENTITY","38002"
"cr1447","Container","","","empty","6.0","","","ENTITY","38003"
"cr1442","Container","","","empty","5.0","","","ENTITY","38004"
"cr1451","Container","","","empty","6.0","","","ENTITY","38005"
"cr1436","Container","","","empty","6.0","","","ENTITY","38006"
"cr1452","Container","","","empty","2.0","","","ENTITY","38007"
"cr1446","Container","","","empty","6.0","","","ENTITY","38008"
"cr1444","Container","","","empty","6.0","","","ENTITY","38009"
"cr1433","Container","","","empty","6.0","","","ENTITY","38010"
"cr1415","Container","","","empty","6.0","","","ENTITY","38011"
"cr1411","Container","","","empty","6.0","","","ENTITY","38012"
"cr1423","Container","","","empty","6.0","","","ENTITY","38013"
"cr1441","Container","","","empty","6.0","","","ENTITY","38014"
"cr1430","Container","","","empty","6.0","","","ENTITY","38015"
"cr1450","Container","","","empty","6.0","","","ENTITY","38016"
"cr1440","Container","","","empty","6.0","","","ENTITY","38017"
"cr1427","Container","","","empty","6.0","","","ENTITY","38018"
"cr1414","Container","","","empty","6.0","","","ENTITY","38019"
"cr1409","Container","","","empty","6.0","","","ENTITY","38020"
"cr1445","Container","","","empty","6.0","","","ENTITY","38021"
"cr1431","Container","","","empty","6.0","","","ENTITY","38022"
"cr1373","Container","","","empty","3.0","","","ENTITY","38023"
"cr1426","Container","","","empty","6.0","","","ENTITY","38024"
"cr1454","Container","","","empty","5.0","","","ENTITY","38025"
"cr1464","Container","","","empty","6.0","","","ENTITY","38026"
"cr1425","Container","","","empty","6.0","","","ENTITY","38027"
"cr1448","Container","","","empty","6.0","","","ENTITY","38028"
"cr1394","Container","","","empty","6.0","","","ENTITY","38029"
"cr1457","Container","","","empty","5.0","","","ENTITY","38030"
"cr1468","Container","","","empty","6.0","","","ENTITY","38031"
"cr1466","Container","","","empty","1.0","","","ENTITY","38032"
"cr1416","Container","","","empty","4.0","","","ENTITY","38033"
"cr1477","Container","","","empty","6.0","","","ENTITY","38034"
"cr1463","Container","","","empty","6.0","","","ENTITY","38035"
"cr1449","Container","","","empty","6.0","","","ENTITY","38036"
"cr1458","Container","","","empty","6.0","","","ENTITY","38037"
"cr1481","Container","","","empty","5.0","","","ENTITY","38038"
"cr1456","Container","","","empty","6.0","","","ENTITY","38039"
"cr1459","Container","","","empty","6.0","","","ENTITY","38040"
"cr1465","Container","","","empty","6.0","","","ENTITY","38041"
"cr1455","Container","","","empty","6.0","","","ENTITY","38042"
"cr1410","Container","","","empty","6.0","","","ENTITY","38043"
"cr1474","Container","","","empty","5.0","","","ENTITY","38044"
"cr1462","Container","","","empty","5.0","","","ENTITY","38045"
"cr1453","Container","","","empty","6.0","","","ENTITY","38046"
"cr1470","Container","","","empty","6.0","","","ENTITY","38047"
"cr1461","Container","","","empty","6.0","","","ENTITY","38048"
"cr1486","Container","","","empty","6.0","","","ENTITY","38049"
"cr1483","Container","","","empty","5.0","","","ENTITY","38050"
"cr1482","Container","","","empty","6.0","","","ENTITY","38051"
"cr1467","Container","","","empty","6.0","","","ENTITY","38052"
"cr1472","Container","","","empty","6.0","","","ENTITY","38053"
"cr1473","Container","","","empty","6.0","","","ENTITY","38054"
"cr1432","Container","","","empty","6.0","","","ENTITY","38055"
"cr1492","Container","","","empty","6.0","","","ENTITY","38056"
"cr1478","Container","","","empty","6.0","","","ENTITY","38057"
"cr1476","Container","","","empty","5.0","","","ENTITY","38058"
"cr1475","Container","","","empty","6.0","","","ENTITY","38059"
"cr1494","Container","","","empty","6.0","","","ENTITY","38060"
"cr1496","Container","","","empty","6.0","","","ENTITY","38061"
"cr1495","Container","","","empty","6.0","","","ENTITY","38062"
"cr1498","Container","","","empty","6.0","","","ENTITY","38063"
"cr1505","Container","","","empty","6.0","","","ENTITY","38064"
"cr1497","Container","","","empty","6.0","","","ENTITY","38065"
"cr1469","Container","","","empty","6.0","","","ENTITY","38066"
"cr1487","Container","","","empty","6.0","","","ENTITY","38067"
"cr1504","Container","","","empty","6.0","","","ENTITY","38068"
"cr1508","Container","","","empty","5.0","","","ENTITY","38069"
"cr1429","Container","","","empty","5.0","","","ENTITY","38070"
"cr1507","Container","","","empty","6.0","","","ENTITY","38071"
"cr1490","Container","","","empty","6.0","","","ENTITY","38072"
"cr1485","Container","","","empty","6.0","","","ENTITY","38073"
"cr1471","Container","","","empty","6.0","","","ENTITY","38074"
"cr1460","Container","","","empty","6.0","","","ENTITY","38075"
"cr1500","Container","","","empty","6.0","","","ENTITY","38076"
"cr1501","Container","","","empty","3.0","","","ENTITY","38077"
"cr1513","Container","","","empty","6.0","","","ENTITY","38078"
"cr1510","Container","","","empty","6.0","","","ENTITY","38079"
"cr1480","Container","","","empty","6.0","","","ENTITY","38080"
"cr1488","Container","","","empty","3.0","","","ENTITY","38081"
"cr1484","Container","","","empty","6.0","","","ENTITY","38082"
"cr1489","Container","","","empty","6.0","","","ENTITY","38083"
"cr1512","Container","","","empty","6.0","","","ENTITY","38084"
"cr1491","Container","","","empty","6.0","","","ENTITY","38085"
"cr1499","Container","","","empty","6.0","","","ENTITY","38086"
"cr1493","Container","","","empty","6.0","","","ENTITY","38087"
"cr1506","Container","","","empty","2.0","","","ENTITY","38088"
"cr1516","Container","","","empty","6.0","","","ENTITY","38089"
"cr1528","Container","","","empty","6.0","","","ENTITY","38090"
"cr1521","Container","","","empty","4.0","","","ENTITY","38091"
"cr1517","Container","","","empty","6.0","","","ENTITY","38092"
"cr1502","Container","","","empty","6.0","","","ENTITY","38093"
"cr1479","Container","","","empty","1.0","","","ENTITY","38094"
"cr1533","Container","","","empty","6.0","","","ENTITY","38095"
"cr1524","Container","","","empty","6.0","","","ENTITY","38096"
"cr1529","Container","","","empty","6.0","","","ENTITY","38097"
"cr1537","Container","","","empty","6.0","","","ENTITY","38098"
"cr1543","Container","","","empty","3.0","","","ENTITY","38099"
"cr1535","Container","","","empty","1.0","","","ENTITY","38100"
"cr1527","Container","","","empty","1.0","","","ENTITY","38101"
"cr1511","Container","","","empty","6.0","","","ENTITY","38102"
"cr1542","Container","","","empty","6.0","","","ENTITY","38103"
"cr1526","Container","","","empty","6.0","","","ENTITY","38104"
"cr1534","Container","","","empty","6.0","","","ENTITY","38105"
"cr1515","Container","","","empty","6.0","","","ENTITY","38106"
"cr1514","Container","","","empty","6.0","","","ENTITY","38107"
"cr1530","Container","","","empty","1.0","","","ENTITY","38108"
"cr1519","Container","","","empty","1.0","","","ENTITY","38109"
"cr1531","Container","","","empty","6.0","","","ENTITY","38110"
"cr1509","Container","","","empty","6.0","","","ENTITY","38111"
"cr1538","Container","","","empty","6.0","","","ENTITY","38112"
"cr1536","Container","","","empty","6.0","","","ENTITY","38113"
"cr1541","Container","","","empty","6.0","","","ENTITY","38114"
"cr1525","Container","","","empty","6.0","","","ENTITY","38115"
"cr1520","Container","","","empty","6.0","","","ENTITY","38116"
"cr1547","Container","","","empty","6.0","","","ENTITY","38117"
"cr1550","Container","","","empty","6.0","","","ENTITY","38118"
"cr1551","Container","","","empty","2.0","","","ENTITY","38119"
"cr1522","Container","","","empty","6.0","","","ENTITY","38120"
"cr1544","Container","","","empty","6.0","","","ENTITY","38121"
"cr1532","Container","","","empty","6.0","","","ENTITY","38122"
"cr1554","Container","","","empty","6.0","","","ENTITY","38123"
"cr1560","Container","","","empty","6.0","","","ENTITY","38124"
"cr1563","Container","","","empty","5.0","","","ENTITY","38125"
"cr1546","Container","","","empty","6.0","","","ENTITY","38126"
"cr1559","Container","","","empty","3.0","","","ENTITY","38127"
"cr1558","Container","","","empty","6.0","","","ENTITY","38128"
"cr1566","Container","","","empty","6.0","","","ENTITY","38129"
"cr1553","Container","","","empty","6.0","","","ENTITY","38130"
"cr1564","Container","","","empty","6.0","","","ENTITY","38131"
"cr1552","Container","","","empty","6.0","","","ENTITY","38132"
"cr1557","Container","","","empty","6.0","","","ENTITY","38133"
"cr1540","Container","","","empty","6.0","","","ENTITY","38134"
"cr1556","Container","","","empty","4.0","","","ENTITY","38135"
"cr1562","Container","","","empty","6.0","","","ENTITY","38136"
"cr1567","Container","","","empty","3.0","","","ENTITY","38137"
"cr1565","Container","","","empty","6.0","","","ENTITY","38138"
"cr1518","Container","","","empty","6.0","","","ENTITY","38139"
"cr1523","Container","","","empty","6.0","","","ENTITY","38140"
"cr1572","Container","","","empty","6.0","","","ENTITY","38141"
"cr1545","Container","","","empty","2.0","","","ENTITY","38142"
"cr1503","Container","","","empty","1.0","","","ENTITY","38143"
"cr1539","Container","","","empty","6.0","","","ENTITY","38144"
"cr1555","Container","","","empty","6.0","","","ENTITY","38145"
"cr1570","Container","","","empty","4.0","","","ENTITY","38146"
"cr1561","Container","","","empty","6.0","","","ENTITY","38147"
"cr1573","Container","","","empty","6.0","","","ENTITY","38148"
"cr1548","Container","","","empty","6.0","","","ENTITY","38149"
"cr1568","Container","","","empty","6.0","","","ENTITY","38150"
"cr1577","Container","","","empty","6.0","","","ENTITY","38151"
"cr1574","Container","","","empty","6.0","","","ENTITY","38152"
"cr1575","Container","","","empty","6.0","","","ENTITY","38153"
"cr1578","Container","","","empty","6.0","","","ENTITY","38154"
"cr1576","Container","","","empty","4.0","","","ENTITY","38155"
"cr1569","Container","","","empty","6.0","","","ENTITY","38156"
"cr1585","Container","","","empty","6.0","","","ENTITY","38157"
"cr1571","Container","","","empty","6.0","","","ENTITY","38158"
"cr1589","Container","","","empty","6.0","","","ENTITY","38159"
"cr1586","Container","","","empty","6.0","","","ENTITY","38160"
"cr1582","Container","","","empty","6.0","","","ENTITY","38161"
"cr1583","Container","","","empty","3.0","","","ENTITY","38162"
"cr1591","Container","","","empty","6.0","","","ENTITY","38163"
"cr1579","Container","","","empty","6.0","","","ENTITY","38164"
"cr1549","Container","","","empty","1.0","","","ENTITY","38165"
"cr1594","Container","","","empty","5.0","","","ENTITY","38166"
"cr1592","Container","","","empty","3.0","","","ENTITY","38167"
"cr1587","Container","","","empty","1.0","","","ENTITY","38168"
"cr1581","Container","","","empty","6.0","","","ENTITY","38169"
"cr1584","Container","","","empty","6.0","","","ENTITY","38170"
"cr1598","Container","","","empty","6.0","","","ENTITY","38171"
"cr1596","Container","","","empty","6.0","","","ENTITY","38172"
"cr1607","Container","","","empty","6.0","","","ENTITY","38173"
"cr1606","Container","","","empty","6.0","","","ENTITY","38174"
"cr1604","Container","","","empty","4.0","","","ENTITY","38175"
"cr1602","Container","","","empty","6.0","","","ENTITY","38176"
"cr1597","Container","","","empty","6.0","","","ENTITY","38177"
"cr1611","Container","","","empty","6.0","","","ENTITY","38178"
"cr1608","Container","","","empty","5.0","","","ENTITY","38179"
"cr1580","Container","","","empty","6.0","","","ENTITY","38180"
"cr1609","Container","","","empty","6.0","","","ENTITY","38181"
"cr1599","Container","","","empty","6.0","","","ENTITY","38182"
"cr1615","Container","","","empty","2.0","","","ENTITY","38183"
"cr1621","Container","","","empty","6.0","","","ENTITY","38184"
"cr1603","Container","","","empty","6.0","","","ENTITY","38185"
"cr1614","Container","","","empty","6.0","","","ENTITY","38186"
"cr1590","Container","","","empty","4.0","","","ENTITY","38187"
"cr1613","Container","","","empty","5.0","","","ENTITY","38188"
"cr1616","Container","","","empty","6.0","","","ENTITY","38189"
"cr1629","Container","","","empty","2.0","","","ENTITY","38190"
"cr1595","Container","","","empty","6.0","","","ENTITY","38191"
"cr1593","Container","","","empty","6.0","","","ENTITY","38192"
"cr1624","Container","","","empty","3.0","","","ENTITY","38193"
"cr1612","Container","","","empty","6.0","","","ENTITY","38194"
"cr1601","Container","","","empty","6.0","","","ENTITY","38195"
"cr1605","Container","","","empty","6.0","","","ENTITY","38196"
"cr1618","Container","","","empty","2.0","","","ENTITY","38197"
"cr1623","Container","","","empty","6.0","","","ENTITY","38198"
"cr1588","Container","","","empty","6.0","","","ENTITY","38199"
"cr1619","Container","","","empty","6.0","","","ENTITY","38200"
"cr1620","Container","","","empty","6.0","","","ENTITY","38201"
"cr1627","Container","","","empty","5.0","","","ENTITY","38202"
"cr1622","Container","","","empty","6.0","","","ENTITY","38203"
"cr1638","Container","","","empty","6.0","","","ENTITY","38204"
"cr1628","Container","","","empty","6.0","","","ENTITY","38205"
"cr1639","Container","","","empty","5.0","","","ENTITY","38206"
"cr1610","Container","","","empty","6.0","","","ENTITY","38207"
"cr1600","Container","","","empty","6.0","","","ENTITY","38208"
"cr1617","Container","","","empty","6.0","","","ENTITY","38209"
"cr1642","Container","","","empty","6.0","","","ENTITY","38210"
"cr1641","Container","","","empty","6.0","","","ENTITY","38211"
"cr1640","Container","","","empty","6.0","","","ENTITY","38212"
"cr1626","Container","","","empty","6.0","","","ENTITY","38213"
"cr1635","Container","","","empty","6.0","","","ENTITY","38214"
"cr1625","Container","","","empty","6.0","","","ENTITY","38215"
"cr1649","Container","","","empty","3.0","","","ENTITY","38216"
"cr1651","Container","","","empty","6.0","","","ENTITY","38217"
"cr1647","Container","","","empty","6.0","","","ENTITY","38218"
"cr1644","Container","","","empty","4.0","","","ENTITY","38219"
"cr1643","Container","","","empty","6.0","","","ENTITY","38220"
"cr1637","Container","","","empty","5.0","","","ENTITY","38221"
"cr1656","Container","","","empty","4.0","","","ENTITY","38222"
"cr1631","Container","","","empty","6.0","","","ENTITY","38223"
"cr1633","Container","","","empty","6.0","","","ENTITY","38224"
"cr1657","Container","","","empty","6.0","","","ENTITY","38225"
"cr1659","Container","","","empty","6.0","","","ENTITY","38226"
"cr1662","Container","","","empty","3.0","","","ENTITY","38227"
"cr1670","Container","","","empty","6.0","","","ENTITY","38228"
"cr1669","Container","","","empty","6.0","","","ENTITY","38229"
"cr1672","Container","","","empty","2.0","","","ENTITY","38230"
"cr1671","Container","","","empty","6.0","","","ENTITY","38231"
"cr1654","Container","","","empty","2.0","","","ENTITY","38232"
"cr1652","Container","","","empty","6.0","","","ENTITY","38233"
"cr1653","Container","","","empty","6.0","","","ENTITY","38234"
"cr1667","Container","","","empty","6.0","","","ENTITY","38235"
"cr1664","Container","","","empty","6.0","","","ENTITY","38236"
"cr1665","Container","","","empty","6.0","","","ENTITY","38237"
"cr1660","Container","","","empty","6.0","","","ENTITY","38238"
"cr1648","Container","","","empty","6.0","","","ENTITY","38239"
"cr1668","Container","","","empty","6.0","","","ENTITY","38240"
"cr1677","Container","","","empty","6.0","","","ENTITY","38241"
"cr1658","Container","","","empty","1.0","","","ENTITY","38242"
"cr1650","Container","","","empty","6.0","","","ENTITY","38243"
"cr1666","Container","","","empty","6.0","","","ENTITY","38244"
"cr1661","Container","","","empty","6.0","","","ENTITY","38245"
"cr1679","Container","","","empty","4.0","","","ENTITY","38246"
"cr1636","Container","","","empty","6.0","","","ENTITY","38247"
"cr1682","Container","","","empty","6.0","","","ENTITY","38248"
"cr1683","Container","","","empty","6.0","","","ENTITY","38249"
"cr1646","Container","","","empty","6.0","","","ENTITY","38250"
"cr1674","Container","","","empty","1.0","","","ENTITY","38251"
"cr1634","Container","","","empty","1.0","","","ENTITY","38252"
"cr1680","Container","","","empty","6.0","","","ENTITY","38253"
"cr1691","Container","","","empty","6.0","","","ENTITY","38254"
"cr1630","Container","","","empty","6.0","","","ENTITY","38255"
"cr1684","Container","","","empty","5.0","","","ENTITY","38256"
"cr1693","Container","","","empty","6.0","","","ENTITY","38257"
"cr1696","Container","","","empty","1.0","","","ENTITY","38258"
"cr1695","Container","","","empty","6.0","","","ENTITY","38259"
"cr1688","Container","","","empty","6.0","","","ENTITY","38260"
"cr1673","Container","","","empty","6.0","","","ENTITY","38261"
"cr1663","Container","","","empty","6.0","","","ENTITY","38262"
"cr1694","Container","","","empty","6.0","","","ENTITY","38263"
"cr1685","Container","","","empty","6.0","","","ENTITY","38264"
"cr1702","Container","","","empty","5.0","","","ENTITY","38265"
"cr1655","Container","","","empty","6.0","","","ENTITY","38266"
"cr1700","Container","","","empty","6.0","","","ENTITY","38267"
"cr1704","Container","","","empty","6.0","","","ENTITY","38268"
"cr1703","Container","","","empty","6.0","","","ENTITY","38269"
"cr1675","Container","","","empty","6.0","","","ENTITY","38270"
"cr1705","Container","","","empty","1.0","","","ENTITY","38271"
"cr1676","Container","","","empty","6.0","","","ENTITY","38272"
"cr1645","Container","","","empty","6.0","","","ENTITY","38273"
"cr1632","Container","","","empty","6.0","","","ENTITY","38274"
"cr1710","Container","","","empty","6.0","","","ENTITY","38275"
"cr1698","Container","","","empty","6.0","","","ENTITY","38276"
"cr1699","Container","","","empty","6.0","","","ENTITY","38277"
"cr1689","Container","","","empty","5.0","","","ENTITY","38278"
"cr1708","Container","","","empty","6.0","","","ENTITY","38279"
"cr1707","Container","","","empty","6.0","","","ENTITY","38280"
"cr1681","Container","","","empty","3.0","","","ENTITY","38281"
"cr1713","Container","","","empty","6.0","","","ENTITY","38282"
"cr1706","Container","","","empty","6.0","","","ENTITY","38283"
"cr1686","Container","","","empty","6.0","","","ENTITY","38284"
"cr1714","Container","","","empty","6.0","","","ENTITY","38285"
"cr1678","Container","","","empty","6.0","","","ENTITY","38286"
"cr1701","Container","","","empty","6.0","","","ENTITY","38287"
"cr1712","Container","","","empty","3.0","","","ENTITY","38288"
"cr1697","Container","","","empty","6.0","","","ENTITY","38289"
"cr1709","Container","","","empty","3.0","","","ENTITY","38290"
"cr1720","Container","","","empty","5.0","","","ENTITY","38291"
"cr1717","Container","","","empty","6.0","","","ENTITY","38292"
"cr1719","Container","","","empty","6.0","","","ENTITY","38293"
"cr1721","Container","","","empty","6.0","","","ENTITY","38294"
"cr1718","Container","","","empty","6.0","","","ENTITY","38295"
"cr1722","Container","","","empty","1.0","","","ENTITY","38296"
"cr1687","Container","","","empty","6.0","","","ENTITY","38297"
"cr1734","Container","","","empty","6.0","","","ENTITY","38298"
"cr1724","Container","","","empty","6.0","","","ENTITY","38299"
"cr1730","Container","","","empty","3.0","","","ENTITY","38300"
"cr1716","Container","","","empty","6.0","","","ENTITY","38301"
"cr1740","Container","","","empty","6.0","","","ENTITY","38302"
"cr1723","Container","","","empty","6.0","","","ENTITY","38303"
"cr1747","Container","","","empty","6.0","","","ENTITY","38304"
"cr1743","Container","","","empty","6.0","","","ENTITY","38305"
"cr1749","Container","","","empty","6.0","","","ENTITY","38306"
"cr1750","Container","","","empty","6.0","","","ENTITY","38307"
"cr1742","Container","","","empty","4.0","","","ENTITY","38308"
"cr1729","Container","","","empty","6.0","","","ENTITY","38309"
"cr1745","Container","","","empty","6.0","","","ENTITY","38310"
"cr1731","Container","","","empty","6.0","","","ENTITY","38311"
"cr1741","Container","","","empty","6.0","","","ENTITY","38312"
"cr1757","Container","","","empty","6.0","","","ENTITY","38313"
"cr1715","Container","","","empty","1.0","","","ENTITY","38314"
"cr1690","Container","","","empty","6.0","","","ENTITY","38315"
"cr1711","Container","","","empty","6.0","","","ENTITY","38316"
"cr1733","Container","","","empty","6.0","","","ENTITY","38317"
"cr1744","Container","","","empty","6.0","","","ENTITY","38318"
"cr1692","Container","","","empty","6.0","","","ENTITY","38319"
"cr1732","Container","","","empty","6.0","","","ENTITY","38320"
"cr1746","Container","","","empty","6.0","","","ENTITY","38321"
"cr1759","Container","","","empty","6.0","","","ENTITY","38322"
"cr1739","Container","","","empty","1.0","","","ENTITY","38323"
"cr1751","Container","","","empty","6.0","","","ENTITY","38324"
"cr1735","Container","","","empty","4.0","","","ENTITY","38325"
"cr1760","Container","","","empty","5.0","","","ENTITY","38326"
"cr1758","Container","","","empty","6.0","","","ENTITY","38327"
"cr1736","Container","","","empty","6.0","","","ENTITY","38328"
"cr1763","Container","","","empty","6.0","","","ENTITY","38329"
"cr1772","Container","","","empty","4.0","","","ENTITY","38330"
"cr1769","Container","","","empty","6.0","","","ENTITY","38331"
"cr1773","Container","","","empty","6.0","","","ENTITY","38332"
"cr1765","Container","","","empty","6.0","","","ENTITY","38333"
"cr1774","Container","","","empty","6.0","","","ENTITY","38334"
"cr1777","Container","","","empty","6.0","","","ENTITY","38335"
"cr1727","Container","","","empty","6.0","","","ENTITY","38336"
"cr1767","Container","","","empty","1.0","","","ENTITY","38337"
"cr1728","Container","","","empty","6.0","","","ENTITY","38338"
"cr1748","Container","","","empty","3.0","","","ENTITY","38339"
"cr1779","Container","","","empty","6.0","","","ENTITY","38340"
"cr1778","Container","","","empty","6.0","","","ENTITY","38341"
"cr1776","Container","","","empty","6.0","","","ENTITY","38342"
"cr1738","Container","","","empty","6.0","","","ENTITY","38343"
"cr1782","Container","","","empty","6.0","","","ENTITY","38344"
"cr1737","Container","","","empty","6.0","","","ENTITY","38345"
"cr1775","Container","","","empty","2.0","","","ENTITY","38346"
"cr1726","Container","","","empty","6.0","","","ENTITY","38347"
"cr1725","Container","","","empty","2.0","","","ENTITY","38348"
"cr1786","Container","","","empty","6.0","","","ENTITY","38349"
"cr1771","Container","","","empty","6.0","","","ENTITY","38350"
"cr1753","Container","","","empty","6.0","","","ENTITY","38351"
"cr1766","Container","","","empty","6.0","","","ENTITY","38352"
"cr1787","Container","","","empty","3.0","","","ENTITY","38353"
"cr1783","Container","","","empty","6.0","","","ENTITY","38354"
"cr1781","Container","","","empty","6.0","","","ENTITY","38355"
"cr1780","Container","","","empty","5.0","","","ENTITY","38356"
"cr1792","Container","","","empty","1.0","","","ENTITY","38357"
"cr1784","Container","","","empty","1.0","","","ENTITY","38358"
"cr1768","Container","","","empty","6.0","","","ENTITY","38359"
"cr1754","Container","","","empty","6.0","","","ENTITY","38360"
"cr1793","Container","","","empty","6.0","","","ENTITY","38361"
"cr1756","Container","","","empty","1.0","","","ENTITY","38362"
"cr1762","Container","","","empty","6.0","","","ENTITY","38363"
"cr1789","Container","","","empty","6.0","","","ENTITY","38364"
"cr1803","Container","","","empty","6.0","","","ENTITY","38365"
"cr1802","Container","","","empty","6.0","","","ENTITY","38366"
"cr1804","Container","","","empty","6.0","","","ENTITY","38367"
"cr1790","Container","","","empty","1.0","","","ENTITY","38368"
"cr1761","Container","","","empty","6.0","","","ENTITY","38369"
"cr1805","Container","","","empty","5.0","","","ENTITY","38370"
"cr1794","Container","","","empty","5.0","","","ENTITY","38371"
"cr1791","Container","","","empty","6.0","","","ENTITY","38372"
"cr1752","Container","","","empty","2.0","","","ENTITY","38373"
"cr1795","Container","","","empty","6.0","","","ENTITY","38374"
"cr1788","Container","","","empty","6.0","","","ENTITY","38375"
"cr1796","Container","","","empty","6.0","","","ENTITY","38376"
"cr1798","Container","","","empty","2.0","","","ENTITY","38377"
"cr1797","Container","","","empty","6.0","","","ENTITY","38378"
"cr1755","Container","","","empty","6.0","","","ENTITY","38379"
"cr1810","Container","","","empty","6.0","","","ENTITY","38380"
"cr1814","Container","","","empty","6.0","","","ENTITY","38381"
"cr1812","Container","","","empty","3.0","","","ENTITY","38382"
"cr1825","Container","","","empty","6.0","","","ENTITY","38383"
"cr1827","Container","","","empty","5.0","","","ENTITY","38384"
"cr1811","Container","","","empty","6.0","","","ENTITY","38385"
"cr1816","Container","","","empty","2.0","","","ENTITY","38386"
"cr1826","Container","","","empty","6.0","","","ENTITY","38387"
"cr1817","Container","","","empty","6.0","","","ENTITY","38388"
"cr1823","Container","","","empty","6.0","","","ENTITY","38389"
"cr1799","Container","","","empty","6.0","","","ENTITY","38390"
"cr1770","Container","","","empty","6.0","","","ENTITY","38391"
"cr1828","Container","","","empty","6.0","","","ENTITY","38392"
"cr1822","Container","","","empty","6.0","","","ENTITY","38393"
"cr1832","Container","","","empty","3.0","","","ENTITY","38394"
"cr1800","Container","","","empty","6.0","","","ENTITY","38395"
"cr1785","Container","","","empty","6.0","","","ENTITY","38396"
"cr1807","Container","","","empty","6.0","","","ENTITY","38397"
"cr1829","Container","","","empty","6.0","","","ENTITY","38398"
"cr1833","Container","","","empty","6.0","","","ENTITY","38399"
"cr1830","Container","","","empty","6.0","","","ENTITY","38400"
"cr1831","Container","","","empty","6.0","","","ENTITY","38401"
"cr1764","Container","","","empty","6.0","","","ENTITY","38402"
"cr1808","Container","","","empty","2.0","","","ENTITY","38403"
"cr1844","Container","","","empty","3.0","","","ENTITY","38404"
"cr1824","Container","","","empty","6.0","","","ENTITY","38405"
"cr1818","Container","","","empty","6.0","","","ENTITY","38406"
"cr1821","Container","","","empty","5.0","","","ENTITY","38407"
"cr1819","Container","","","empty","6.0","","","ENTITY","38408"
"cr1809","Container","","","empty","6.0","","","ENTITY","38409"
"cr1838","Container","","","empty","6.0","","","ENTITY","38410"
"cr1837","Container","","","empty","6.0","","","ENTITY","38411"
"cr1840","Container","","","empty","4.0","","","ENTITY","38412"
"cr1845","Container","","","empty","6.0","","","ENTITY","38413"
"cr1839","Container","","","empty","6.0","","","ENTITY","38414"
"cr1835","Container","","","empty","5.0","","","ENTITY","38415"
"cr1842","Container","","","empty","6.0","","","ENTITY","38416"
"cr1850","Container","","","empty","1.0","","","ENTITY","38417"
"cr1815","Container","","","empty","6.0","","","ENTITY","38418"
"cr1820","Container","","","empty","6.0","","","ENTITY","38419"
"cr1856","Container","","","empty","6.0","","","ENTITY","38420"
"cr1843","Container","","","empty","6.0","","","ENTITY","38421"
"cr1813","Container","","","empty","6.0","","","ENTITY","38422"
"cr1857","Container","","","empty","4.0","","","ENTITY","38423"
"cr1836","Container","","","empty","6.0","","","ENTITY","38424"
"cr1859","Container","","","empty","6.0","","","ENTITY","38425"
"cr1865","Container","","","empty","6.0","","","ENTITY","38426"
"cr1867","Container","","","empty","6.0","","","ENTITY","38427"
"cr1860","Container","","","empty","3.0","","","ENTITY","38428"
"cr1872","Container","","","empty","6.0","","","ENTITY","38429"
"cr1848","Container","","","empty","2.0","","","ENTITY","38430"
"cr1868","Container","","","empty","2.0","","","ENTITY","38431"
"cr1853","Container","","","empty","6.0","","","ENTITY","38432"
"cr1862","Container","","","empty","6.0","","","ENTITY","38433"
"cr1864","Container","","","empty","6.0","","","ENTITY","38434"
"cr1877","Container","","","empty","1.0","","","ENTITY","38435"
"cr1852","Container","","","empty","5.0","","","ENTITY","38436"
"cr1806","Container","","","empty","6.0","","","ENTITY","38437"
"cr1846","Container","","","empty","6.0","","","ENTITY","38438"
"cr1882","Container","","","empty","6.0","","","ENTITY","38439"
"cr1841","Container","","","empty","6.0","","","ENTITY","38440"
"cr1873","Container","","","empty","1.0","","","ENTITY","38441"
"cr1866","Container","","","empty","6.0","","","ENTITY","38442"
"cr1855","Container","","","empty","6.0","","","ENTITY","38443"
"cr1834","Container","","","empty","6.0","","","ENTITY","38444"
"cr1883","Container","","","empty","3.0","","","ENTITY","38445"
"cr1869","Container","","","empty","6.0","","","ENTITY","38446"
"cr1884","Container","","","empty","6.0","","","ENTITY","38447"
"cr1886","Container","","","empty","6.0","","","ENTITY","38448"
"cr1847","Container","","","empty","6.0","","","ENTITY","38449"
"cr1893","Container","","","empty","6.0","","","ENTITY","38450"
"cr1861","Container","","","empty","6.0","","","ENTITY","38451"
"cr1879","Container","","","empty","6.0","","","ENTITY","38452"
"cr1887","Container","","","empty","1.0","","","ENTITY","38453"
"cr1878","Container","","","empty","6.0","","","ENTITY","38454"
"cr1871","Container","","","empty","6.0","","","ENTITY","38455"
"cr1900","Container","","","empty","6.0","","","ENTITY","38456"
"cr1858","Container","","","empty","6.0","","","ENTITY","38457"
"cr1896","Container","","","empty","6.0","","","ENTITY","38458"
"cr1899","Container","","","empty","6.0","","","ENTITY","38459"
"cr1895","Container","","","empty","6.0","","","ENTITY","38460"
"cr1897","Container","","","empty","5.0","","","ENTITY","38461"
"cr1854","Container","","","empty","2.0","","","ENTITY","38462"
"cr1904","Container","","","empty","6.0","","","ENTITY","38463"
"cr1906","Container","","","empty","1.0","","","ENTITY","38464"
"cr1863","Container","","","empty","5.0","","","ENTITY","38465"
"cr1905","Container","","","empty","6.0","","","ENTITY","38466"
"cr1875","Container","","","empty","6.0","","","ENTITY","38467"
"cr1903","Container","","","empty","6.0","","","ENTITY","38468"
"cr1902","Container","","","empty","6.0","","","ENTITY","38469"
"cr1911","Container","","","empty","2.0","","","ENTITY","38470"
"cr1849","Container","","","empty","6.0","","","ENTITY","38471"
"cr1881","Container","","","empty","6.0","","","ENTITY","38472"
"cr1801","Container","","","empty","4.0","","","ENTITY","38473"
"cr1876","Container","","","empty","6.0","","","ENTITY","38474"
"cr1851","Container","","","empty","6.0","","","ENTITY","38475"
"cr1898","Container","","","empty","6.0","","","ENTITY","38476"
"cr1901","Container","","","empty","6.0","","","ENTITY","38477"
"cr1892","Container","","","empty","4.0","","","ENTITY","38478"
"cr1916","Container","","","empty","2.0","","","ENTITY","38479"
"cr1885","Container","","","empty","6.0","","","ENTITY","38480"
"cr1889","Container","","","empty","6.0","","","ENTITY","38481"
"cr1888","Container","","","empty","6.0","","","ENTITY","38482"
"cr1924","Container","","","empty","6.0","","","ENTITY","38483"
"cr1908","Container","","","empty","6.0","","","ENTITY","38484"
"cr1913","Container","","","empty","6.0","","","ENTITY","38485"
"cr1922","Container","","","empty","6.0","","","ENTITY","38486"
"cr1928","Container","","","empty","4.0","","","ENTITY","38487"
"cr1926","Container","","","empty","1.0","","","ENTITY","38488"
"cr1912","Container","","","empty","6.0","","","ENTITY","38489"
"cr1925","Container","","","empty","6.0","","","ENTITY","38490"
"cr1934","Container","","","empty","5.0","","","ENTITY","38491"
"cr1923","Container","","","empty","6.0","","","ENTITY","38492"
"cr1880","Container","","","empty","2.0","","","ENTITY","38493"
"cr1921","Container","","","empty","3.0","","","ENTITY","38494"
"cr1870","Container","","","empty","6.0","","","ENTITY","38495"
"cr1874","Container","","","empty","6.0","","","ENTITY","38496"
"cr1907","Container","","","empty","6.0","","","ENTITY","38497"
"cr1927","Container","","","empty","6.0","","","ENTITY","38498"
"cr1920","Container","","","empty","6.0","","","ENTITY","38499"
"cr1915","Container","","","empty","6.0","","","ENTITY","38500"
"cr1918","Container","","","empty","6.0","","","ENTITY","38501"
"cr1917","Container","","","empty","6.0","","","ENTITY","38502"
"cr1940","Container","","","empty","6.0","","","ENTITY","38503"
"cr1909","Container","","","empty","6.0","","","ENTITY","38504"
"cr1945","Container","","","empty","6.0","","","ENTITY","38505"
"cr1944","Container","","","empty","6.0","","","ENTITY","38506"
"cr1946","Container","","","empty","6.0","","","ENTITY","38507"
"cr1910","Container","","","empty","6.0","","","ENTITY","38508"
"cr1932","Container","","","empty","6.0","","","ENTITY","38509"
"cr1914","Container","","","empty","6.0","","","ENTITY","38510"
"cr1933","Container","","","empty","6.0","","","ENTITY","38511"
"cr1890","Container","","","empty","5.0","","","ENTITY","38512"
"cr1936","Container","","","empty","6.0","","","ENTITY","38513"
"cr1930","Container","","","empty","1.0","","","ENTITY","38514"
"cr1929","Container","","","empty","6.0","","","ENTITY","38515"
"cr1938","Container","","","empty","6.0","","","ENTITY","38516"
"cr1943","Container","","","empty","6.0","","","ENTITY","38517"
"cr1894","Container","","","empty","3.0","","","ENTITY","38518"
"cr1948","Container","","","empty","6.0","","","ENTITY","38519"
"cr1931","Container","","","empty","6.0","","","ENTITY","38520"
"cr1891","Container","","","empty","6.0","","","ENTITY","38521"
"cr1941","Container","","","empty","6.0","","","ENTITY","38522"
"cr1949","Container","","","empty","2.0","","","ENTITY","38523"
"cr1919","Container","","","empty","6.0","","","ENTITY","38524"
"cr1942","Container","","","empty","2.0","","","ENTITY","38525"
"cr1935","Container","","","empty","6.0","","","ENTITY","38526"
"cr1955","Container","","","empty","6.0","","","ENTITY","38527"
"cr1950","Container","","","empty","6.0","","","ENTITY","38528"
"cr1953","Container","","","empty","6.0","","","ENTITY","38529"
"cr1939","Container","","","empty","1.0","","","ENTITY","38530"
"cr1959","Container","","","empty","3.0","","","ENTITY","38531"
"cr1947","Container","","","empty","5.0","","","ENTITY","38532"
"cr1954","Container","","","empty","4.0","","","ENTITY","38533"
"cr1952","Container","","","empty","6.0","","","ENTITY","38534"
"cr1951","Container","","","empty","2.0","","","ENTITY","38535"
"cr1963","Container","","","empty","6.0","","","ENTITY","38536"
"cr1957","Container","","","empty","4.0","","","ENTITY","38537"
"cr1964","Container","","","empty","6.0","","","ENTITY","38538"
"cr1956","Container","","","empty","6.0","","","ENTITY","38539"
"cr1960","Container","","","empty","6.0","","","ENTITY","38540"
"cr1965","Container","","","empty","6.0","","","ENTITY","38541"
"cr1967","Container","","","empty","6.0","","","ENTITY","38542"
"cr1972","Container","","","empty","6.0","","","ENTITY","38543"
"cr1973","Container","","","empty","2.0","","","ENTITY","38544"
"cr1974","Container","","","empty","6.0","","","ENTITY","38545"
"cr1969","Container","","","empty","6.0","","","ENTITY","38546"
"cr1975","Container","","","empty","6.0","","","ENTITY","38547"
"cr1976","Container","","","empty","3.0","","","ENTITY","38548"
"cr1966","Container","","","empty","6.0","","","ENTITY","38549"
"cr1984","Container","","","empty","6.0","","","ENTITY","38550"
"cr1962","Container","","","empty","6.0","","","ENTITY","38551"
"cr1971","Container","","","empty","6.0","","","ENTITY","38552"
"cr1981","Container","","","empty","6.0","","","ENTITY","38553"
"cr1970","Container","","","empty","1.0","","","ENTITY","38554"
"cr1958","Container","","","empty","6.0","","","ENTITY","38555"
"cr1990","Container","","","empty","6.0","","","ENTITY","38556"
"cr1992","Container","","","empty","6.0","","","ENTITY","38557"
"cr1994","Container","","","empty","6.0","","","ENTITY","38558"
"cr1996","Container","","","empty","6.0","","","ENTITY","38559"
"cr1979","Container","","","empty","6.0","","","ENTITY","38560"
"cr1997","Container","","","empty","6.0","","","ENTITY","38561"
"cr1977","Container","","","empty","6.0","","","ENTITY","38562"
"cr1983","Container","","","empty","3.0","","","ENTITY","38563"
"cr1995","Container","","","empty","6.0","","","ENTITY","38564"
"cr2000","Container","","","empty","5.0","","","ENTITY","38565"
"cr1937","Container","","","empty","6.0","","","ENTITY","38566"
"cr2008","Container","","","empty","6.0","","","ENTITY","38567"
"cr2001","Container","","","empty","6.0","","","ENTITY","38568"
"cr1998","Container","","","empty","5.0","","","ENTITY","38569"
"cr1978","Container","","","empty","6.0","","","ENTITY","38570"
"cr1985","Container","","","empty","6.0","","","ENTITY","38571"
"cr1980","Container","","","empty","6.0","","","ENTITY","38572"
"cr1987","Container","","","empty","6.0","","","ENTITY","38573"
"cr2018","Container","","","empty","3.0","","","ENTITY","38574"
"cr2011","Container","","","empty","6.0","","","ENTITY","38575"
"cr1999","Container","","","empty","6.0","","","ENTITY","38576"
"cr1989","Container","","","empty","6.0","","","ENTITY","38577"
"cr1993","Container","","","empty","6.0","","","ENTITY","38578"
"cr2019","Container","","","empty","6.0","","","ENTITY","38579"
"tr5","Truck","","","","","","","ENTITY","38580"
"tr4","Truck","","","","","","","ENTITY","38581"
"tr1","Truck","","","","","","","ENTITY","38582"
"tr3","Truck","","","","","","","ENTITY","38583"
"tr6","Truck","","","","","","","ENTITY","38584"
"tr2","Truck","","","","","","","ENTITY","38585"
"hu1","Handling Unit","","","","","","","ENTITY","38586"
"hu9","Handling Unit","","","","","","","ENTITY","38587"
"hu5","Handling Unit","","","","","","","ENTITY","38588"
"hu12","Handling Unit","","","","","","","ENTITY","38589"
"hu11","Handling Unit","","","","","","","ENTITY","38590"
"hu8","Handling Unit","","","","","","","ENTITY","38591"
"hu2","Handling Unit","","","","","","","ENTITY","38592"
"hu4","Handling Unit","","","","","","","ENTITY","38593"
"hu3","Handling Unit","","","","","","","ENTITY","38594"
"hu7","Handling Unit","","","","","","","ENTITY","38595"
"hu6","Handling Unit","","","","","","","ENTITY","38596"
"hu10","Handling Unit","","","","","","","ENTITY","38597"
"hu14","Handling Unit","","","","","","","ENTITY","38598"
"hu15","Handling Unit","","","","","","","ENTITY","38599"
"hu22","Handling Unit","","","","","","","ENTITY","38600"
"hu20","Handling Unit","","","","","","","ENTITY","38601"
"hu13","Handling Unit","","","","","","","ENTITY","38602"
"hu19","Handling Unit","","","","","","","ENTITY","38603"
"hu18","Handling Unit","","","","","","","ENTITY","38604"
"hu23","Handling Unit","","","","","","","ENTITY","38605"
"hu24","Handling Unit","","","","","","","ENTITY","38606"
"hu21","Handling Unit","","","","","","","ENTITY","38607"
"hu17","Handling Unit","","","","","","","ENTITY","38608"
"hu16","Handling Unit","","","","","","","ENTITY","38609"
"hu27","Handling Unit","","","","","","","ENTITY","38610"
"hu39","Handling Unit","","","","","","","ENTITY","38611"
"hu33","Handling Unit","","","","","","","ENTITY","38612"
"hu31","Handling Unit","","","","","","","ENTITY","38613"
"hu42","Handling Unit","","","","","","","ENTITY","38614"
"hu44","Handling Unit","","","","","","","ENTITY","38615"
"hu37","Handling Unit","","","","","","","ENTITY","38616"
"hu35","Handling Unit","","","","","","","ENTITY","38617"
"hu29","Handling Unit","","","","","","","ENTITY","38618"
"hu45","Handling Unit","","","","","","","ENTITY","38619"
"hu36","Handling Unit","","","","","","","ENTITY","38620"
"hu55","Handling Unit","","","","","","","ENTITY","38621"
"hu41","Handling Unit","","","","","","","ENTITY","38622"
"hu26","Handling Unit","","","","","","","ENTITY","38623"
"hu38","Handling Unit","","","","","","","ENTITY","38624"
"hu48","Handling Unit","","","","","","","ENTITY","38625"
"hu53","Handling Unit","","","","","","","ENTITY","38626"
"hu28","Handling Unit","","","","","","","ENTITY","38627"
"hu54","Handling Unit","","","","","","","ENTITY","38628"
"hu25","Handling Unit","","","","","","","ENTITY","38629"
"hu51","Handling Unit","","","","","","","ENTITY","38630"
"hu49","Handling Unit","","","","","","","ENTITY","38631"
"hu32","Handling Unit","","","","","","","ENTITY","38632"
"hu47","Handling Unit","","","","","","","ENTITY","38633"
"hu40","Handling Unit","","","","","","","ENTITY","38634"
"hu46","Handling Unit","","","","","","","ENTITY","38635"
"hu52","Handling Unit","","","","","","","ENTITY","38636"
"hu34","Handling Unit","","","","","","","ENTITY","38637"
"hu50","Handling Unit","","","","","","","ENTITY","38638"
"hu30","Handling Unit","","","","","","","ENTITY","38639"
"hu43","Handling Unit","","","","","","","ENTITY","38640"
"hu56","Handling Unit","","","","","","","ENTITY","38641"
"hu57","Handling Unit","","","","","","","ENTITY","38642"
"hu58","Handling Unit","","","","","","","ENTITY","38643"
"hu60","Handling Unit","","","","","","","ENTITY","38644"
"hu63","Handling Unit","","","","","","","ENTITY","38645"
"hu64","Handling Unit","","","","","","","ENTITY","38646"
"hu61","Handling Unit","","","","","","","ENTITY","38647"
"hu62","Handling Unit","","","","","","","ENTITY","38648"
"hu59","Handling Unit","","","","","","","ENTITY","38649"
"hu66","Handling Unit","","","","","","","ENTITY","38650"
"hu70","Handling Unit","","","","","","","ENTITY","38651"
"hu65","Handling Unit","","","","","","","ENTITY","38652"
"hu67","Handling Unit","","","","","","","ENTITY","38653"
"hu75","Handling Unit","","","","","","","ENTITY","38654"
"hu68","Handling Unit","","","","","","","ENTITY","38655"
"hu73","Handling Unit","","","","","","","ENTITY","38656"
"hu74","Handling Unit","","","","","","","ENTITY","38657"
"hu76","Handling Unit","","","","","","","ENTITY","38658"
"hu69","Handling Unit","","","","","","","ENTITY","38659"
"hu71","Handling Unit","","","","","","","ENTITY","38660"
"hu72","Handling Unit","","","","","","","ENTITY","38661"
"hu78","Handling Unit","","","","","","","ENTITY","38662"
"hu77","Handling Unit","","","","","","","ENTITY","38663"
"hu82","Handling Unit","","","","","","","ENTITY","38664"
"hu80","Handling Unit","","","","","","","ENTITY","38665"
"hu81","Handling Unit","","","","","","","ENTITY","38666"
"hu79","Handling Unit","","","","","","","ENTITY","38667"
"hu88","Handling Unit","","","","","","","ENTITY","38668"
"hu84","Handling Unit","","","","","","","ENTITY","38669"
"hu93","Handling Unit","","","","","","","ENTITY","38670"
"hu100","Handling Unit","","","","","","","ENTITY","38671"
"hu83","Handling Unit","","","","","","","ENTITY","38672"
"hu91","Handling Unit","","","","","","","ENTITY","38673"
"hu87","Handling Unit","","","","","","","ENTITY","38674"
"hu97","Handling Unit","","","","","","","ENTITY","38675"
"hu89","Handling Unit","","","","","","","ENTITY","38676"
"hu99","Handling Unit","","","","","","","ENTITY","38677"
"hu95","Handling Unit","","","","","","","ENTITY","38678"
"hu105","Handling Unit","","","","","","","ENTITY","38679"
"hu102","Handling Unit","","","","","","","ENTITY","38680"
"hu94","Handling Unit","","","","","","","ENTITY","38681"
"hu104","Handling Unit","","","","","","","ENTITY","38682"
"hu85","Handling Unit","","","","","","","ENTITY","38683"
"hu101","Handling Unit","","","","","","","ENTITY","38684"
"hu103","Handling Unit","","","","","","","ENTITY","38685"
"hu98","Handling Unit","","","","","","","ENTITY","38686"
"hu92","Handling Unit","","","","","","","ENTITY","38687"
"hu90","Handling Unit","","","","","","","ENTITY","38688"
"hu106","Handling Unit","","","","","","","ENTITY","38689"
"hu86","Handling Unit","","","","","","","ENTITY","38690"
"hu96","Handling Unit","","","","","","","ENTITY","38691"
"hu108","Handling Unit","","","","","","","ENTITY","38692"
"hu112","Handling Unit","","","","","","","ENTITY","38693"
"hu110","Handling Unit","","","","","","","ENTITY","38694"
"hu107","Handling Unit","","","","","","","ENTITY","38695"
"hu111","Handling Unit","","","","","","","ENTITY","38696"
"hu109","Handling Unit","","","","","","","ENTITY","38697"
"hu113","Handling Unit","","","","","","","ENTITY","38698"
"hu114","Handling Unit","","","","","","","ENTITY","38699"
"hu115","Handling Unit","","","","","","","ENTITY","38700"
"hu119","Handling Unit","","","","","","","ENTITY","38701"
"hu139","Handling Unit","","","","","","","ENTITY","38702"
"hu134","Handling Unit","","","","","","","ENTITY","38703"
"hu121","Handling Unit","","","","","","","ENTITY","38704"
"hu118","Handling Unit","","","","","","","ENTITY","38705"
"hu141","Handling Unit","","","","","","","ENTITY","38706"
"hu125","Handling Unit","","","","","","","ENTITY","38707"
"hu123","Handling Unit","","","","","","","ENTITY","38708"
"hu142","Handling Unit","","","","","","","ENTITY","38709"
"hu135","Handling Unit","","","","","","","ENTITY","38710"
"hu129","Handling Unit","","","","","","","ENTITY","38711"
"hu133","Handling Unit","","","","","","","ENTITY","38712"
"hu116","Handling Unit","","","","","","","ENTITY","38713"
"hu120","Handling Unit","","","","","","","ENTITY","38714"
"hu137","Handling Unit","","","","","","","ENTITY","38715"
"hu117","Handling Unit","","","","","","","ENTITY","38716"
"hu128","Handling Unit","","","","","","","ENTITY","38717"
"hu122","Handling Unit","","","","","","","ENTITY","38718"
"hu144","Handling Unit","","","","","","","ENTITY","38719"
"hu143","Handling Unit","","","","","","","ENTITY","38720"
"hu130","Handling Unit","","","","","","","ENTITY","38721"
"hu127","Handling Unit","","","","","","","ENTITY","38722"
"hu146","Handling Unit","","","","","","","ENTITY","38723"
"hu124","Handling Unit","","","","","","","ENTITY","38724"
"hu148","Handling Unit","","","","","","","ENTITY","38725"
"hu149","Handling Unit","","","","","","","ENTITY","38726"
"hu145","Handling Unit","","","","","","","ENTITY","38727"
"hu136","Handling Unit","","","","","","","ENTITY","38728"
"hu132","Handling Unit","","","","","","","ENTITY","38729"
"hu131","Handling Unit","","","","","","","ENTITY","38730"
"hu126","Handling Unit","","","","","","","ENTITY","38731"
"hu140","Handling Unit","","","","","","","ENTITY","38732"
"hu138","Handling Unit","","","","","","","ENTITY","38733"
"hu147","Handling Unit","","","","","","","ENTITY","38734"
"hu155","Handling Unit","","","","","","","ENTITY","38735"
"hu156","Handling Unit","","","","","","","ENTITY","38736"
"hu165","Handling Unit","","","","","","","ENTITY","38737"
"hu151","Handling Unit","","","","","","","ENTITY","38738"
"hu167","Handling Unit","","","","","","","ENTITY","38739"
"hu163","Handling Unit","","","","","","","ENTITY","38740"
"hu157","Handling Unit","","","","","","","ENTITY","38741"
"hu160","Handling Unit","","","","","","","ENTITY","38742"
"hu153","Handling Unit","","","","","","","ENTITY","38743"
"hu150","Handling Unit","","","","","","","ENTITY","38744"
"hu158","Handling Unit","","","","","","","ENTITY","38745"
"hu152","Handling Unit","","","","","","","ENTITY","38746"
"hu169","Handling Unit","","","","","","","ENTITY","38747"
"hu173","Handling Unit","","","","","","","ENTITY","38748"
"hu161","Handling Unit","","","","","","","ENTITY","38749"
"hu168","Handling Unit","","","","","","","ENTITY","38750"
"hu172","Handling Unit","","","","","","","ENTITY","38751"
"hu170","Handling Unit","","","","","","","ENTITY","38752"
"hu171","Handling Unit","","","","","","","ENTITY","38753"
"hu154","Handling Unit","","","","","","","ENTITY","38754"
"hu162","Handling Unit","","","","","","","ENTITY","38755"
"hu159","Handling Unit","","","","","","","ENTITY","38756"
"hu164","Handling Unit","","","","","","","ENTITY","38757"
"hu166","Handling Unit","","","","","","","ENTITY","38758"
"hu175","Handling Unit","","","","","","","ENTITY","38759"
"hu174","Handling Unit","","","","","","","ENTITY","38760"
"hu176","Handling Unit","","","","","","","ENTITY","38761"
"hu189","Handling Unit","","","","","","","ENTITY","38762"
"hu199","Handling Unit","","","","","","","ENTITY","38763"
"hu197","Handling Unit","","","","","","","ENTITY","38764"
"hu187","Handling Unit","","","","","","","ENTITY","38765"
"hu193","Handling Unit","","","","","","","ENTITY","38766"
"hu190","Handling Unit","","","","","","","ENTITY","38767"
"hu188","Handling Unit","","","","","","","ENTITY","38768"
"hu183","Handling Unit","","","","","","","ENTITY","38769"
"hu178","Handling Unit","","","","","","","ENTITY","38770"
"hu191","Handling Unit","","","","","","","ENTITY","38771"
"hu202","Handling Unit","","","","","","","ENTITY","38772"
"hu205","Handling Unit","","","","","","","ENTITY","38773"
"hu177","Handling Unit","","","","","","","ENTITY","38774"
"hu195","Handling Unit","","","","","","","ENTITY","38775"
"hu196","Handling Unit","","","","","","","ENTITY","38776"
"hu186","Handling Unit","","","","","","","ENTITY","38777"
"hu201","Handling Unit","","","","","","","ENTITY","38778"
"hu180","Handling Unit","","","","","","","ENTITY","38779"
"hu194","Handling Unit","","","","","","","ENTITY","38780"
"hu185","Handling Unit","","","","","","","ENTITY","38781"
"hu203","Handling Unit","","","","","","","ENTITY","38782"
"hu192","Handling Unit","","","","","","","ENTITY","38783"
"hu182","Handling Unit","","","","","","","ENTITY","38784"
"hu184","Handling Unit","","","","","","","ENTITY","38785"
"hu181","Handling Unit","","","","","","","ENTITY","38786"
"hu198","Handling Unit","","","","","","","ENTITY","38787"
"hu179","Handling Unit","","","","","","","ENTITY","38788"
"hu208","Handling Unit","","","","","","","ENTITY","38789"
"hu204","Handling Unit","","","","","","","ENTITY","38790"
"hu206","Handling Unit","","","","","","","ENTITY","38791"
"hu209","Handling Unit","","","","","","","ENTITY","38792"
"hu210","Handling Unit","","","","","","","ENTITY","38793"
"hu200","Handling Unit","","","","","","","ENTITY","38794"
"hu207","Handling Unit","","","","","","","ENTITY","38795"
"hu215","Handling Unit","","","","","","","ENTITY","38796"
"hu214","Handling Unit","","","","","","","ENTITY","38797"
"hu217","Handling Unit","","","","","","","ENTITY","38798"
"hu219","Handling Unit","","","","","","","ENTITY","38799"
"hu213","Handling Unit","","","","","","","ENTITY","38800"
"hu211","Handling Unit","","","","","","","ENTITY","38801"
"hu212","Handling Unit","","","","","","","ENTITY","38802"
"hu218","Handling Unit","","","","","","","ENTITY","38803"
"hu216","Handling Unit","","","","","","","ENTITY","38804"
"hu222","Handling Unit","","","","","","","ENTITY","38805"
"hu220","Handling Unit","","","","","","","ENTITY","38806"
"hu225","Handling Unit","","","","","","","ENTITY","38807"
"hu227","Handling Unit","","","","","","","ENTITY","38808"
"hu228","Handling Unit","","","","","","","ENTITY","38809"
"hu221","Handling Unit","","","","","","","ENTITY","38810"
"hu230","Handling Unit","","","","","","","ENTITY","38811"
"hu229","Handling Unit","","","","","","","ENTITY","38812"
"hu226","Handling Unit","","","","","","","ENTITY","38813"
"hu223","Handling Unit","","","","","","","ENTITY","38814"
"hu224","Handling Unit","","","","","","","ENTITY","38815"
"hu231","Handling Unit","","","","","","","ENTITY","38816"
"hu233","Handling Unit","","","","","","","ENTITY","38817"
"hu234","Handling Unit","","","","","","","ENTITY","38818"
"hu236","Handling Unit","","","","","","","ENTITY","38819"
"hu232","Handling Unit","","","","","","","ENTITY","38820"
"hu237","Handling Unit","","","","","","","ENTITY","38821"
"hu235","Handling Unit","","","","","","","ENTITY","38822"
"hu239","Handling Unit","","","","","","","ENTITY","38823"
"hu245","Handling Unit","","","","","","","ENTITY","38824"
"hu241","Handling Unit","","","","","","","ENTITY","38825"
"hu251","Handling Unit","","","","","","","ENTITY","38826"
"hu248","Handling Unit","","","","","","","ENTITY","38827"
"hu254","Handling Unit","","","","","","","ENTITY","38828"
"hu242","Handling Unit","","","","","","","ENTITY","38829"
"hu249","Handling Unit","","","","","","","ENTITY","38830"
"hu243","Handling Unit","","","","","","","ENTITY","38831"
"hu260","Handling Unit","","","","","","","ENTITY","38832"
"hu238","Handling Unit","","","","","","","ENTITY","38833"
"hu240","Handling Unit","","","","","","","ENTITY","38834"
"hu244","Handling Unit","","","","","","","ENTITY","38835"
"hu256","Handling Unit","","","","","","","ENTITY","38836"
"hu247","Handling Unit","","","","","","","ENTITY","38837"
"hu253","Handling Unit","","","","","","","ENTITY","38838"
"hu255","Handling Unit","","","","","","","ENTITY","38839"
"hu252","Handling Unit","","","","","","","ENTITY","38840"
"hu259","Handling Unit","","","","","","","ENTITY","38841"
"hu250","Handling Unit","","","","","","","ENTITY","38842"
"hu257","Handling Unit","","","","","","","ENTITY","38843"
"hu246","Handling Unit","","","","","","","ENTITY","38844"
"hu258","Handling Unit","","","","","","","ENTITY","38845"
"hu261","Handling Unit","","","","","","","ENTITY","38846"
"hu267","Handling Unit","","","","","","","ENTITY","38847"
"hu266","Handling Unit","","","","","","","ENTITY","38848"
"hu264","Handling Unit","","","","","","","ENTITY","38849"
"hu268","Handling Unit","","","","","","","ENTITY","38850"
"hu262","Handling Unit","","","","","","","ENTITY","38851"
"hu263","Handling Unit","","","","","","","ENTITY","38852"
"hu265","Handling Unit","","","","","","","ENTITY","38853"
"hu270","Handling Unit","","","","","","","ENTITY","38854"
"hu271","Handling Unit","","","","","","","ENTITY","38855"
"hu269","Handling Unit","","","","","","","ENTITY","38856"
"hu272","Handling Unit","","","","","","","ENTITY","38857"
"hu274","Handling Unit","","","","","","","ENTITY","38858"
"hu275","Handling Unit","","","","","","","ENTITY","38859"
"hu278","Handling Unit","","","","","","","ENTITY","38860"
"hu276","Handling Unit","","","","","","","ENTITY","38861"
"hu277","Handling Unit","","","","","","","ENTITY","38862"
"hu273","Handling Unit","","","","","","","ENTITY","38863"
"hu280","Handling Unit","","","","","","","ENTITY","38864"
"hu281","Handling Unit","","","","","","","ENTITY","38865"
"hu284","Handling Unit","","","","","","","ENTITY","38866"
"hu282","Handling Unit","","","","","","","ENTITY","38867"
"hu283","Handling Unit","","","","","","","ENTITY","38868"
"hu279","Handling Unit","","","","","","","ENTITY","38869"
"hu289","Handling Unit","","","","","","","ENTITY","38870"
"hu286","Handling Unit","","","","","","","ENTITY","38871"
"hu292","Handling Unit","","","","","","","ENTITY","38872"
"hu285","Handling Unit","","","","","","","ENTITY","38873"
"hu293","Handling Unit","","","","","","","ENTITY","38874"
"hu288","Handling Unit","","","","","","","ENTITY","38875"
"hu298","Handling Unit","","","","","","","ENTITY","38876"
"hu287","Handling Unit","","","","","","","ENTITY","38877"
"hu299","Handling Unit","","","","","","","ENTITY","38878"
"hu296","Handling Unit","","","","","","","ENTITY","38879"
"hu295","Handling Unit","","","","","","","ENTITY","38880"
"hu291","Handling Unit","","","","","","","ENTITY","38881"
"hu297","Handling Unit","","","","","","","ENTITY","38882"
"hu294","Handling Unit","","","","","","","ENTITY","38883"
"hu290","Handling Unit","","","","","","","ENTITY","38884"
"hu300","Handling Unit","","","","","","","ENTITY","38885"
"hu316","Handling Unit","","","","","","","ENTITY","38886"
"hu318","Handling Unit","","","","","","","ENTITY","38887"
"hu311","Handling Unit","","","","","","","ENTITY","38888"
"hu317","Handling Unit","","","","","","","ENTITY","38889"
"hu301","Handling Unit","","","","","","","ENTITY","38890"
"hu324","Handling Unit","","","","","","","ENTITY","38891"
"hu306","Handling Unit","","","","","","","ENTITY","38892"
"hu304","Handling Unit","","","","","","","ENTITY","38893"
"hu303","Handling Unit","","","","","","","ENTITY","38894"
"hu308","Handling Unit","","","","","","","ENTITY","38895"
"hu305","Handling Unit","","","","","","","ENTITY","38896"
"hu321","Handling Unit","","","","","","","ENTITY","38897"
"hu327","Handling Unit","","","","","","","ENTITY","38898"
"hu310","Handling Unit","","","","","","","ENTITY","38899"
"hu313","Handling Unit","","","","","","","ENTITY","38900"
"hu330","Handling Unit","","","","","","","ENTITY","38901"
"hu307","Handling Unit","","","","","","","ENTITY","38902"
"hu315","Handling Unit","","","","","","","ENTITY","38903"
"hu302","Handling Unit","","","","","","","ENTITY","38904"
"hu320","Handling Unit","","","","","","","ENTITY","38905"
"hu319","Handling Unit","","","","","","","ENTITY","38906"
"hu329","Handling Unit","","","","","","","ENTITY","38907"
"hu326","Handling Unit","","","","","","","ENTITY","38908"
"hu312","Handling Unit","","","","","","","ENTITY","38909"
"hu328","Handling Unit","","","","","","","ENTITY","38910"
"hu323","Handling Unit","","","","","","","ENTITY","38911"
"hu309","Handling Unit","","","","","","","ENTITY","38912"
"hu325","Handling Unit","","","","","","","ENTITY","38913"
"hu314","Handling Unit","","","","","","","ENTITY","38914"
"hu322","Handling Unit","","","","","","","ENTITY","38915"
"hu334","Handling Unit","","","","","","","ENTITY","38916"
"hu333","Handling Unit","","","","","","","ENTITY","38917"
"hu337","Handling Unit","","","","","","","ENTITY","38918"
"hu340","Handling Unit","","","","","","","ENTITY","38919"
"hu345","Handling Unit","","","","","","","ENTITY","38920"
"hu343","Handling Unit","","","","","","","ENTITY","38921"
"hu349","Handling Unit","","","","","","","ENTITY","38922"
"hu352","Handling Unit","","","","","","","ENTITY","38923"
"hu336","Handling Unit","","","","","","","ENTITY","38924"
"hu354","Handling Unit","","","","","","","ENTITY","38925"
"hu351","Handling Unit","","","","","","","ENTITY","38926"
"hu350","Handling Unit","","","","","","","ENTITY","38927"
"hu348","Handling Unit","","","","","","","ENTITY","38928"
"hu335","Handling Unit","","","","","","","ENTITY","38929"
"hu339","Handling Unit","","","","","","","ENTITY","38930"
"hu353","Handling Unit","","","","","","","ENTITY","38931"
"hu347","Handling Unit","","","","","","","ENTITY","38932"
"hu346","Handling Unit","","","","","","","ENTITY","38933"
"hu357","Handling Unit","","","","","","","ENTITY","38934"
"hu359","Handling Unit","","","","","","","ENTITY","38935"
"hu360","Handling Unit","","","","","","","ENTITY","38936"
"hu341","Handling Unit","","","","","","","ENTITY","38937"
"hu342","Handling Unit","","","","","","","ENTITY","38938"
"hu344","Handling Unit","","","","","","","ENTITY","38939"
"hu358","Handling Unit","","","","","","","ENTITY","38940"
"hu356","Handling Unit","","","","","","","ENTITY","38941"
"hu362","Handling Unit","","","","","","","ENTITY","38942"
"hu338","Handling Unit","","","","","","","ENTITY","38943"
"hu332","Handling Unit","","","","","","","ENTITY","38944"
"hu368","Handling Unit","","","","","","","ENTITY","38945"
"hu369","Handling Unit","","","","","","","ENTITY","38946"
"hu372","Handling Unit","","","","","","","ENTITY","38947"
"hu370","Handling Unit","","","","","","","ENTITY","38948"
"hu375","Handling Unit","","","","","","","ENTITY","38949"
"hu378","Handling Unit","","","","","","","ENTITY","38950"
"hu367","Handling Unit","","","","","","","ENTITY","38951"
"hu361","Handling Unit","","","","","","","ENTITY","38952"
"hu355","Handling Unit","","","","","","","ENTITY","38953"
"hu376","Handling Unit","","","","","","","ENTITY","38954"
"hu331","Handling Unit","","","","","","","ENTITY","38955"
"hu377","Handling Unit","","","","","","","ENTITY","38956"
"hu365","Handling Unit","","","","","","","ENTITY","38957"
"hu366","Handling Unit","","","","","","","ENTITY","38958"
"hu380","Handling Unit","","","","","","","ENTITY","38959"
"hu386","Handling Unit","","","","","","","ENTITY","38960"
"hu391","Handling Unit","","","","","","","ENTITY","38961"
"hu387","Handling Unit","","","","","","","ENTITY","38962"
"hu389","Handling Unit","","","","","","","ENTITY","38963"
"hu383","Handling Unit","","","","","","","ENTITY","38964"
"hu390","Handling Unit","","","","","","","ENTITY","38965"
"hu381","Handling Unit","","","","","","","ENTITY","38966"
"hu379","Handling Unit","","","","","","","ENTITY","38967"
"hu382","Handling Unit","","","","","","","ENTITY","38968"
"hu373","Handling Unit","","","","","","","ENTITY","38969"
"hu364","Handling Unit","","","","","","","ENTITY","38970"
"hu363","Handling Unit","","","","","","","ENTITY","38971"
"hu371","Handling Unit","","","","","","","ENTITY","38972"
"hu385","Handling Unit","","","","","","","ENTITY","38973"
"hu384","Handling Unit","","","","","","","ENTITY","38974"
"hu388","Handling Unit","","","","","","","ENTITY","38975"
"hu374","Handling Unit","","","","","","","ENTITY","38976"
"hu396","Handling Unit","","","","","","","ENTITY","38977"
"hu403","Handling Unit","","","","","","","ENTITY","38978"
"hu398","Handling Unit","","","","","","","ENTITY","38979"
"hu392","Handling Unit","","","","","","","ENTITY","38980"
"hu404","Handling Unit","","","","","","","ENTITY","38981"
"hu400","Handling Unit","","","","","","","ENTITY","38982"
"hu394","Handling Unit","","","","","","","ENTITY","38983"
"hu409","Handling Unit","","","","","","","ENTITY","38984"
"hu397","Handling Unit","","","","","","","ENTITY","38985"
"hu402","Handling Unit","","","","","","","ENTITY","38986"
"hu416","Handling Unit","","","","","","","ENTITY","38987"
"hu407","Handling Unit","","","","","","","ENTITY","38988"
"hu417","Handling Unit","","","","","","","ENTITY","38989"
"hu419","Handling Unit","","","","","","","ENTITY","38990"
"hu405","Handling Unit","","","","","","","ENTITY","38991"
"hu408","Handling Unit","","","","","","","ENTITY","38992"
"hu418","Handling Unit","","","","","","","ENTITY","38993"
"hu406","Handling Unit","","","","","","","ENTITY","38994"
"hu393","Handling Unit","","","","","","","ENTITY","38995"
"hu412","Handling Unit","","","","","","","ENTITY","38996"
"hu413","Handling Unit","","","","","","","ENTITY","38997"
"hu410","Handling Unit","","","","","","","ENTITY","38998"
"hu424","Handling Unit","","","","","","","ENTITY","38999"
"hu399","Handling Unit","","","","","","","ENTITY","39000"
"hu395","Handling Unit","","","","","","","ENTITY","39001"
"hu401","Handling Unit","","","","","","","ENTITY","39002"
"hu421","Handling Unit","","","","","","","ENTITY","39003"
"hu415","Handling Unit","","","","","","","ENTITY","39004"
"hu423","Handling Unit","","","","","","","ENTITY","39005"
"hu414","Handling Unit","","","","","","","ENTITY","39006"
"hu420","Handling Unit","","","","","","","ENTITY","39007"
"hu433","Handling Unit","","","","","","","ENTITY","39008"
"hu432","Handling Unit","","","","","","","ENTITY","39009"
"hu426","Handling Unit","","","","","","","ENTITY","39010"
"hu434","Handling Unit","","","","","","","ENTITY","39011"
"hu411","Handling Unit","","","","","","","ENTITY","39012"
"hu430","Handling Unit","","","","","","","ENTITY","39013"
"hu438","Handling Unit","","","","","","","ENTITY","39014"
"hu427","Handling Unit","","","","","","","ENTITY","39015"
"hu442","Handling Unit","","","","","","","ENTITY","39016"
"hu445","Handling Unit","","","","","","","ENTITY","39017"
"hu441","Handling Unit","","","","","","","ENTITY","39018"
"hu444","Handling Unit","","","","","","","ENTITY","39019"
"hu443","Handling Unit","","","","","","","ENTITY","39020"
"hu428","Handling Unit","","","","","","","ENTITY","39021"
"hu450","Handling Unit","","","","","","","ENTITY","39022"
"hu431","Handling Unit","","","","","","","ENTITY","39023"
"hu447","Handling Unit","","","","","","","ENTITY","39024"
"hu437","Handling Unit","","","","","","","ENTITY","39025"
"hu448","Handling Unit","","","","","","","ENTITY","39026"
"hu451","Handling Unit","","","","","","","ENTITY","39027"
"hu429","Handling Unit","","","","","","","ENTITY","39028"
"hu440","Handling Unit","","","","","","","ENTITY","39029"
"hu452","Handling Unit","","","","","","","ENTITY","39030"
"hu449","Handling Unit","","","","","","","ENTITY","39031"
"hu436","Handling Unit","","","","","","","ENTITY","39032"
"hu435","Handling Unit","","","","","","","ENTITY","39033"
"hu454","Handling Unit","","","","","","","ENTITY","39034"
"hu439","Handling Unit","","","","","","","ENTITY","39035"
"hu422","Handling Unit","","","","","","","ENTITY","39036"
"hu425","Handling Unit","","","","","","","ENTITY","39037"
"hu458","Handling Unit","","","","","","","ENTITY","39038"
"hu453","Handling Unit","","","","","","","ENTITY","39039"
"hu455","Handling Unit","","","","","","","ENTITY","39040"
"hu446","Handling Unit","","","","","","","ENTITY","39041"
"hu460","Handling Unit","","","","","","","ENTITY","39042"
"hu466","Handling Unit","","","","","","","ENTITY","39043"
"hu462","Handling Unit","","","","","","","ENTITY","39044"
"hu456","Handling Unit","","","","","","","ENTITY","39045"
"hu457","Handling Unit","","","","","","","ENTITY","39046"
"hu471","Handling Unit","","","","","","","ENTITY","39047"
"hu459","Handling Unit","","","","","","","ENTITY","39048"
"hu463","Handling Unit","","","","","","","ENTITY","39049"
"hu472","Handling Unit","","","","","","","ENTITY","39050"
"hu470","Handling Unit","","","","","","","ENTITY","39051"
"hu464","Handling Unit","","","","","","","ENTITY","39052"
"hu467","Handling Unit","","","","","","","ENTITY","39053"
"hu465","Handling Unit","","","","","","","ENTITY","39054"
"hu461","Handling Unit","","","","","","","ENTITY","39055"
"hu468","Handling Unit","","","","","","","ENTITY","39056"
"hu481","Handling Unit","","","","","","","ENTITY","39057"
"hu475","Handling Unit","","","","","","","ENTITY","39058"
"hu486","Handling Unit","","","","","","","ENTITY","39059"
"hu491","Handling Unit","","","","","","","ENTITY","39060"
"hu483","Handling Unit","","","","","","","ENTITY","39061"
"hu479","Handling Unit","","","","","","","ENTITY","39062"
"hu469","Handling Unit","","","","","","","ENTITY","39063"
"hu476","Handling Unit","","","","","","","ENTITY","39064"
"hu490","Handling Unit","","","","","","","ENTITY","39065"
"hu478","Handling Unit","","","","","","","ENTITY","39066"
"hu474","Handling Unit","","","","","","","ENTITY","39067"
"hu484","Handling Unit","","","","","","","ENTITY","39068"
"hu473","Handling Unit","","","","","","","ENTITY","39069"
"hu485","Handling Unit","","","","","","","ENTITY","39070"
"hu496","Handling Unit","","","","","","","ENTITY","39071"
"hu492","Handling Unit","","","","","","","ENTITY","39072"
"hu487","Handling Unit","","","","","","","ENTITY","39073"
"hu499","Handling Unit","","","","","","","ENTITY","39074"
"hu493","Handling Unit","","","","","","","ENTITY","39075"
"hu480","Handling Unit","","","","","","","ENTITY","39076"
"hu489","Handling Unit","","","","","","","ENTITY","39077"
"hu498","Handling Unit","","","","","","","ENTITY","39078"
"hu497","Handling Unit","","","","","","","ENTITY","39079"
"hu488","Handling Unit","","","","","","","ENTITY","39080"
"hu482","Handling Unit","","","","","","","ENTITY","39081"
"hu495","Handling Unit","","","","","","","ENTITY","39082"
"hu494","Handling Unit","","","","","","","ENTITY","39083"
"hu501","Handling Unit","","","","","","","ENTITY","39084"
"hu509","Handling Unit","","","","","","","ENTITY","39085"
"hu505","Handling Unit","","","","","","","ENTITY","39086"
"hu506","Handling Unit","","","","","","","ENTITY","39087"
"hu507","Handling Unit","","","","","","","ENTITY","39088"
"hu502","Handling Unit","","","","","","","ENTITY","39089"
"hu504","Handling Unit","","","","","","","ENTITY","39090"
"hu503","Handling Unit","","","","","","","ENTITY","39091"
"hu511","Handling Unit","","","","","","","ENTITY","39092"
"hu500","Handling Unit","","","","","","","ENTITY","39093"
"hu477","Handling Unit","","","","","","","ENTITY","39094"
"hu508","Handling Unit","","","","","","","ENTITY","39095"
"hu510","Handling Unit","","","","","","","ENTITY","39096"
"hu512","Handling Unit","","","","","","","ENTITY","39097"
"hu514","Handling Unit","","","","","","","ENTITY","39098"
"hu513","Handling Unit","","","","","","","ENTITY","39099"
"hu520","Handling Unit","","","","","","","ENTITY","39100"
"hu515","Handling Unit","","","","","","","ENTITY","39101"
"hu522","Handling Unit","","","","","","","ENTITY","39102"
"hu517","Handling Unit","","","","","","","ENTITY","39103"
"hu526","Handling Unit","","","","","","","ENTITY","39104"
"hu529","Handling Unit","","","","","","","ENTITY","39105"
"hu530","Handling Unit","","","","","","","ENTITY","39106"
"hu516","Handling Unit","","","","","","","ENTITY","39107"
"hu521","Handling Unit","","","","","","","ENTITY","39108"
"hu528","Handling Unit","","","","","","","ENTITY","39109"
"hu518","Handling Unit","","","","","","","ENTITY","39110"
"hu531","Handling Unit","","","","","","","ENTITY","39111"
"hu524","Handling Unit","","","","","","","ENTITY","39112"
"hu532","Handling Unit","","","","","","","ENTITY","39113"
"hu525","Handling Unit","","","","","","","ENTITY","39114"
"hu519","Handling Unit","","","","","","","ENTITY","39115"
"hu523","Handling Unit","","","","","","","ENTITY","39116"
"hu527","Handling Unit","","","","","","","ENTITY","39117"
"hu533","Handling Unit","","","","","","","ENTITY","39118"
"hu538","Handling Unit","","","","","","","ENTITY","39119"
"hu534","Handling Unit","","","","","","","ENTITY","39120"
"hu537","Handling Unit","","","","","","","ENTITY","39121"
"hu535","Handling Unit","","","","","","","ENTITY","39122"
"hu536","Handling Unit","","","","","","","ENTITY","39123"
"hu541","Handling Unit","","","","","","","ENTITY","39124"
"hu539","Handling Unit","","","","","","","ENTITY","39125"
"hu542","Handling Unit","","","","","","","ENTITY","39126"
"hu540","Handling Unit","","","","","","","ENTITY","39127"
"hu543","Handling Unit","","","","","","","ENTITY","39128"
"hu544","Handling Unit","","","","","","","ENTITY","39129"
"hu546","Handling Unit","","","","","","","ENTITY","39130"
"hu550","Handling Unit","","","","","","","ENTITY","39131"
"hu549","Handling Unit","","","","","","","ENTITY","39132"
"hu547","Handling Unit","","","","","","","ENTITY","39133"
"hu548","Handling Unit","","","","","","","ENTITY","39134"
"hu545","Handling Unit","","","","","","","ENTITY","39135"
"hu566","Handling Unit","","","","","","","ENTITY","39136"
"hu560","Handling Unit","","","","","","","ENTITY","39137"
"hu567","Handling Unit","","","","","","","ENTITY","39138"
"hu569","Handling Unit","","","","","","","ENTITY","39139"
"hu554","Handling Unit","","","","","","","ENTITY","39140"
"hu551","Handling Unit","","","","","","","ENTITY","39141"
"hu555","Handling Unit","","","","","","","ENTITY","39142"
"hu557","Handling Unit","","","","","","","ENTITY","39143"
"hu568","Handling Unit","","","","","","","ENTITY","39144"
"hu553","Handling Unit","","","","","","","ENTITY","39145"
"hu572","Handling Unit","","","","","","","ENTITY","39146"
"hu562","Handling Unit","","","","","","","ENTITY","39147"
"hu564","Handling Unit","","","","","","","ENTITY","39148"
"hu563","Handling Unit","","","","","","","ENTITY","39149"
"hu573","Handling Unit","","","","","","","ENTITY","39150"
"hu571","Handling Unit","","","","","","","ENTITY","39151"
"hu570","Handling Unit","","","","","","","ENTITY","39152"
"hu559","Handling Unit","","","","","","","ENTITY","39153"
"hu565","Handling Unit","","","","","","","ENTITY","39154"
"hu558","Handling Unit","","","","","","","ENTITY","39155"
"hu561","Handling Unit","","","","","","","ENTITY","39156"
"hu552","Handling Unit","","","","","","","ENTITY","39157"
"hu556","Handling Unit","","","","","","","ENTITY","39158"
"hu574","Handling Unit","","","","","","","ENTITY","39159"
"hu575","Handling Unit","","","","","","","ENTITY","39160"
"hu576","Handling Unit","","","","","","","ENTITY","39161"
"hu582","Handling Unit","","","","","","","ENTITY","39162"
"hu578","Handling Unit","","","","","","","ENTITY","39163"
"hu577","Handling Unit","","","","","","","ENTITY","39164"
"hu580","Handling Unit","","","","","","","ENTITY","39165"
"hu579","Handling Unit","","","","","","","ENTITY","39166"
"hu581","Handling Unit","","","","","","","ENTITY","39167"
"hu587","Handling Unit","","","","","","","ENTITY","39168"
"hu586","Handling Unit","","","","","","","ENTITY","39169"
"hu585","Handling Unit","","","","","","","ENTITY","39170"
"hu584","Handling Unit","","","","","","","ENTITY","39171"
"hu588","Handling Unit","","","","","","","ENTITY","39172"
"hu591","Handling Unit","","","","","","","ENTITY","39173"
"hu590","Handling Unit","","","","","","","ENTITY","39174"
"hu589","Handling Unit","","","","","","","ENTITY","39175"
"hu593","Handling Unit","","","","","","","ENTITY","39176"
"hu594","Handling Unit","","","","","","","ENTITY","39177"
"hu583","Handling Unit","","","","","","","ENTITY","39178"
"hu592","Handling Unit","","","","","","","ENTITY","39179"
"hu595","Handling Unit","","","","","","","ENTITY","39180"
"hu598","Handling Unit","","","","","","","ENTITY","39181"
"hu600","Handling Unit","","","","","","","ENTITY","39182"
"hu596","Handling Unit","","","","","","","ENTITY","39183"
"hu597","Handling Unit","","","","","","","ENTITY","39184"
"hu601","Handling Unit","","","","","","","ENTITY","39185"
"hu599","Handling Unit","","","","","","","ENTITY","39186"
"hu605","Handling Unit","","","","","","","ENTITY","39187"
"hu606","Handling Unit","","","","","","","ENTITY","39188"
"hu604","Handling Unit","","","","","","","ENTITY","39189"
"hu603","Handling Unit","","","","","","","ENTITY","39190"
"hu607","Handling Unit","","","","","","","ENTITY","39191"
"hu602","Handling Unit","","","","","","","ENTITY","39192"
"hu612","Handling Unit","","","","","","","ENTITY","39193"
"hu609","Handling Unit","","","","","","","ENTITY","39194"
"hu610","Handling Unit","","","","","","","ENTITY","39195"
"hu608","Handling Unit","","","","","","","ENTITY","39196"
"hu613","Handling Unit","","","","","","","ENTITY","39197"
"hu611","Handling Unit","","","","","","","ENTITY","39198"
"hu617","Handling Unit","","","","","","","ENTITY","39199"
"hu616","Handling Unit","","","","","","","ENTITY","39200"
"hu619","Handling Unit","","","","","","","ENTITY","39201"
"hu614","Handling Unit","","","","","","","ENTITY","39202"
"hu618","Handling Unit","","","","","","","ENTITY","39203"
"hu615","Handling Unit","","","","","","","ENTITY","39204"
"hu621","Handling Unit","","","","","","","ENTITY","39205"
"hu625","Handling Unit","","","","","","","ENTITY","39206"
"hu624","Handling Unit","","","","","","","ENTITY","39207"
"hu622","Handling Unit","","","","","","","ENTITY","39208"
"hu623","Handling Unit","","","","","","","ENTITY","39209"
"hu620","Handling Unit","","","","","","","ENTITY","39210"
"hu626","Handling Unit","","","","","","","ENTITY","39211"
"hu640","Handling Unit","","","","","","","ENTITY","39212"
"hu632","Handling Unit","","","","","","","ENTITY","39213"
"hu642","Handling Unit","","","","","","","ENTITY","39214"
"hu628","Handling Unit","","","","","","","ENTITY","39215"
"hu630","Handling Unit","","","","","","","ENTITY","39216"
"hu638","Handling Unit","","","","","","","ENTITY","39217"
"hu627","Handling Unit","","","","","","","ENTITY","39218"
"hu641","Handling Unit","","","","","","","ENTITY","39219"
"hu633","Handling Unit","","","","","","","ENTITY","39220"
"hu643","Handling Unit","","","","","","","ENTITY","39221"
"hu634","Handling Unit","","","","","","","ENTITY","39222"
"hu636","Handling Unit","","","","","","","ENTITY","39223"
"hu629","Handling Unit","","","","","","","ENTITY","39224"
"hu637","Handling Unit","","","","","","","ENTITY","39225"
"hu635","Handling Unit","","","","","","","ENTITY","39226"
"hu631","Handling Unit","","","","","","","ENTITY","39227"
"hu639","Handling Unit","","","","","","","ENTITY","39228"
"hu645","Handling Unit","","","","","","","ENTITY","39229"
"hu673","Handling Unit","","","","","","","ENTITY","39230"
"hu668","Handling Unit","","","","","","","ENTITY","39231"
"hu674","Handling Unit","","","","","","","ENTITY","39232"
"hu646","Handling Unit","","","","","","","ENTITY","39233"
"hu661","Handling Unit","","","","","","","ENTITY","39234"
"hu656","Handling Unit","","","","","","","ENTITY","39235"
"hu649","Handling Unit","","","","","","","ENTITY","39236"
"hu665","Handling Unit","","","","","","","ENTITY","39237"
"hu653","Handling Unit","","","","","","","ENTITY","39238"
"hu671","Handling Unit","","","","","","","ENTITY","39239"
"hu670","Handling Unit","","","","","","","ENTITY","39240"
"hu644","Handling Unit","","","","","","","ENTITY","39241"
"hu655","Handling Unit","","","","","","","ENTITY","39242"
"hu663","Handling Unit","","","","","","","ENTITY","39243"
"hu675","Handling Unit","","","","","","","ENTITY","39244"
"hu657","Handling Unit","","","","","","","ENTITY","39245"
"hu659","Handling Unit","","","","","","","ENTITY","39246"
"hu648","Handling Unit","","","","","","","ENTITY","39247"
"hu667","Handling Unit","","","","","","","ENTITY","39248"
"hu647","Handling Unit","","","","","","","ENTITY","39249"
"hu666","Handling Unit","","","","","","","ENTITY","39250"
"hu650","Handling Unit","","","","","","","ENTITY","39251"
"hu664","Handling Unit","","","","","","","ENTITY","39252"
"hu651","Handling Unit","","","","","","","ENTITY","39253"
"hu662","Handling Unit","","","","","","","ENTITY","39254"
"hu658","Handling Unit","","","","","","","ENTITY","39255"
"hu669","Handling Unit","","","","","","","ENTITY","39256"
"hu654","Handling Unit","","","","","","","ENTITY","39257"
"hu672","Handling Unit","","","","","","","ENTITY","39258"
"hu660","Handling Unit","","","","","","","ENTITY","39259"
"hu652","Handling Unit","","","","","","","ENTITY","39260"
"hu676","Handling Unit","","","","","","","ENTITY","39261"
"hu682","Handling Unit","","","","","","","ENTITY","39262"
"hu677","Handling Unit","","","","","","","ENTITY","39263"
"hu686","Handling Unit","","","","","","","ENTITY","39264"
"hu681","Handling Unit","","","","","","","ENTITY","39265"
"hu680","Handling Unit","","","","","","","ENTITY","39266"
"hu687","Handling Unit","","","","","","","ENTITY","39267"
"hu685","Handling Unit","","","","","","","ENTITY","39268"
"hu678","Handling Unit","","","","","","","ENTITY","39269"
"hu684","Handling Unit","","","","","","","ENTITY","39270"
"hu679","Handling Unit","","","","","","","ENTITY","39271"
"hu683","Handling Unit","","","","","","","ENTITY","39272"
"hu688","Handling Unit","","","","","","","ENTITY","39273"
"hu703","Handling Unit","","","","","","","ENTITY","39274"
"hu709","Handling Unit","","","","","","","ENTITY","39275"
"hu698","Handling Unit","","","","","","","ENTITY","39276"
"hu695","Handling Unit","","","","","","","ENTITY","39277"
"hu691","Handling Unit","","","","","","","ENTITY","39278"
"hu692","Handling Unit","","","","","","","ENTITY","39279"
"hu704","Handling Unit","","","","","","","ENTITY","39280"
"hu715","Handling Unit","","","","","","","ENTITY","39281"
"hu694","Handling Unit","","","","","","","ENTITY","39282"
"hu710","Handling Unit","","","","","","","ENTITY","39283"
"hu706","Handling Unit","","","","","","","ENTITY","39284"
"hu719","Handling Unit","","","","","","","ENTITY","39285"
"hu696","Handling Unit","","","","","","","ENTITY","39286"
"hu717","Handling Unit","","","","","","","ENTITY","39287"
"hu705","Handling Unit","","","","","","","ENTITY","39288"
"hu708","Handling Unit","","","","","","","ENTITY","39289"
"hu718","Handling Unit","","","","","","","ENTITY","39290"
"hu711","Handling Unit","","","","","","","ENTITY","39291"
"hu702","Handling Unit","","","","","","","ENTITY","39292"
"hu701","Handling Unit","","","","","","","ENTITY","39293"
"hu716","Handling Unit","","","","","","","ENTITY","39294"
"hu693","Handling Unit","","","","","","","ENTITY","39295"
"hu707","Handling Unit","","","","","","","ENTITY","39296"
"hu697","Handling Unit","","","","","","","ENTITY","39297"
"hu714","Handling Unit","","","","","","","ENTITY","39298"
"hu700","Handling Unit","","","","","","","ENTITY","39299"
"hu690","Handling Unit","","","","","","","ENTITY","39300"
"hu689","Handling Unit","","","","","","","ENTITY","39301"
"hu712","Handling Unit","","","","","","","ENTITY","39302"
"hu713","Handling Unit","","","","","","","ENTITY","39303"
"hu699","Handling Unit","","","","","","","ENTITY","39304"
"hu720","Handling Unit","","","","","","","ENTITY","39305"
"hu722","Handling Unit","","","","","","","ENTITY","39306"
"hu725","Handling Unit","","","","","","","ENTITY","39307"
"hu723","Handling Unit","","","","","","","ENTITY","39308"
"hu724","Handling Unit","","","","","","","ENTITY","39309"
"hu721","Handling Unit","","","","","","","ENTITY","39310"
"hu726","Handling Unit","","","","","","","ENTITY","39311"
"hu728","Handling Unit","","","","","","","ENTITY","39312"
"hu729","Handling Unit","","","","","","","ENTITY","39313"
"hu741","Handling Unit","","","","","","","ENTITY","39314"
"hu731","Handling Unit","","","","","","","ENTITY","39315"
"hu735","Handling Unit","","","","","","","ENTITY","39316"
"hu732","Handling Unit","","","","","","","ENTITY","39317"
"hu730","Handling Unit","","","","","","","ENTITY","39318"
"hu734","Handling Unit","","","","","","","ENTITY","39319"
"hu738","Handling Unit","","","","","","","ENTITY","39320"
"hu733","Handling Unit","","","","","","","ENTITY","39321"
"hu739","Handling Unit","","","","","","","ENTITY","39322"
"hu737","Handling Unit","","","","","","","ENTITY","39323"
"hu742","Handling Unit","","","","","","","ENTITY","39324"
"hu727","Handling Unit","","","","","","","ENTITY","39325"
"hu743","Handling Unit","","","","","","","ENTITY","39326"
"hu752","Handling Unit","","","","","","","ENTITY","39327"
"hu753","Handling Unit","","","","","","","ENTITY","39328"
"hu746","Handling Unit","","","","","","","ENTITY","39329"
"hu748","Handling Unit","","","","","","","ENTITY","39330"
"hu747","Handling Unit","","","","","","","ENTITY","39331"
"hu745","Handling Unit","","","","","","","ENTITY","39332"
"hu749","Handling Unit","","","","","","","ENTITY","39333"
"hu740","Handling Unit","","","","","","","ENTITY","39334"
"hu736","Handling Unit","","","","","","","ENTITY","39335"
"hu744","Handling Unit","","","","","","","ENTITY","39336"
"hu754","Handling Unit","","","","","","","ENTITY","39337"
"hu751","Handling Unit","","","","","","","ENTITY","39338"
"hu759","Handling Unit","","","","","","","ENTITY","39339"
"hu757","Handling Unit","","","","","","","ENTITY","39340"
"hu755","Handling Unit","","","","","","","ENTITY","39341"
"hu750","Handling Unit","","","","","","","ENTITY","39342"
"hu760","Handling Unit","","","","","","","ENTITY","39343"
"hu758","Handling Unit","","","","","","","ENTITY","39344"
"hu756","Handling Unit","","","","","","","ENTITY","39345"
"hu763","Handling Unit","","","","","","","ENTITY","39346"
"hu766","Handling Unit","","","","","","","ENTITY","39347"
"hu764","Handling Unit","","","","","","","ENTITY","39348"
"hu765","Handling Unit","","","","","","","ENTITY","39349"
"hu762","Handling Unit","","","","","","","ENTITY","39350"
"hu761","Handling Unit","","","","","","","ENTITY","39351"
"hu770","Handling Unit","","","","","","","ENTITY","39352"
"hu769","Handling Unit","","","","","","","ENTITY","39353"
"hu767","Handling Unit","","","","","","","ENTITY","39354"
"hu772","Handling Unit","","","","","","","ENTITY","39355"
"hu768","Handling Unit","","","","","","","ENTITY","39356"
"hu796","Handling Unit","","","","","","","ENTITY","39357"
"hu773","Handling Unit","","","","","","","ENTITY","39358"
"hu778","Handling Unit","","","","","","","ENTITY","39359"
"hu782","Handling Unit","","","","","","","ENTITY","39360"
"hu779","Handling Unit","","","","","","","ENTITY","39361"
"hu802","Handling Unit","","","","","","","ENTITY","39362"
"hu799","Handling Unit","","","","","","","ENTITY","39363"
"hu801","Handling Unit","","","","","","","ENTITY","39364"
"hu780","Handling Unit","","","","","","","ENTITY","39365"
"hu797","Handling Unit","","","","","","","ENTITY","39366"
"hu776","Handling Unit","","","","","","","ENTITY","39367"
"hu783","Handling Unit","","","","","","","ENTITY","39368"
"hu791","Handling Unit","","","","","","","ENTITY","39369"
"hu787","Handling Unit","","","","","","","ENTITY","39370"
"hu771","Handling Unit","","","","","","","ENTITY","39371"
"hu790","Handling Unit","","","","","","","ENTITY","39372"
"hu800","Handling Unit","","","","","","","ENTITY","39373"
"hu793","Handling Unit","","","","","","","ENTITY","39374"
"hu774","Handling Unit","","","","","","","ENTITY","39375"
"hu804","Handling Unit","","","","","","","ENTITY","39376"
"hu808","Handling Unit","","","","","","","ENTITY","39377"
"hu798","Handling Unit","","","","","","","ENTITY","39378"
"hu795","Handling Unit","","","","","","","ENTITY","39379"
"hu775","Handling Unit","","","","","","","ENTITY","39380"
"hu777","Handling Unit","","","","","","","ENTITY","39381"
"hu805","Handling Unit","","","","","","","ENTITY","39382"
"hu784","Handling Unit","","","","","","","ENTITY","39383"
"hu781","Handling Unit","","","","","","","ENTITY","39384"
"hu792","Handling Unit","","","","","","","ENTITY","39385"
"hu788","Handling Unit","","","","","","","ENTITY","39386"
"hu807","Handling Unit","","","","","","","ENTITY","39387"
"hu789","Handling Unit","","","","","","","ENTITY","39388"
"hu785","Handling Unit","","","","","","","ENTITY","39389"
"hu812","Handling Unit","","","","","","","ENTITY","39390"
"hu814","Handling Unit","","","","","","","ENTITY","39391"
"hu810","Handling Unit","","","","","","","ENTITY","39392"
"hu817","Handling Unit","","","","","","","ENTITY","39393"
"hu811","Handling Unit","","","","","","","ENTITY","39394"
"hu816","Handling Unit","","","","","","","ENTITY","39395"
"hu794","Handling Unit","","","","","","","ENTITY","39396"
"hu786","Handling Unit","","","","","","","ENTITY","39397"
"hu813","Handling Unit","","","","","","","ENTITY","39398"
"hu806","Handling Unit","","","","","","","ENTITY","39399"
"hu803","Handling Unit","","","","","","","ENTITY","39400"
"hu809","Handling Unit","","","","","","","ENTITY","39401"
"hu818","Handling Unit","","","","","","","ENTITY","39402"
"hu822","Handling Unit","","","","","","","ENTITY","39403"
"hu824","Handling Unit","","","","","","","ENTITY","39404"
"hu820","Handling Unit","","","","","","","ENTITY","39405"
"hu825","Handling Unit","","","","","","","ENTITY","39406"
"hu821","Handling Unit","","","","","","","ENTITY","39407"
"hu815","Handling Unit","","","","","","","ENTITY","39408"
"hu827","Handling Unit","","","","","","","ENTITY","39409"
"hu823","Handling Unit","","","","","","","ENTITY","39410"
"hu837","Handling Unit","","","","","","","ENTITY","39411"
"hu841","Handling Unit","","","","","","","ENTITY","39412"
"hu835","Handling Unit","","","","","","","ENTITY","39413"
"hu834","Handling Unit","","","","","","","ENTITY","39414"
"hu840","Handling Unit","","","","","","","ENTITY","39415"
"hu828","Handling Unit","","","","","","","ENTITY","39416"
"hu826","Handling Unit","","","","","","","ENTITY","39417"
"hu830","Handling Unit","","","","","","","ENTITY","39418"
"hu838","Handling Unit","","","","","","","ENTITY","39419"
"hu844","Handling Unit","","","","","","","ENTITY","39420"
"hu845","Handling Unit","","","","","","","ENTITY","39421"
"hu839","Handling Unit","","","","","","","ENTITY","39422"
"hu836","Handling Unit","","","","","","","ENTITY","39423"
"hu833","Handling Unit","","","","","","","ENTITY","39424"
"hu819","Handling Unit","","","","","","","ENTITY","39425"
"hu843","Handling Unit","","","","","","","ENTITY","39426"
"hu842","Handling Unit","","","","","","","ENTITY","39427"
"hu832","Handling Unit","","","","","","","ENTITY","39428"
"hu850","Handling Unit","","","","","","","ENTITY","39429"
"hu829","Handling Unit","","","","","","","ENTITY","39430"
"hu848","Handling Unit","","","","","","","ENTITY","39431"
"hu856","Handling Unit","","","","","","","ENTITY","39432"
"hu853","Handling Unit","","","","","","","ENTITY","39433"
"hu852","Handling Unit","","","","","","","ENTITY","39434"
"hu831","Handling Unit","","","","","","","ENTITY","39435"
"hu857","Handling Unit","","","","","","","ENTITY","39436"
"hu855","Handling Unit","","","","","","","ENTITY","39437"
"hu862","Handling Unit","","","","","","","ENTITY","39438"
"hu854","Handling Unit","","","","","","","ENTITY","39439"
"hu861","Handling Unit","","","","","","","ENTITY","39440"
"hu858","Handling Unit","","","","","","","ENTITY","39441"
"hu849","Handling Unit","","","","","","","ENTITY","39442"
"hu866","Handling Unit","","","","","","","ENTITY","39443"
"hu872","Handling Unit","","","","","","","ENTITY","39444"
"hu860","Handling Unit","","","","","","","ENTITY","39445"
"hu871","Handling Unit","","","","","","","ENTITY","39446"
"hu868","Handling Unit","","","","","","","ENTITY","39447"
"hu869","Handling Unit","","","","","","","ENTITY","39448"
"hu863","Handling Unit","","","","","","","ENTITY","39449"
"hu851","Handling Unit","","","","","","","ENTITY","39450"
"hu870","Handling Unit","","","","","","","ENTITY","39451"
"hu864","Handling Unit","","","","","","","ENTITY","39452"
"hu846","Handling Unit","","","","","","","ENTITY","39453"
"hu867","Handling Unit","","","","","","","ENTITY","39454"
"hu847","Handling Unit","","","","","","","ENTITY","39455"
"hu865","Handling Unit","","","","","","","ENTITY","39456"
"hu859","Handling Unit","","","","","","","ENTITY","39457"
"hu876","Handling Unit","","","","","","","ENTITY","39458"
"hu873","Handling Unit","","","","","","","ENTITY","39459"
"hu878","Handling Unit","","","","","","","ENTITY","39460"
"hu880","Handling Unit","","","","","","","ENTITY","39461"
"hu881","Handling Unit","","","","","","","ENTITY","39462"
"hu883","Handling Unit","","","","","","","ENTITY","39463"
"hu874","Handling Unit","","","","","","","ENTITY","39464"
"hu882","Handling Unit","","","","","","","ENTITY","39465"
"hu889","Handling Unit","","","","","","","ENTITY","39466"
"hu892","Handling Unit","","","","","","","ENTITY","39467"
"hu893","Handling Unit","","","","","","","ENTITY","39468"
"hu888","Handling Unit","","","","","","","ENTITY","39469"
"hu897","Handling Unit","","","","","","","ENTITY","39470"
"hu904","Handling Unit","","","","","","","ENTITY","39471"
"hu901","Handling Unit","","","","","","","ENTITY","39472"
"hu895","Handling Unit","","","","","","","ENTITY","39473"
"hu886","Handling Unit","","","","","","","ENTITY","39474"
"hu891","Handling Unit","","","","","","","ENTITY","39475"
"hu884","Handling Unit","","","","","","","ENTITY","39476"
"hu900","Handling Unit","","","","","","","ENTITY","39477"
"hu894","Handling Unit","","","","","","","ENTITY","39478"
"hu887","Handling Unit","","","","","","","ENTITY","39479"
"hu875","Handling Unit","","","","","","","ENTITY","39480"
"hu890","Handling Unit","","","","","","","ENTITY","39481"
"hu899","Handling Unit","","","","","","","ENTITY","39482"
"hu879","Handling Unit","","","","","","","ENTITY","39483"
"hu902","Handling Unit","","","","","","","ENTITY","39484"
"hu898","Handling Unit","","","","","","","ENTITY","39485"
"hu896","Handling Unit","","","","","","","ENTITY","39486"
"hu885","Handling Unit","","","","","","","ENTITY","39487"
"hu903","Handling Unit","","","","","","","ENTITY","39488"
"hu915","Handling Unit","","","","","","","ENTITY","39489"
"hu906","Handling Unit","","","","","","","ENTITY","39490"
"hu914","Handling Unit","","","","","","","ENTITY","39491"
"hu907","Handling Unit","","","","","","","ENTITY","39492"
"hu877","Handling Unit","","","","","","","ENTITY","39493"
"hu917","Handling Unit","","","","","","","ENTITY","39494"
"hu922","Handling Unit","","","","","","","ENTITY","39495"
"hu920","Handling Unit","","","","","","","ENTITY","39496"
"hu908","Handling Unit","","","","","","","ENTITY","39497"
"hu910","Handling Unit","","","","","","","ENTITY","39498"
"hu909","Handling Unit","","","","","","","ENTITY","39499"
"hu921","Handling Unit","","","","","","","ENTITY","39500"
"hu916","Handling Unit","","","","","","","ENTITY","39501"
"hu912","Handling Unit","","","","","","","ENTITY","39502"
"hu924","Handling Unit","","","","","","","ENTITY","39503"
"hu905","Handling Unit","","","","","","","ENTITY","39504"
"hu932","Handling Unit","","","","","","","ENTITY","39505"
"hu939","Handling Unit","","","","","","","ENTITY","39506"
"hu926","Handling Unit","","","","","","","ENTITY","39507"
"hu935","Handling Unit","","","","","","","ENTITY","39508"
"hu919","Handling Unit","","","","","","","ENTITY","39509"
"hu927","Handling Unit","","","","","","","ENTITY","39510"
"hu936","Handling Unit","","","","","","","ENTITY","39511"
"hu925","Handling Unit","","","","","","","ENTITY","39512"
"hu913","Handling Unit","","","","","","","ENTITY","39513"
"hu931","Handling Unit","","","","","","","ENTITY","39514"
"hu923","Handling Unit","","","","","","","ENTITY","39515"
"hu934","Handling Unit","","","","","","","ENTITY","39516"
"hu930","Handling Unit","","","","","","","ENTITY","39517"
"hu918","Handling Unit","","","","","","","ENTITY","39518"
"hu941","Handling Unit","","","","","","","ENTITY","39519"
"hu911","Handling Unit","","","","","","","ENTITY","39520"
"hu938","Handling Unit","","","","","","","ENTITY","39521"
"hu928","Handling Unit","","","","","","","ENTITY","39522"
"hu940","Handling Unit","","","","","","","ENTITY","39523"
"hu933","Handling Unit","","","","","","","ENTITY","39524"
"hu937","Handling Unit","","","","","","","ENTITY","39525"
"hu929","Handling Unit","","","","","","","ENTITY","39526"
"hu946","Handling Unit","","","","","","","ENTITY","39527"
"hu947","Handling Unit","","","","","","","ENTITY","39528"
"hu942","Handling Unit","","","","","","","ENTITY","39529"
"hu943","Handling Unit","","","","","","","ENTITY","39530"
"hu944","Handling Unit","","","","","","","ENTITY","39531"
"hu945","Handling Unit","","","","","","","ENTITY","39532"
"hu953","Handling Unit","","","","","","","ENTITY","39533"
"hu949","Handling Unit","","","","","","","ENTITY","39534"
"hu951","Handling Unit","","","","","","","ENTITY","39535"
"hu948","Handling Unit","","","","","","","ENTITY","39536"
"hu952","Handling Unit","","","","","","","ENTITY","39537"
"hu950","Handling Unit","","","","","","","ENTITY","39538"
"hu959","Handling Unit","","","","","","","ENTITY","39539"
"hu958","Handling Unit","","","","","","","ENTITY","39540"
"hu974","Handling Unit","","","","","","","ENTITY","39541"
"hu957","Handling Unit","","","","","","","ENTITY","39542"
"hu969","Handling Unit","","","","","","","ENTITY","39543"
"hu963","Handling Unit","","","","","","","ENTITY","39544"
"hu970","Handling Unit","","","","","","","ENTITY","39545"
"hu964","Handling Unit","","","","","","","ENTITY","39546"
"hu960","Handling Unit","","","","","","","ENTITY","39547"
"hu979","Handling Unit","","","","","","","ENTITY","39548"
"hu972","Handling Unit","","","","","","","ENTITY","39549"
"hu968","Handling Unit","","","","","","","ENTITY","39550"
"hu975","Handling Unit","","","","","","","ENTITY","39551"
"hu977","Handling Unit","","","","","","","ENTITY","39552"
"hu973","Handling Unit","","","","","","","ENTITY","39553"
"hu966","Handling Unit","","","","","","","ENTITY","39554"
"hu955","Handling Unit","","","","","","","ENTITY","39555"
"hu983","Handling Unit","","","","","","","ENTITY","39556"
"hu961","Handling Unit","","","","","","","ENTITY","39557"
"hu971","Handling Unit","","","","","","","ENTITY","39558"
"hu962","Handling Unit","","","","","","","ENTITY","39559"
"hu982","Handling Unit","","","","","","","ENTITY","39560"
"hu967","Handling Unit","","","","","","","ENTITY","39561"
"hu981","Handling Unit","","","","","","","ENTITY","39562"
"hu954","Handling Unit","","","","","","","ENTITY","39563"
"hu976","Handling Unit","","","","","","","ENTITY","39564"
"hu978","Handling Unit","","","","","","","ENTITY","39565"
"hu965","Handling Unit","","","","","","","ENTITY","39566"
"hu980","Handling Unit","","","","","","","ENTITY","39567"
"hu956","Handling Unit","","","","","","","ENTITY","39568"
"hu984","Handling Unit","","","","","","","ENTITY","39569"
"hu985","Handling Unit","","","","","","","ENTITY","39570"
"hu989","Handling Unit","","","","","","","ENTITY","39571"
"hu990","Handling Unit","","","","","","","ENTITY","39572"
"hu988","Handling Unit","","","","","","","ENTITY","39573"
"hu986","Handling Unit","","","","","","","ENTITY","39574"
"hu992","Handling Unit","","","","","","","ENTITY","39575"
"hu1002","Handling Unit","","","","","","","ENTITY","39576"
"hu987","Handling Unit","","","","","","","ENTITY","39577"
"hu1012","Handling Unit","","","","","","","ENTITY","39578"
"hu1006","Handling Unit","","","","","","","ENTITY","39579"
"hu1005","Handling Unit","","","","","","","ENTITY","39580"
"hu993","Handling Unit","","","","","","","ENTITY","39581"
"hu1009","Handling Unit","","","","","","","ENTITY","39582"
"hu1008","Handling Unit","","","","","","","ENTITY","39583"
"hu1004","Handling Unit","","","","","","","ENTITY","39584"
"hu999","Handling Unit","","","","","","","ENTITY","39585"
"hu991","Handling Unit","","","","","","","ENTITY","39586"
"hu1018","Handling Unit","","","","","","","ENTITY","39587"
"hu1007","Handling Unit","","","","","","","ENTITY","39588"
"hu995","Handling Unit","","","","","","","ENTITY","39589"
"hu1001","Handling Unit","","","","","","","ENTITY","39590"
"hu1019","Handling Unit","","","","","","","ENTITY","39591"
"hu1021","Handling Unit","","","","","","","ENTITY","39592"
"hu996","Handling Unit","","","","","","","ENTITY","39593"
"hu1026","Handling Unit","","","","","","","ENTITY","39594"
"hu998","Handling Unit","","","","","","","ENTITY","39595"
"hu1016","Handling Unit","","","","","","","ENTITY","39596"
"hu1024","Handling Unit","","","","","","","ENTITY","39597"
"hu1017","Handling Unit","","","","","","","ENTITY","39598"
"hu1000","Handling Unit","","","","","","","ENTITY","39599"
"hu1022","Handling Unit","","","","","","","ENTITY","39600"
"hu1025","Handling Unit","","","","","","","ENTITY","39601"
"hu1023","Handling Unit","","","","","","","ENTITY","39602"
"hu997","Handling Unit","","","","","","","ENTITY","39603"
"hu1015","Handling Unit","","","","","","","ENTITY","39604"
"hu1011","Handling Unit","","","","","","","ENTITY","39605"
"hu994","Handling Unit","","","","","","","ENTITY","39606"
"hu1010","Handling Unit","","","","","","","ENTITY","39607"
"hu1020","Handling Unit","","","","","","","ENTITY","39608"
"hu1028","Handling Unit","","","","","","","ENTITY","39609"
"hu1030","Handling Unit","","","","","","","ENTITY","39610"
"hu1032","Handling Unit","","","","","","","ENTITY","39611"
"hu1003","Handling Unit","","","","","","","ENTITY","39612"
"hu1029","Handling Unit","","","","","","","ENTITY","39613"
"hu1041","Handling Unit","","","","","","","ENTITY","39614"
"hu1046","Handling Unit","","","","","","","ENTITY","39615"
"hu1035","Handling Unit","","","","","","","ENTITY","39616"
"hu1036","Handling Unit","","","","","","","ENTITY","39617"
"hu1014","Handling Unit","","","","","","","ENTITY","39618"
"hu1034","Handling Unit","","","","","","","ENTITY","39619"
"hu1044","Handling Unit","","","","","","","ENTITY","39620"
"hu1033","Handling Unit","","","","","","","ENTITY","39621"
"hu1042","Handling Unit","","","","","","","ENTITY","39622"
"hu1037","Handling Unit","","","","","","","ENTITY","39623"
"hu1013","Handling Unit","","","","","","","ENTITY","39624"
"hu1043","Handling Unit","","","","","","","ENTITY","39625"
"hu1047","Handling Unit","","","","","","","ENTITY","39626"
"hu1051","Handling Unit","","","","","","","ENTITY","39627"
"hu1038","Handling Unit","","","","","","","ENTITY","39628"
"hu1053","Handling Unit","","","","","","","ENTITY","39629"
"hu1050","Handling Unit","","","","","","","ENTITY","39630"
"hu1048","Handling Unit","","","","","","","ENTITY","39631"
"hu1057","Handling Unit","","","","","","","ENTITY","39632"
"hu1027","Handling Unit","","","","","","","ENTITY","39633"
"hu1054","Handling Unit","","","","","","","ENTITY","39634"
"hu1039","Handling Unit","","","","","","","ENTITY","39635"
"hu1059","Handling Unit","","","","","","","ENTITY","39636"
"hu1049","Handling Unit","","","","","","","ENTITY","39637"
"hu1052","Handling Unit","","","","","","","ENTITY","39638"
"hu1040","Handling Unit","","","","","","","ENTITY","39639"
"hu1055","Handling Unit","","","","","","","ENTITY","39640"
"hu1045","Handling Unit","","","","","","","ENTITY","39641"
"hu1063","Handling Unit","","","","","","","ENTITY","39642"
"hu1056","Handling Unit","","","","","","","ENTITY","39643"
"hu1058","Handling Unit","","","","","","","ENTITY","39644"
"hu1061","Handling Unit","","","","","","","ENTITY","39645"
"hu1069","Handling Unit","","","","","","","ENTITY","39646"
"hu1060","Handling Unit","","","","","","","ENTITY","39647"
"hu1066","Handling Unit","","","","","","","ENTITY","39648"
"hu1072","Handling Unit","","","","","","","ENTITY","39649"
"hu1070","Handling Unit","","","","","","","ENTITY","39650"
"hu1065","Handling Unit","","","","","","","ENTITY","39651"
"hu1076","Handling Unit","","","","","","","ENTITY","39652"
"hu1074","Handling Unit","","","","","","","ENTITY","39653"
"hu1064","Handling Unit","","","","","","","ENTITY","39654"
"hu1075","Handling Unit","","","","","","","ENTITY","39655"
"hu1062","Handling Unit","","","","","","","ENTITY","39656"
"hu1068","Handling Unit","","","","","","","ENTITY","39657"
"hu1031","Handling Unit","","","","","","","ENTITY","39658"
"hu1080","Handling Unit","","","","","","","ENTITY","39659"
"hu1082","Handling Unit","","","","","","","ENTITY","39660"
"hu1067","Handling Unit","","","","","","","ENTITY","39661"
"hu1083","Handling Unit","","","","","","","ENTITY","39662"
"hu1073","Handling Unit","","","","","","","ENTITY","39663"
"hu1078","Handling Unit","","","","","","","ENTITY","39664"
"hu1081","Handling Unit","","","","","","","ENTITY","39665"
"hu1085","Handling Unit","","","","","","","ENTITY","39666"
"hu1084","Handling Unit","","","","","","","ENTITY","39667"
"hu1077","Handling Unit","","","","","","","ENTITY","39668"
"hu1071","Handling Unit","","","","","","","ENTITY","39669"
"hu1079","Handling Unit","","","","","","","ENTITY","39670"
"hu1090","Handling Unit","","","","","","","ENTITY","39671"
"hu1091","Handling Unit","","","","","","","ENTITY","39672"
"hu1089","Handling Unit","","","","","","","ENTITY","39673"
"hu1087","Handling Unit","","","","","","","ENTITY","39674"
"hu1086","Handling Unit","","","","","","","ENTITY","39675"
"hu1088","Handling Unit","","","","","","","ENTITY","39676"
"hu1092","Handling Unit","","","","","","","ENTITY","39677"
"hu1094","Handling Unit","","","","","","","ENTITY","39678"
"hu1095","Handling Unit","","","","","","","ENTITY","39679"
"hu1096","Handling Unit","","","","","","","ENTITY","39680"
"hu1104","Handling Unit","","","","","","","ENTITY","39681"
"hu1093","Handling Unit","","","","","","","ENTITY","39682"
"hu1098","Handling Unit","","","","","","","ENTITY","39683"
"hu1103","Handling Unit","","","","","","","ENTITY","39684"
"hu1099","Handling Unit","","","","","","","ENTITY","39685"
"hu1109","Handling Unit","","","","","","","ENTITY","39686"
"hu1110","Handling Unit","","","","","","","ENTITY","39687"
"hu1101","Handling Unit","","","","","","","ENTITY","39688"
"hu1102","Handling Unit","","","","","","","ENTITY","39689"
"hu1107","Handling Unit","","","","","","","ENTITY","39690"
"hu1105","Handling Unit","","","","","","","ENTITY","39691"
"hu1097","Handling Unit","","","","","","","ENTITY","39692"
"hu1100","Handling Unit","","","","","","","ENTITY","39693"
"hu1108","Handling Unit","","","","","","","ENTITY","39694"
"hu1111","Handling Unit","","","","","","","ENTITY","39695"
"hu1106","Handling Unit","","","","","","","ENTITY","39696"
"hu1114","Handling Unit","","","","","","","ENTITY","39697"
"hu1122","Handling Unit","","","","","","","ENTITY","39698"
"hu1113","Handling Unit","","","","","","","ENTITY","39699"
"hu1115","Handling Unit","","","","","","","ENTITY","39700"
"hu1112","Handling Unit","","","","","","","ENTITY","39701"
"hu1120","Handling Unit","","","","","","","ENTITY","39702"
"hu1121","Handling Unit","","","","","","","ENTITY","39703"
"hu1119","Handling Unit","","","","","","","ENTITY","39704"
"hu1118","Handling Unit","","","","","","","ENTITY","39705"
"hu1116","Handling Unit","","","","","","","ENTITY","39706"
"hu1123","Handling Unit","","","","","","","ENTITY","39707"
"hu1117","Handling Unit","","","","","","","ENTITY","39708"
"hu1125","Handling Unit","","","","","","","ENTITY","39709"
"hu1129","Handling Unit","","","","","","","ENTITY","39710"
"hu1128","Handling Unit","","","","","","","ENTITY","39711"
"hu1124","Handling Unit","","","","","","","ENTITY","39712"
"hu1126","Handling Unit","","","","","","","ENTITY","39713"
"hu1127","Handling Unit","","","","","","","ENTITY","39714"
"hu1134","Handling Unit","","","","","","","ENTITY","39715"
"hu1132","Handling Unit","","","","","","","ENTITY","39716"
"hu1130","Handling Unit","","","","","","","ENTITY","39717"
"hu1131","Handling Unit","","","","","","","ENTITY","39718"
"hu1141","Handling Unit","","","","","","","ENTITY","39719"
"hu1135","Handling Unit","","","","","","","ENTITY","39720"
"hu1155","Handling Unit","","","","","","","ENTITY","39721"
"hu1159","Handling Unit","","","","","","","ENTITY","39722"
"hu1161","Handling Unit","","","","","","","ENTITY","39723"
"hu1143","Handling Unit","","","","","","","ENTITY","39724"
"hu1162","Handling Unit","","","","","","","ENTITY","39725"
"hu1153","Handling Unit","","","","","","","ENTITY","39726"
"hu1160","Handling Unit","","","","","","","ENTITY","39727"
"hu1145","Handling Unit","","","","","","","ENTITY","39728"
"hu1163","Handling Unit","","","","","","","ENTITY","39729"
"hu1136","Handling Unit","","","","","","","ENTITY","39730"
"hu1142","Handling Unit","","","","","","","ENTITY","39731"
"hu1165","Handling Unit","","","","","","","ENTITY","39732"
"hu1164","Handling Unit","","","","","","","ENTITY","39733"
"hu1146","Handling Unit","","","","","","","ENTITY","39734"
"hu1139","Handling Unit","","","","","","","ENTITY","39735"
"hu1148","Handling Unit","","","","","","","ENTITY","39736"
"hu1144","Handling Unit","","","","","","","ENTITY","39737"
"hu1150","Handling Unit","","","","","","","ENTITY","39738"
"hu1137","Handling Unit","","","","","","","ENTITY","39739"
"hu1167","Handling Unit","","","","","","","ENTITY","39740"
"hu1157","Handling Unit","","","","","","","ENTITY","39741"
"hu1133","Handling Unit","","","","","","","ENTITY","39742"
"hu1152","Handling Unit","","","","","","","ENTITY","39743"
"hu1147","Handling Unit","","","","","","","ENTITY","39744"
"hu1156","Handling Unit","","","","","","","ENTITY","39745"
"hu1140","Handling Unit","","","","","","","ENTITY","39746"
"hu1168","Handling Unit","","","","","","","ENTITY","39747"
"hu1173","Handling Unit","","","","","","","ENTITY","39748"
"hu1171","Handling Unit","","","","","","","ENTITY","39749"
"hu1172","Handling Unit","","","","","","","ENTITY","39750"
"hu1149","Handling Unit","","","","","","","ENTITY","39751"
"hu1178","Handling Unit","","","","","","","ENTITY","39752"
"hu1158","Handling Unit","","","","","","","ENTITY","39753"
"hu1175","Handling Unit","","","","","","","ENTITY","39754"
"hu1151","Handling Unit","","","","","","","ENTITY","39755"
"hu1138","Handling Unit","","","","","","","ENTITY","39756"
"hu1179","Handling Unit","","","","","","","ENTITY","39757"
"hu1174","Handling Unit","","","","","","","ENTITY","39758"
"hu1166","Handling Unit","","","","","","","ENTITY","39759"
"hu1177","Handling Unit","","","","","","","ENTITY","39760"
"hu1169","Handling Unit","","","","","","","ENTITY","39761"
"hu1170","Handling Unit","","","","","","","ENTITY","39762"
"hu1185","Handling Unit","","","","","","","ENTITY","39763"
"hu1184","Handling Unit","","","","","","","ENTITY","39764"
"hu1176","Handling Unit","","","","","","","ENTITY","39765"
"hu1154","Handling Unit","","","","","","","ENTITY","39766"
"hu1181","Handling Unit","","","","","","","ENTITY","39767"
"hu1182","Handling Unit","","","","","","","ENTITY","39768"
"hu1183","Handling Unit","","","","","","","ENTITY","39769"
"hu1180","Handling Unit","","","","","","","ENTITY","39770"
"hu1189","Handling Unit","","","","","","","ENTITY","39771"
"hu1186","Handling Unit","","","","","","","ENTITY","39772"
"hu1187","Handling Unit","","","","","","","ENTITY","39773"
"hu1188","Handling Unit","","","","","","","ENTITY","39774"
"hu1194","Handling Unit","","","","","","","ENTITY","39775"
"hu1195","Handling Unit","","","","","","","ENTITY","39776"
"hu1191","Handling Unit","","","","","","","ENTITY","39777"
"hu1192","Handling Unit","","","","","","","ENTITY","39778"
"hu1193","Handling Unit","","","","","","","ENTITY","39779"
"hu1190","Handling Unit","","","","","","","ENTITY","39780"
"hu1196","Handling Unit","","","","","","","ENTITY","39781"
"hu1198","Handling Unit","","","","","","","ENTITY","39782"
"hu1197","Handling Unit","","","","","","","ENTITY","39783"
"hu1200","Handling Unit","","","","","","","ENTITY","39784"
"hu1199","Handling Unit","","","","","","","ENTITY","39785"
"hu1202","Handling Unit","","","","","","","ENTITY","39786"
"hu1208","Handling Unit","","","","","","","ENTITY","39787"
"hu1209","Handling Unit","","","","","","","ENTITY","39788"
"hu1203","Handling Unit","","","","","","","ENTITY","39789"
"hu1201","Handling Unit","","","","","","","ENTITY","39790"
"hu1205","Handling Unit","","","","","","","ENTITY","39791"
"hu1206","Handling Unit","","","","","","","ENTITY","39792"
"hu1211","Handling Unit","","","","","","","ENTITY","39793"
"hu1204","Handling Unit","","","","","","","ENTITY","39794"
"hu1210","Handling Unit","","","","","","","ENTITY","39795"
"hu1207","Handling Unit","","","","","","","ENTITY","39796"
"hu1212","Handling Unit","","","","","","","ENTITY","39797"
"hu1216","Handling Unit","","","","","","","ENTITY","39798"
"hu1213","Handling Unit","","","","","","","ENTITY","39799"
"hu1217","Handling Unit","","","","","","","ENTITY","39800"
"hu1215","Handling Unit","","","","","","","ENTITY","39801"
"hu1218","Handling Unit","","","","","","","ENTITY","39802"
"hu1214","Handling Unit","","","","","","","ENTITY","39803"
"hu1224","Handling Unit","","","","","","","ENTITY","39804"
"hu1221","Handling Unit","","","","","","","ENTITY","39805"
"hu1219","Handling Unit","","","","","","","ENTITY","39806"
"hu1223","Handling Unit","","","","","","","ENTITY","39807"
"hu1220","Handling Unit","","","","","","","ENTITY","39808"
"hu1222","Handling Unit","","","","","","","ENTITY","39809"
"hu1228","Handling Unit","","","","","","","ENTITY","39810"
"hu1230","Handling Unit","","","","","","","ENTITY","39811"
"hu1227","Handling Unit","","","","","","","ENTITY","39812"
"hu1229","Handling Unit","","","","","","","ENTITY","39813"
"hu1234","Handling Unit","","","","","","","ENTITY","39814"
"hu1236","Handling Unit","","","","","","","ENTITY","39815"
"hu1232","Handling Unit","","","","","","","ENTITY","39816"
"hu1235","Handling Unit","","","","","","","ENTITY","39817"
"hu1225","Handling Unit","","","","","","","ENTITY","39818"
"hu1231","Handling Unit","","","","","","","ENTITY","39819"
"hu1233","Handling Unit","","","","","","","ENTITY","39820"
"hu1226","Handling Unit","","","","","","","ENTITY","39821"
"hu1240","Handling Unit","","","","","","","ENTITY","39822"
"hu1242","Handling Unit","","","","","","","ENTITY","39823"
"hu1239","Handling Unit","","","","","","","ENTITY","39824"
"hu1241","Handling Unit","","","","","","","ENTITY","39825"
"hu1237","Handling Unit","","","","","","","ENTITY","39826"
"hu1238","Handling Unit","","","","","","","ENTITY","39827"
"hu1244","Handling Unit","","","","","","","ENTITY","39828"
"hu1256","Handling Unit","","","","","","","ENTITY","39829"
"hu1257","Handling Unit","","","","","","","ENTITY","39830"
"hu1254","Handling Unit","","","","","","","ENTITY","39831"
"hu1258","Handling Unit","","","","","","","ENTITY","39832"
"hu1259","Handling Unit","","","","","","","ENTITY","39833"
"hu1245","Handling Unit","","","","","","","ENTITY","39834"
"hu1247","Handling Unit","","","","","","","ENTITY","39835"
"hu1253","Handling Unit","","","","","","","ENTITY","39836"
"hu1251","Handling Unit","","","","","","","ENTITY","39837"
"hu1246","Handling Unit","","","","","","","ENTITY","39838"
"hu1261","Handling Unit","","","","","","","ENTITY","39839"
"hu1243","Handling Unit","","","","","","","ENTITY","39840"
"hu1249","Handling Unit","","","","","","","ENTITY","39841"
"hu1260","Handling Unit","","","","","","","ENTITY","39842"
"hu1255","Handling Unit","","","","","","","ENTITY","39843"
"hu1248","Handling Unit","","","","","","","ENTITY","39844"
"hu1270","Handling Unit","","","","","","","ENTITY","39845"
"hu1252","Handling Unit","","","","","","","ENTITY","39846"
"hu1265","Handling Unit","","","","","","","ENTITY","39847"
"hu1263","Handling Unit","","","","","","","ENTITY","39848"
"hu1269","Handling Unit","","","","","","","ENTITY","39849"
"hu1266","Handling Unit","","","","","","","ENTITY","39850"
"hu1268","Handling Unit","","","","","","","ENTITY","39851"
"hu1267","Handling Unit","","","","","","","ENTITY","39852"
"hu1271","Handling Unit","","","","","","","ENTITY","39853"
"hu1273","Handling Unit","","","","","","","ENTITY","39854"
"hu1272","Handling Unit","","","","","","","ENTITY","39855"
"hu1264","Handling Unit","","","","","","","ENTITY","39856"
"hu1262","Handling Unit","","","","","","","ENTITY","39857"
"hu1250","Handling Unit","","","","","","","ENTITY","39858"
"hu1274","Handling Unit","","","","","","","ENTITY","39859"
"hu1278","Handling Unit","","","","","","","ENTITY","39860"
"hu1280","Handling Unit","","","","","","","ENTITY","39861"
"hu1277","Handling Unit","","","","","","","ENTITY","39862"
"hu1275","Handling Unit","","","","","","","ENTITY","39863"
"hu1276","Handling Unit","","","","","","","ENTITY","39864"
"hu1279","Handling Unit","","","","","","","ENTITY","39865"
"hu1286","Handling Unit","","","","","","","ENTITY","39866"
"hu1284","Handling Unit","","","","","","","ENTITY","39867"
"hu1281","Handling Unit","","","","","","","ENTITY","39868"
"hu1283","Handling Unit","","","","","","","ENTITY","39869"
"hu1285","Handling Unit","","","","","","","ENTITY","39870"
"hu1296","Handling Unit","","","","","","","ENTITY","39871"
"hu1307","Handling Unit","","","","","","","ENTITY","39872"
"hu1294","Handling Unit","","","","","","","ENTITY","39873"
"hu1300","Handling Unit","","","","","","","ENTITY","39874"
"hu1282","Handling Unit","","","","","","","ENTITY","39875"
"hu1290","Handling Unit","","","","","","","ENTITY","39876"
"hu1309","Handling Unit","","","","","","","ENTITY","39877"
"hu1297","Handling Unit","","","","","","","ENTITY","39878"
"hu1287","Handling Unit","","","","","","","ENTITY","39879"
"hu1312","Handling Unit","","","","","","","ENTITY","39880"
"hu1292","Handling Unit","","","","","","","ENTITY","39881"
"hu1305","Handling Unit","","","","","","","ENTITY","39882"
"hu1301","Handling Unit","","","","","","","ENTITY","39883"
"hu1291","Handling Unit","","","","","","","ENTITY","39884"
"hu1304","Handling Unit","","","","","","","ENTITY","39885"
"hu1314","Handling Unit","","","","","","","ENTITY","39886"
"hu1313","Handling Unit","","","","","","","ENTITY","39887"
"hu1315","Handling Unit","","","","","","","ENTITY","39888"
"hu1308","Handling Unit","","","","","","","ENTITY","39889"
"hu1293","Handling Unit","","","","","","","ENTITY","39890"
"hu1317","Handling Unit","","","","","","","ENTITY","39891"
"hu1303","Handling Unit","","","","","","","ENTITY","39892"
"hu1299","Handling Unit","","","","","","","ENTITY","39893"
"hu1319","Handling Unit","","","","","","","ENTITY","39894"
"hu1298","Handling Unit","","","","","","","ENTITY","39895"
"hu1302","Handling Unit","","","","","","","ENTITY","39896"
"hu1288","Handling Unit","","","","","","","ENTITY","39897"
"hu1306","Handling Unit","","","","","","","ENTITY","39898"
"hu1310","Handling Unit","","","","","","","ENTITY","39899"
"hu1318","Handling Unit","","","","","","","ENTITY","39900"
"hu1316","Handling Unit","","","","","","","ENTITY","39901"
"hu1295","Handling Unit","","","","","","","ENTITY","39902"
"hu1289","Handling Unit","","","","","","","ENTITY","39903"
"hu1311","Handling Unit","","","","","","","ENTITY","39904"
"hu1320","Handling Unit","","","","","","","ENTITY","39905"
"hu1330","Handling Unit","","","","","","","ENTITY","39906"
"hu1345","Handling Unit","","","","","","","ENTITY","39907"
"hu1342","Handling Unit","","","","","","","ENTITY","39908"
"hu1344","Handling Unit","","","","","","","ENTITY","39909"
"hu1333","Handling Unit","","","","","","","ENTITY","39910"
"hu1349","Handling Unit","","","","","","","ENTITY","39911"
"hu1324","Handling Unit","","","","","","","ENTITY","39912"
"hu1334","Handling Unit","","","","","","","ENTITY","39913"
"hu1354","Handling Unit","","","","","","","ENTITY","39914"
"hu1331","Handling Unit","","","","","","","ENTITY","39915"
"hu1325","Handling Unit","","","","","","","ENTITY","39916"
"hu1343","Handling Unit","","","","","","","ENTITY","39917"
"hu1347","Handling Unit","","","","","","","ENTITY","39918"
"hu1338","Handling Unit","","","","","","","ENTITY","39919"
"hu1326","Handling Unit","","","","","","","ENTITY","39920"
"hu1332","Handling Unit","","","","","","","ENTITY","39921"
"hu1335","Handling Unit","","","","","","","ENTITY","39922"
"hu1340","Handling Unit","","","","","","","ENTITY","39923"
"hu1350","Handling Unit","","","","","","","ENTITY","39924"
"hu1339","Handling Unit","","","","","","","ENTITY","39925"
"hu1337","Handling Unit","","","","","","","ENTITY","39926"
"hu1323","Handling Unit","","","","","","","ENTITY","39927"
"hu1346","Handling Unit","","","","","","","ENTITY","39928"
"hu1353","Handling Unit","","","","","","","ENTITY","39929"
"hu1329","Handling Unit","","","","","","","ENTITY","39930"
"hu1351","Handling Unit","","","","","","","ENTITY","39931"
"hu1327","Handling Unit","","","","","","","ENTITY","39932"
"hu1322","Handling Unit","","","","","","","ENTITY","39933"
"hu1352","Handling Unit","","","","","","","ENTITY","39934"
"hu1348","Handling Unit","","","","","","","ENTITY","39935"
"hu1328","Handling Unit","","","","","","","ENTITY","39936"
"hu1341","Handling Unit","","","","","","","ENTITY","39937"
"hu1321","Handling Unit","","","","","","","ENTITY","39938"
"hu1336","Handling Unit","","","","","","","ENTITY","39939"
"hu1356","Handling Unit","","","","","","","ENTITY","39940"
"hu1359","Handling Unit","","","","","","","ENTITY","39941"
"hu1362","Handling Unit","","","","","","","ENTITY","39942"
"hu1355","Handling Unit","","","","","","","ENTITY","39943"
"hu1360","Handling Unit","","","","","","","ENTITY","39944"
"hu1357","Handling Unit","","","","","","","ENTITY","39945"
"hu1380","Handling Unit","","","","","","","ENTITY","39946"
"hu1367","Handling Unit","","","","","","","ENTITY","39947"
"hu1381","Handling Unit","","","","","","","ENTITY","39948"
"hu1373","Handling Unit","","","","","","","ENTITY","39949"
"hu1365","Handling Unit","","","","","","","ENTITY","39950"
"hu1385","Handling Unit","","","","","","","ENTITY","39951"
"hu1358","Handling Unit","","","","","","","ENTITY","39952"
"hu1382","Handling Unit","","","","","","","ENTITY","39953"
"hu1371","Handling Unit","","","","","","","ENTITY","39954"
"hu1361","Handling Unit","","","","","","","ENTITY","39955"
"hu1386","Handling Unit","","","","","","","ENTITY","39956"
"hu1364","Handling Unit","","","","","","","ENTITY","39957"
"hu1375","Handling Unit","","","","","","","ENTITY","39958"
"hu1363","Handling Unit","","","","","","","ENTITY","39959"
"hu1369","Handling Unit","","","","","","","ENTITY","39960"
"hu1368","Handling Unit","","","","","","","ENTITY","39961"
"hu1383","Handling Unit","","","","","","","ENTITY","39962"
"hu1379","Handling Unit","","","","","","","ENTITY","39963"
"hu1384","Handling Unit","","","","","","","ENTITY","39964"
"hu1387","Handling Unit","","","","","","","ENTITY","39965"
"hu1370","Handling Unit","","","","","","","ENTITY","39966"
"hu1378","Handling Unit","","","","","","","ENTITY","39967"
"hu1377","Handling Unit","","","","","","","ENTITY","39968"
"hu1372","Handling Unit","","","","","","","ENTITY","39969"
"hu1366","Handling Unit","","","","","","","ENTITY","39970"
"hu1374","Handling Unit","","","","","","","ENTITY","39971"
"hu1376","Handling Unit","","","","","","","ENTITY","39972"
"hu1392","Handling Unit","","","","","","","ENTITY","39973"
"hu1397","Handling Unit","","","","","","","ENTITY","39974"
"hu1398","Handling Unit","","","","","","","ENTITY","39975"
"hu1394","Handling Unit","","","","","","","ENTITY","39976"
"hu1404","Handling Unit","","","","","","","ENTITY","39977"
"hu1405","Handling Unit","","","","","","","ENTITY","39978"
"hu1395","Handling Unit","","","","","","","ENTITY","39979"
"hu1408","Handling Unit","","","","","","","ENTITY","39980"
"hu1409","Handling Unit","","","","","","","ENTITY","39981"
"hu1401","Handling Unit","","","","","","","ENTITY","39982"
"hu1400","Handling Unit","","","","","","","ENTITY","39983"
"hu1407","Handling Unit","","","","","","","ENTITY","39984"
"hu1393","Handling Unit","","","","","","","ENTITY","39985"
"hu1390","Handling Unit","","","","","","","ENTITY","39986"
"hu1389","Handling Unit","","","","","","","ENTITY","39987"
"hu1402","Handling Unit","","","","","","","ENTITY","39988"
"hu1399","Handling Unit","","","","","","","ENTITY","39989"
"hu1396","Handling Unit","","","","","","","ENTITY","39990"
"hu1403","Handling Unit","","","","","","","ENTITY","39991"
"hu1388","Handling Unit","","","","","","","ENTITY","39992"
"hu1410","Handling Unit","","","","","","","ENTITY","39993"
"hu1406","Handling Unit","","","","","","","ENTITY","39994"
"hu1391","Handling Unit","","","","","","","ENTITY","39995"
"hu1412","Handling Unit","","","","","","","ENTITY","39996"
"hu1420","Handling Unit","","","","","","","ENTITY","39997"
"hu1435","Handling Unit","","","","","","","ENTITY","39998"
"hu1426","Handling Unit","","","","","","","ENTITY","39999"
"hu1439","Handling Unit","","","","","","","ENTITY","40000"
"hu1436","Handling Unit","","","","","","","ENTITY","40001"
"hu1428","Handling Unit","","","","","","","ENTITY","40002"
"hu1424","Handling Unit","","","","","","","ENTITY","40003"
"hu1441","Handling Unit","","","","","","","ENTITY","40004"
"hu1419","Handling Unit","","","","","","","ENTITY","40005"
"hu1440","Handling Unit","","","","","","","ENTITY","40006"
"hu1429","Handling Unit","","","","","","","ENTITY","40007"
"hu1438","Handling Unit","","","","","","","ENTITY","40008"
"hu1417","Handling Unit","","","","","","","ENTITY","40009"
"hu1433","Handling Unit","","","","","","","ENTITY","40010"
"hu1434","Handling Unit","","","","","","","ENTITY","40011"
"hu1421","Handling Unit","","","","","","","ENTITY","40012"
"hu1415","Handling Unit","","","","","","","ENTITY","40013"
"hu1416","Handling Unit","","","","","","","ENTITY","40014"
"hu1423","Handling Unit","","","","","","","ENTITY","40015"
"hu1418","Handling Unit","","","","","","","ENTITY","40016"
"hu1425","Handling Unit","","","","","","","ENTITY","40017"
"hu1444","Handling Unit","","","","","","","ENTITY","40018"
"hu1442","Handling Unit","","","","","","","ENTITY","40019"
"hu1447","Handling Unit","","","","","","","ENTITY","40020"
"hu1427","Handling Unit","","","","","","","ENTITY","40021"
"hu1411","Handling Unit","","","","","","","ENTITY","40022"
"hu1431","Handling Unit","","","","","","","ENTITY","40023"
"hu1413","Handling Unit","","","","","","","ENTITY","40024"
"hu1446","Handling Unit","","","","","","","ENTITY","40025"
"hu1445","Handling Unit","","","","","","","ENTITY","40026"
"hu1414","Handling Unit","","","","","","","ENTITY","40027"
"hu1437","Handling Unit","","","","","","","ENTITY","40028"
"hu1443","Handling Unit","","","","","","","ENTITY","40029"
"hu1422","Handling Unit","","","","","","","ENTITY","40030"
"hu1430","Handling Unit","","","","","","","ENTITY","40031"
"hu1432","Handling Unit","","","","","","","ENTITY","40032"
"hu1449","Handling Unit","","","","","","","ENTITY","40033"
"hu1461","Handling Unit","","","","","","","ENTITY","40034"
"hu1456","Handling Unit","","","","","","","ENTITY","40035"
"hu1463","Handling Unit","","","","","","","ENTITY","40036"
"hu1454","Handling Unit","","","","","","","ENTITY","40037"
"hu1459","Handling Unit","","","","","","","ENTITY","40038"
"hu1465","Handling Unit","","","","","","","ENTITY","40039"
"hu1448","Handling Unit","","","","","","","ENTITY","40040"
"hu1466","Handling Unit","","","","","","","ENTITY","40041"
"hu1450","Handling Unit","","","","","","","ENTITY","40042"
"hu1452","Handling Unit","","","","","","","ENTITY","40043"
"hu1455","Handling Unit","","","","","","","ENTITY","40044"
"hu1457","Handling Unit","","","","","","","ENTITY","40045"
"hu1467","Handling Unit","","","","","","","ENTITY","40046"
"hu1453","Handling Unit","","","","","","","ENTITY","40047"
"hu1458","Handling Unit","","","","","","","ENTITY","40048"
"hu1468","Handling Unit","","","","","","","ENTITY","40049"
"hu1460","Handling Unit","","","","","","","ENTITY","40050"
"hu1464","Handling Unit","","","","","","","ENTITY","40051"
"hu1451","Handling Unit","","","","","","","ENTITY","40052"
"hu1462","Handling Unit","","","","","","","ENTITY","40053"
"hu1472","Handling Unit","","","","","","","ENTITY","40054"
"hu1470","Handling Unit","","","","","","","ENTITY","40055"
"hu1473","Handling Unit","","","","","","","ENTITY","40056"
"hu1469","Handling Unit","","","","","","","ENTITY","40057"
"hu1471","Handling Unit","","","","","","","ENTITY","40058"
"hu1478","Handling Unit","","","","","","","ENTITY","40059"
"hu1479","Handling Unit","","","","","","","ENTITY","40060"
"hu1476","Handling Unit","","","","","","","ENTITY","40061"
"hu1480","Handling Unit","","","","","","","ENTITY","40062"
"hu1475","Handling Unit","","","","","","","ENTITY","40063"
"hu1481","Handling Unit","","","","","","","ENTITY","40064"
"hu1474","Handling Unit","","","","","","","ENTITY","40065"
"hu1477","Handling Unit","","","","","","","ENTITY","40066"
"hu1485","Handling Unit","","","","","","","ENTITY","40067"
"hu1486","Handling Unit","","","","","","","ENTITY","40068"
"hu1487","Handling Unit","","","","","","","ENTITY","40069"
"hu1483","Handling Unit","","","","","","","ENTITY","40070"
"hu1482","Handling Unit","","","","","","","ENTITY","40071"
"hu1484","Handling Unit","","","","","","","ENTITY","40072"
"hu1492","Handling Unit","","","","","","","ENTITY","40073"
"hu1493","Handling Unit","","","","","","","ENTITY","40074"
"hu1488","Handling Unit","","","","","","","ENTITY","40075"
"hu1489","Handling Unit","","","","","","","ENTITY","40076"
"hu1495","Handling Unit","","","","","","","ENTITY","40077"
"hu1490","Handling Unit","","","","","","","ENTITY","40078"
"hu1504","Handling Unit","","","","","","","ENTITY","40079"
"hu1503","Handling Unit","","","","","","","ENTITY","40080"
"hu1497","Handling Unit","","","","","","","ENTITY","40081"
"hu1491","Handling Unit","","","","","","","ENTITY","40082"
"hu1494","Handling Unit","","","","","","","ENTITY","40083"
"hu1501","Handling Unit","","","","","","","ENTITY","40084"
"hu1500","Handling Unit","","","","","","","ENTITY","40085"
"hu1496","Handling Unit","","","","","","","ENTITY","40086"
"hu1506","Handling Unit","","","","","","","ENTITY","40087"
"hu1499","Handling Unit","","","","","","","ENTITY","40088"
"hu1498","Handling Unit","","","","","","","ENTITY","40089"
"hu1505","Handling Unit","","","","","","","ENTITY","40090"
"hu1508","Handling Unit","","","","","","","ENTITY","40091"
"hu1510","Handling Unit","","","","","","","ENTITY","40092"
"hu1512","Handling Unit","","","","","","","ENTITY","40093"
"hu1513","Handling Unit","","","","","","","ENTITY","40094"
"hu1514","Handling Unit","","","","","","","ENTITY","40095"
"hu1502","Handling Unit","","","","","","","ENTITY","40096"
"hu1511","Handling Unit","","","","","","","ENTITY","40097"
"hu1507","Handling Unit","","","","","","","ENTITY","40098"
"hu1509","Handling Unit","","","","","","","ENTITY","40099"
"hu1518","Handling Unit","","","","","","","ENTITY","40100"
"hu1515","Handling Unit","","","","","","","ENTITY","40101"
"hu1517","Handling Unit","","","","","","","ENTITY","40102"
"hu1523","Handling Unit","","","","","","","ENTITY","40103"
"hu1521","Handling Unit","","","","","","","ENTITY","40104"
"hu1522","Handling Unit","","","","","","","ENTITY","40105"
"hu1525","Handling Unit","","","","","","","ENTITY","40106"
"hu1532","Handling Unit","","","","","","","ENTITY","40107"
"hu1530","Handling Unit","","","","","","","ENTITY","40108"
"hu1535","Handling Unit","","","","","","","ENTITY","40109"
"hu1536","Handling Unit","","","","","","","ENTITY","40110"
"hu1526","Handling Unit","","","","","","","ENTITY","40111"
"hu1542","Handling Unit","","","","","","","ENTITY","40112"
"hu1540","Handling Unit","","","","","","","ENTITY","40113"
"hu1527","Handling Unit","","","","","","","ENTITY","40114"
"hu1546","Handling Unit","","","","","","","ENTITY","40115"
"hu1519","Handling Unit","","","","","","","ENTITY","40116"
"hu1539","Handling Unit","","","","","","","ENTITY","40117"
"hu1516","Handling Unit","","","","","","","ENTITY","40118"
"hu1545","Handling Unit","","","","","","","ENTITY","40119"
"hu1520","Handling Unit","","","","","","","ENTITY","40120"
"hu1543","Handling Unit","","","","","","","ENTITY","40121"
"hu1544","Handling Unit","","","","","","","ENTITY","40122"
"hu1548","Handling Unit","","","","","","","ENTITY","40123"
"hu1529","Handling Unit","","","","","","","ENTITY","40124"
"hu1550","Handling Unit","","","","","","","ENTITY","40125"
"hu1531","Handling Unit","","","","","","","ENTITY","40126"
"hu1541","Handling Unit","","","","","","","ENTITY","40127"
"hu1534","Handling Unit","","","","","","","ENTITY","40128"
"hu1528","Handling Unit","","","","","","","ENTITY","40129"
"hu1537","Handling Unit","","","","","","","ENTITY","40130"
"hu1549","Handling Unit","","","","","","","ENTITY","40131"
"hu1524","Handling Unit","","","","","","","ENTITY","40132"
"hu1547","Handling Unit","","","","","","","ENTITY","40133"
"hu1533","Handling Unit","","","","","","","ENTITY","40134"
"hu1538","Handling Unit","","","","","","","ENTITY","40135"
"hu1556","Handling Unit","","","","","","","ENTITY","40136"
"hu1552","Handling Unit","","","","","","","ENTITY","40137"
"hu1551","Handling Unit","","","","","","","ENTITY","40138"
"hu1562","Handling Unit","","","","","","","ENTITY","40139"
"hu1554","Handling Unit","","","","","","","ENTITY","40140"
"hu1558","Handling Unit","","","","","","","ENTITY","40141"
"hu1560","Handling Unit","","","","","","","ENTITY","40142"
"hu1559","Handling Unit","","","","","","","ENTITY","40143"
"hu1561","Handling Unit","","","","","","","ENTITY","40144"
"hu1553","Handling Unit","","","","","","","ENTITY","40145"
"hu1555","Handling Unit","","","","","","","ENTITY","40146"
"hu1557","Handling Unit","","","","","","","ENTITY","40147"
"hu1566","Handling Unit","","","","","","","ENTITY","40148"
"hu1564","Handling Unit","","","","","","","ENTITY","40149"
"hu1568","Handling Unit","","","","","","","ENTITY","40150"
"hu1563","Handling Unit","","","","","","","ENTITY","40151"
"hu1572","Handling Unit","","","","","","","ENTITY","40152"
"hu1575","Handling Unit","","","","","","","ENTITY","40153"
"hu1571","Handling Unit","","","","","","","ENTITY","40154"
"hu1565","Handling Unit","","","","","","","ENTITY","40155"
"hu1570","Handling Unit","","","","","","","ENTITY","40156"
"hu1581","Handling Unit","","","","","","","ENTITY","40157"
"hu1573","Handling Unit","","","","","","","ENTITY","40158"
"hu1574","Handling Unit","","","","","","","ENTITY","40159"
"hu1569","Handling Unit","","","","","","","ENTITY","40160"
"hu1591","Handling Unit","","","","","","","ENTITY","40161"
"hu1585","Handling Unit","","","","","","","ENTITY","40162"
"hu1567","Handling Unit","","","","","","","ENTITY","40163"
"hu1588","Handling Unit","","","","","","","ENTITY","40164"
"hu1586","Handling Unit","","","","","","","ENTITY","40165"
"hu1583","Handling Unit","","","","","","","ENTITY","40166"
"hu1578","Handling Unit","","","","","","","ENTITY","40167"
"hu1595","Handling Unit","","","","","","","ENTITY","40168"
"hu1580","Handling Unit","","","","","","","ENTITY","40169"
"hu1582","Handling Unit","","","","","","","ENTITY","40170"
"hu1592","Handling Unit","","","","","","","ENTITY","40171"
"hu1593","Handling Unit","","","","","","","ENTITY","40172"
"hu1602","Handling Unit","","","","","","","ENTITY","40173"
"hu1598","Handling Unit","","","","","","","ENTITY","40174"
"hu1584","Handling Unit","","","","","","","ENTITY","40175"
"hu1594","Handling Unit","","","","","","","ENTITY","40176"
"hu1603","Handling Unit","","","","","","","ENTITY","40177"
"hu1590","Handling Unit","","","","","","","ENTITY","40178"
"hu1600","Handling Unit","","","","","","","ENTITY","40179"
"hu1577","Handling Unit","","","","","","","ENTITY","40180"
"hu1576","Handling Unit","","","","","","","ENTITY","40181"
"hu1599","Handling Unit","","","","","","","ENTITY","40182"
"hu1579","Handling Unit","","","","","","","ENTITY","40183"
"hu1601","Handling Unit","","","","","","","ENTITY","40184"
"hu1587","Handling Unit","","","","","","","ENTITY","40185"
"hu1589","Handling Unit","","","","","","","ENTITY","40186"
"hu1597","Handling Unit","","","","","","","ENTITY","40187"
"hu1596","Handling Unit","","","","","","","ENTITY","40188"
"hu1607","Handling Unit","","","","","","","ENTITY","40189"
"hu1606","Handling Unit","","","","","","","ENTITY","40190"
"hu1609","Handling Unit","","","","","","","ENTITY","40191"
"hu1608","Handling Unit","","","","","","","ENTITY","40192"
"hu1622","Handling Unit","","","","","","","ENTITY","40193"
"hu1620","Handling Unit","","","","","","","ENTITY","40194"
"hu1626","Handling Unit","","","","","","","ENTITY","40195"
"hu1610","Handling Unit","","","","","","","ENTITY","40196"
"hu1612","Handling Unit","","","","","","","ENTITY","40197"
"hu1623","Handling Unit","","","","","","","ENTITY","40198"
"hu1618","Handling Unit","","","","","","","ENTITY","40199"
"hu1629","Handling Unit","","","","","","","ENTITY","40200"
"hu1624","Handling Unit","","","","","","","ENTITY","40201"
"hu1634","Handling Unit","","","","","","","ENTITY","40202"
"hu1615","Handling Unit","","","","","","","ENTITY","40203"
"hu1611","Handling Unit","","","","","","","ENTITY","40204"
"hu1632","Handling Unit","","","","","","","ENTITY","40205"
"hu1605","Handling Unit","","","","","","","ENTITY","40206"
"hu1637","Handling Unit","","","","","","","ENTITY","40207"
"hu1614","Handling Unit","","","","","","","ENTITY","40208"
"hu1631","Handling Unit","","","","","","","ENTITY","40209"
"hu1628","Handling Unit","","","","","","","ENTITY","40210"
"hu1613","Handling Unit","","","","","","","ENTITY","40211"
"hu1627","Handling Unit","","","","","","","ENTITY","40212"
"hu1621","Handling Unit","","","","","","","ENTITY","40213"
"hu1625","Handling Unit","","","","","","","ENTITY","40214"
"hu1635","Handling Unit","","","","","","","ENTITY","40215"
"hu1617","Handling Unit","","","","","","","ENTITY","40216"
"hu1630","Handling Unit","","","","","","","ENTITY","40217"
"hu1642","Handling Unit","","","","","","","ENTITY","40218"
"hu1638","Handling Unit","","","","","","","ENTITY","40219"
"hu1643","Handling Unit","","","","","","","ENTITY","40220"
"hu1619","Handling Unit","","","","","","","ENTITY","40221"
"hu1645","Handling Unit","","","","","","","ENTITY","40222"
"hu1649","Handling Unit","","","","","","","ENTITY","40223"
"hu1648","Handling Unit","","","","","","","ENTITY","40224"
"hu1644","Handling Unit","","","","","","","ENTITY","40225"
"hu1616","Handling Unit","","","","","","","ENTITY","40226"
"hu1633","Handling Unit","","","","","","","ENTITY","40227"
"hu1650","Handling Unit","","","","","","","ENTITY","40228"
"hu1640","Handling Unit","","","","","","","ENTITY","40229"
"hu1641","Handling Unit","","","","","","","ENTITY","40230"
"hu1636","Handling Unit","","","","","","","ENTITY","40231"
"hu1651","Handling Unit","","","","","","","ENTITY","40232"
"hu1647","Handling Unit","","","","","","","ENTITY","40233"
"hu1604","Handling Unit","","","","","","","ENTITY","40234"
"hu1659","Handling Unit","","","","","","","ENTITY","40235"
"hu1661","Handling Unit","","","","","","","ENTITY","40236"
"hu1666","Handling Unit","","","","","","","ENTITY","40237"
"hu1653","Handling Unit","","","","","","","ENTITY","40238"
"hu1663","Handling Unit","","","","","","","ENTITY","40239"
"hu1674","Handling Unit","","","","","","","ENTITY","40240"
"hu1667","Handling Unit","","","","","","","ENTITY","40241"
"hu1657","Handling Unit","","","","","","","ENTITY","40242"
"hu1652","Handling Unit","","","","","","","ENTITY","40243"
"hu1656","Handling Unit","","","","","","","ENTITY","40244"
"hu1668","Handling Unit","","","","","","","ENTITY","40245"
"hu1673","Handling Unit","","","","","","","ENTITY","40246"
"hu1660","Handling Unit","","","","","","","ENTITY","40247"
"hu1664","Handling Unit","","","","","","","ENTITY","40248"
"hu1639","Handling Unit","","","","","","","ENTITY","40249"
"hu1662","Handling Unit","","","","","","","ENTITY","40250"
"hu1665","Handling Unit","","","","","","","ENTITY","40251"
"hu1658","Handling Unit","","","","","","","ENTITY","40252"
"hu1669","Handling Unit","","","","","","","ENTITY","40253"
"hu1646","Handling Unit","","","","","","","ENTITY","40254"
"hu1675","Handling Unit","","","","","","","ENTITY","40255"
"hu1672","Handling Unit","","","","","","","ENTITY","40256"
"hu1670","Handling Unit","","","","","","","ENTITY","40257"
"hu1654","Handling Unit","","","","","","","ENTITY","40258"
"hu1676","Handling Unit","","","","","","","ENTITY","40259"
"hu1678","Handling Unit","","","","","","","ENTITY","40260"
"hu1682","Handling Unit","","","","","","","ENTITY","40261"
"hu1677","Handling Unit","","","","","","","ENTITY","40262"
"hu1688","Handling Unit","","","","","","","ENTITY","40263"
"hu1684","Handling Unit","","","","","","","ENTITY","40264"
"hu1690","Handling Unit","","","","","","","ENTITY","40265"
"hu1693","Handling Unit","","","","","","","ENTITY","40266"
"hu1689","Handling Unit","","","","","","","ENTITY","40267"
"hu1680","Handling Unit","","","","","","","ENTITY","40268"
"hu1679","Handling Unit","","","","","","","ENTITY","40269"
"hu1692","Handling Unit","","","","","","","ENTITY","40270"
"hu1685","Handling Unit","","","","","","","ENTITY","40271"
"hu1699","Handling Unit","","","","","","","ENTITY","40272"
"hu1695","Handling Unit","","","","","","","ENTITY","40273"
"hu1691","Handling Unit","","","","","","","ENTITY","40274"
"hu1687","Handling Unit","","","","","","","ENTITY","40275"
"hu1655","Handling Unit","","","","","","","ENTITY","40276"
"hu1681","Handling Unit","","","","","","","ENTITY","40277"
"hu1694","Handling Unit","","","","","","","ENTITY","40278"
"hu1686","Handling Unit","","","","","","","ENTITY","40279"
"hu1671","Handling Unit","","","","","","","ENTITY","40280"
"hu1683","Handling Unit","","","","","","","ENTITY","40281"
"hu1710","Handling Unit","","","","","","","ENTITY","40282"
"hu1711","Handling Unit","","","","","","","ENTITY","40283"
"hu1702","Handling Unit","","","","","","","ENTITY","40284"
"hu1709","Handling Unit","","","","","","","ENTITY","40285"
"hu1696","Handling Unit","","","","","","","ENTITY","40286"
"hu1715","Handling Unit","","","","","","","ENTITY","40287"
"hu1717","Handling Unit","","","","","","","ENTITY","40288"
"hu1698","Handling Unit","","","","","","","ENTITY","40289"
"hu1700","Handling Unit","","","","","","","ENTITY","40290"
"hu1720","Handling Unit","","","","","","","ENTITY","40291"
"hu1706","Handling Unit","","","","","","","ENTITY","40292"
"hu1722","Handling Unit","","","","","","","ENTITY","40293"
"hu1704","Handling Unit","","","","","","","ENTITY","40294"
"hu1712","Handling Unit","","","","","","","ENTITY","40295"
"hu1718","Handling Unit","","","","","","","ENTITY","40296"
"hu1728","Handling Unit","","","","","","","ENTITY","40297"
"hu1708","Handling Unit","","","","","","","ENTITY","40298"
"hu1697","Handling Unit","","","","","","","ENTITY","40299"
"hu1724","Handling Unit","","","","","","","ENTITY","40300"
"hu1714","Handling Unit","","","","","","","ENTITY","40301"
"hu1703","Handling Unit","","","","","","","ENTITY","40302"
"hu1727","Handling Unit","","","","","","","ENTITY","40303"
"hu1701","Handling Unit","","","","","","","ENTITY","40304"
"hu1726","Handling Unit","","","","","","","ENTITY","40305"
"hu1705","Handling Unit","","","","","","","ENTITY","40306"
"hu1721","Handling Unit","","","","","","","ENTITY","40307"
"hu1716","Handling Unit","","","","","","","ENTITY","40308"
"hu1719","Handling Unit","","","","","","","ENTITY","40309"
"hu1730","Handling Unit","","","","","","","ENTITY","40310"
"hu1734","Handling Unit","","","","","","","ENTITY","40311"
"hu1735","Handling Unit","","","","","","","ENTITY","40312"
"hu1713","Handling Unit","","","","","","","ENTITY","40313"
"hu1731","Handling Unit","","","","","","","ENTITY","40314"
"hu1737","Handling Unit","","","","","","","ENTITY","40315"
"hu1707","Handling Unit","","","","","","","ENTITY","40316"
"hu1729","Handling Unit","","","","","","","ENTITY","40317"
"hu1733","Handling Unit","","","","","","","ENTITY","40318"
"hu1723","Handling Unit","","","","","","","ENTITY","40319"
"hu1732","Handling Unit","","","","","","","ENTITY","40320"
"hu1738","Handling Unit","","","","","","","ENTITY","40321"
"hu1742","Handling Unit","","","","","","","ENTITY","40322"
"hu1739","Handling Unit","","","","","","","ENTITY","40323"
"hu1753","Handling Unit","","","","","","","ENTITY","40324"
"hu1746","Handling Unit","","","","","","","ENTITY","40325"
"hu1751","Handling Unit","","","","","","","ENTITY","40326"
"hu1745","Handling Unit","","","","","","","ENTITY","40327"
"hu1736","Handling Unit","","","","","","","ENTITY","40328"
"hu1744","Handling Unit","","","","","","","ENTITY","40329"
"hu1725","Handling Unit","","","","","","","ENTITY","40330"
"hu1740","Handling Unit","","","","","","","ENTITY","40331"
"hu1759","Handling Unit","","","","","","","ENTITY","40332"
"hu1761","Handling Unit","","","","","","","ENTITY","40333"
"hu1748","Handling Unit","","","","","","","ENTITY","40334"
"hu1747","Handling Unit","","","","","","","ENTITY","40335"
"hu1765","Handling Unit","","","","","","","ENTITY","40336"
"hu1750","Handling Unit","","","","","","","ENTITY","40337"
"hu1760","Handling Unit","","","","","","","ENTITY","40338"
"hu1754","Handling Unit","","","","","","","ENTITY","40339"
"hu1743","Handling Unit","","","","","","","ENTITY","40340"
"hu1772","Handling Unit","","","","","","","ENTITY","40341"
"hu1767","Handling Unit","","","","","","","ENTITY","40342"
"hu1764","Handling Unit","","","","","","","ENTITY","40343"
"hu1769","Handling Unit","","","","","","","ENTITY","40344"
"hu1773","Handling Unit","","","","","","","ENTITY","40345"
"hu1752","Handling Unit","","","","","","","ENTITY","40346"
"hu1766","Handling Unit","","","","","","","ENTITY","40347"
"hu1770","Handling Unit","","","","","","","ENTITY","40348"
"hu1762","Handling Unit","","","","","","","ENTITY","40349"
"hu1757","Handling Unit","","","","","","","ENTITY","40350"
"hu1768","Handling Unit","","","","","","","ENTITY","40351"
"hu1749","Handling Unit","","","","","","","ENTITY","40352"
"hu1763","Handling Unit","","","","","","","ENTITY","40353"
"hu1771","Handling Unit","","","","","","","ENTITY","40354"
"hu1756","Handling Unit","","","","","","","ENTITY","40355"
"hu1755","Handling Unit","","","","","","","ENTITY","40356"
"hu1781","Handling Unit","","","","","","","ENTITY","40357"
"hu1789","Handling Unit","","","","","","","ENTITY","40358"
"hu1783","Handling Unit","","","","","","","ENTITY","40359"
"hu1785","Handling Unit","","","","","","","ENTITY","40360"
"hu1786","Handling Unit","","","","","","","ENTITY","40361"
"hu1792","Handling Unit","","","","","","","ENTITY","40362"
"hu1787","Handling Unit","","","","","","","ENTITY","40363"
"hu1782","Handling Unit","","","","","","","ENTITY","40364"
"hu1777","Handling Unit","","","","","","","ENTITY","40365"
"hu1780","Handling Unit","","","","","","","ENTITY","40366"
"hu1793","Handling Unit","","","","","","","ENTITY","40367"
"hu1778","Handling Unit","","","","","","","ENTITY","40368"
"hu1774","Handling Unit","","","","","","","ENTITY","40369"
"hu1758","Handling Unit","","","","","","","ENTITY","40370"
"hu1790","Handling Unit","","","","","","","ENTITY","40371"
"hu1796","Handling Unit","","","","","","","ENTITY","40372"
"hu1784","Handling Unit","","","","","","","ENTITY","40373"
"hu1800","Handling Unit","","","","","","","ENTITY","40374"
"hu1779","Handling Unit","","","","","","","ENTITY","40375"
"hu1801","Handling Unit","","","","","","","ENTITY","40376"
"hu1776","Handling Unit","","","","","","","ENTITY","40377"
"hu1803","Handling Unit","","","","","","","ENTITY","40378"
"hu1805","Handling Unit","","","","","","","ENTITY","40379"
"hu1804","Handling Unit","","","","","","","ENTITY","40380"
"hu1797","Handling Unit","","","","","","","ENTITY","40381"
"hu1799","Handling Unit","","","","","","","ENTITY","40382"
"hu1806","Handling Unit","","","","","","","ENTITY","40383"
"hu1775","Handling Unit","","","","","","","ENTITY","40384"
"hu1794","Handling Unit","","","","","","","ENTITY","40385"
"hu1802","Handling Unit","","","","","","","ENTITY","40386"
"hu1798","Handling Unit","","","","","","","ENTITY","40387"
"hu1807","Handling Unit","","","","","","","ENTITY","40388"
"hu1791","Handling Unit","","","","","","","ENTITY","40389"
"hu1795","Handling Unit","","","","","","","ENTITY","40390"
"hu1810","Handling Unit","","","","","","","ENTITY","40391"
"hu1811","Handling Unit","","","","","","","ENTITY","40392"
"hu1812","Handling Unit","","","","","","","ENTITY","40393"
"hu1815","Handling Unit","","","","","","","ENTITY","40394"
"hu1818","Handling Unit","","","","","","","ENTITY","40395"
"hu1821","Handling Unit","","","","","","","ENTITY","40396"
"hu1824","Handling Unit","","","","","","","ENTITY","40397"
"hu1814","Handling Unit","","","","","","","ENTITY","40398"
"hu1741","Handling Unit","","","","","","","ENTITY","40399"
"hu1823","Handling Unit","","","","","","","ENTITY","40400"
"hu1816","Handling Unit","","","","","","","ENTITY","40401"
"hu1822","Handling Unit","","","","","","","ENTITY","40402"
"hu1831","Handling Unit","","","","","","","ENTITY","40403"
"hu1808","Handling Unit","","","","","","","ENTITY","40404"
"hu1826","Handling Unit","","","","","","","ENTITY","40405"
"hu1825","Handling Unit","","","","","","","ENTITY","40406"
"hu1819","Handling Unit","","","","","","","ENTITY","40407"
"hu1820","Handling Unit","","","","","","","ENTITY","40408"
"hu1817","Handling Unit","","","","","","","ENTITY","40409"
"hu1834","Handling Unit","","","","","","","ENTITY","40410"
"hu1813","Handling Unit","","","","","","","ENTITY","40411"
"hu1827","Handling Unit","","","","","","","ENTITY","40412"
"hu1828","Handling Unit","","","","","","","ENTITY","40413"
"hu1788","Handling Unit","","","","","","","ENTITY","40414"
"hu1833","Handling Unit","","","","","","","ENTITY","40415"
"hu1841","Handling Unit","","","","","","","ENTITY","40416"
"hu1839","Handling Unit","","","","","","","ENTITY","40417"
"hu1838","Handling Unit","","","","","","","ENTITY","40418"
"hu1840","Handling Unit","","","","","","","ENTITY","40419"
"hu1837","Handling Unit","","","","","","","ENTITY","40420"
"hu1836","Handling Unit","","","","","","","ENTITY","40421"
"hu1832","Handling Unit","","","","","","","ENTITY","40422"
"hu1830","Handling Unit","","","","","","","ENTITY","40423"
"hu1835","Handling Unit","","","","","","","ENTITY","40424"
"hu1809","Handling Unit","","","","","","","ENTITY","40425"
"hu1829","Handling Unit","","","","","","","ENTITY","40426"
"hu1844","Handling Unit","","","","","","","ENTITY","40427"
"hu1857","Handling Unit","","","","","","","ENTITY","40428"
"hu1864","Handling Unit","","","","","","","ENTITY","40429"
"hu1847","Handling Unit","","","","","","","ENTITY","40430"
"hu1870","Handling Unit","","","","","","","ENTITY","40431"
"hu1867","Handling Unit","","","","","","","ENTITY","40432"
"hu1866","Handling Unit","","","","","","","ENTITY","40433"
"hu1854","Handling Unit","","","","","","","ENTITY","40434"
"hu1842","Handling Unit","","","","","","","ENTITY","40435"
"hu1859","Handling Unit","","","","","","","ENTITY","40436"
"hu1868","Handling Unit","","","","","","","ENTITY","40437"
"hu1862","Handling Unit","","","","","","","ENTITY","40438"
"hu1861","Handling Unit","","","","","","","ENTITY","40439"
"hu1843","Handling Unit","","","","","","","ENTITY","40440"
"hu1869","Handling Unit","","","","","","","ENTITY","40441"
"hu1860","Handling Unit","","","","","","","ENTITY","40442"
"hu1849","Handling Unit","","","","","","","ENTITY","40443"
"hu1865","Handling Unit","","","","","","","ENTITY","40444"
"hu1855","Handling Unit","","","","","","","ENTITY","40445"
"hu1858","Handling Unit","","","","","","","ENTITY","40446"
"hu1872","Handling Unit","","","","","","","ENTITY","40447"
"hu1845","Handling Unit","","","","","","","ENTITY","40448"
"hu1851","Handling Unit","","","","","","","ENTITY","40449"
"hu1856","Handling Unit","","","","","","","ENTITY","40450"
"hu1853","Handling Unit","","","","","","","ENTITY","40451"
"hu1880","Handling Unit","","","","","","","ENTITY","40452"
"hu1852","Handling Unit","","","","","","","ENTITY","40453"
"hu1882","Handling Unit","","","","","","","ENTITY","40454"
"hu1887","Handling Unit","","","","","","","ENTITY","40455"
"hu1889","Handling Unit","","","","","","","ENTITY","40456"
"hu1848","Handling Unit","","","","","","","ENTITY","40457"
"hu1876","Handling Unit","","","","","","","ENTITY","40458"
"hu1863","Handling Unit","","","","","","","ENTITY","40459"
"hu1879","Handling Unit","","","","","","","ENTITY","40460"
"hu1885","Handling Unit","","","","","","","ENTITY","40461"
"hu1892","Handling Unit","","","","","","","ENTITY","40462"
"hu1850","Handling Unit","","","","","","","ENTITY","40463"
"hu1888","Handling Unit","","","","","","","ENTITY","40464"
"hu1886","Handling Unit","","","","","","","ENTITY","40465"
"hu1878","Handling Unit","","","","","","","ENTITY","40466"
"hu1881","Handling Unit","","","","","","","ENTITY","40467"
"hu1873","Handling Unit","","","","","","","ENTITY","40468"
"hu1874","Handling Unit","","","","","","","ENTITY","40469"
"hu1875","Handling Unit","","","","","","","ENTITY","40470"
"hu1871","Handling Unit","","","","","","","ENTITY","40471"
"hu1891","Handling Unit","","","","","","","ENTITY","40472"
"hu1899","Handling Unit","","","","","","","ENTITY","40473"
"hu1894","Handling Unit","","","","","","","ENTITY","40474"
"hu1883","Handling Unit","","","","","","","ENTITY","40475"
"hu1898","Handling Unit","","","","","","","ENTITY","40476"
"hu1890","Handling Unit","","","","","","","ENTITY","40477"
"hu1893","Handling Unit","","","","","","","ENTITY","40478"
"hu1895","Handling Unit","","","","","","","ENTITY","40479"
"hu1846","Handling Unit","","","","","","","ENTITY","40480"
"hu1896","Handling Unit","","","","","","","ENTITY","40481"
"hu1877","Handling Unit","","","","","","","ENTITY","40482"
"hu1884","Handling Unit","","","","","","","ENTITY","40483"
"hu1901","Handling Unit","","","","","","","ENTITY","40484"
"hu1904","Handling Unit","","","","","","","ENTITY","40485"
"hu1900","Handling Unit","","","","","","","ENTITY","40486"
"hu1906","Handling Unit","","","","","","","ENTITY","40487"
"hu1905","Handling Unit","","","","","","","ENTITY","40488"
"hu1907","Handling Unit","","","","","","","ENTITY","40489"
"hu1897","Handling Unit","","","","","","","ENTITY","40490"
"hu1909","Handling Unit","","","","","","","ENTITY","40491"
"hu1915","Handling Unit","","","","","","","ENTITY","40492"
"hu1903","Handling Unit","","","","","","","ENTITY","40493"
"hu1918","Handling Unit","","","","","","","ENTITY","40494"
"hu1910","Handling Unit","","","","","","","ENTITY","40495"
"hu1924","Handling Unit","","","","","","","ENTITY","40496"
"hu1914","Handling Unit","","","","","","","ENTITY","40497"
"hu1911","Handling Unit","","","","","","","ENTITY","40498"
"hu1922","Handling Unit","","","","","","","ENTITY","40499"
"hu1929","Handling Unit","","","","","","","ENTITY","40500"
"hu1932","Handling Unit","","","","","","","ENTITY","40501"
"hu1921","Handling Unit","","","","","","","ENTITY","40502"
"hu1913","Handling Unit","","","","","","","ENTITY","40503"
"hu1928","Handling Unit","","","","","","","ENTITY","40504"
"hu1923","Handling Unit","","","","","","","ENTITY","40505"
"hu1925","Handling Unit","","","","","","","ENTITY","40506"
"hu1920","Handling Unit","","","","","","","ENTITY","40507"
"hu1912","Handling Unit","","","","","","","ENTITY","40508"
"hu1926","Handling Unit","","","","","","","ENTITY","40509"
"hu1927","Handling Unit","","","","","","","ENTITY","40510"
"hu1908","Handling Unit","","","","","","","ENTITY","40511"
"hu1902","Handling Unit","","","","","","","ENTITY","40512"
"hu1930","Handling Unit","","","","","","","ENTITY","40513"
"hu1916","Handling Unit","","","","","","","ENTITY","40514"
"hu1919","Handling Unit","","","","","","","ENTITY","40515"
"hu1933","Handling Unit","","","","","","","ENTITY","40516"
"hu1931","Handling Unit","","","","","","","ENTITY","40517"
"hu1935","Handling Unit","","","","","","","ENTITY","40518"
"hu1936","Handling Unit","","","","","","","ENTITY","40519"
"hu1937","Handling Unit","","","","","","","ENTITY","40520"
"hu1938","Handling Unit","","","","","","","ENTITY","40521"
"hu1917","Handling Unit","","","","","","","ENTITY","40522"
"hu1944","Handling Unit","","","","","","","ENTITY","40523"
"hu1946","Handling Unit","","","","","","","ENTITY","40524"
"hu1952","Handling Unit","","","","","","","ENTITY","40525"
"hu1960","Handling Unit","","","","","","","ENTITY","40526"
"hu1947","Handling Unit","","","","","","","ENTITY","40527"
"hu1950","Handling Unit","","","","","","","ENTITY","40528"
"hu1963","Handling Unit","","","","","","","ENTITY","40529"
"hu1967","Handling Unit","","","","","","","ENTITY","40530"
"hu1955","Handling Unit","","","","","","","ENTITY","40531"
"hu1948","Handling Unit","","","","","","","ENTITY","40532"
"hu1968","Handling Unit","","","","","","","ENTITY","40533"
"hu1943","Handling Unit","","","","","","","ENTITY","40534"
"hu1969","Handling Unit","","","","","","","ENTITY","40535"
"hu1942","Handling Unit","","","","","","","ENTITY","40536"
"hu1961","Handling Unit","","","","","","","ENTITY","40537"
"hu1965","Handling Unit","","","","","","","ENTITY","40538"
"hu1949","Handling Unit","","","","","","","ENTITY","40539"
"hu1941","Handling Unit","","","","","","","ENTITY","40540"
"hu1959","Handling Unit","","","","","","","ENTITY","40541"
"hu1945","Handling Unit","","","","","","","ENTITY","40542"
"hu1962","Handling Unit","","","","","","","ENTITY","40543"
"hu1939","Handling Unit","","","","","","","ENTITY","40544"
"hu1934","Handling Unit","","","","","","","ENTITY","40545"
"hu1958","Handling Unit","","","","","","","ENTITY","40546"
"hu1964","Handling Unit","","","","","","","ENTITY","40547"
"hu1940","Handling Unit","","","","","","","ENTITY","40548"
"hu1956","Handling Unit","","","","","","","ENTITY","40549"
"hu1951","Handling Unit","","","","","","","ENTITY","40550"
"hu1973","Handling Unit","","","","","","","ENTITY","40551"
"hu1953","Handling Unit","","","","","","","ENTITY","40552"
"hu1972","Handling Unit","","","","","","","ENTITY","40553"
"hu1954","Handling Unit","","","","","","","ENTITY","40554"
"hu1971","Handling Unit","","","","","","","ENTITY","40555"
"hu1989","Handling Unit","","","","","","","ENTITY","40556"
"hu1980","Handling Unit","","","","","","","ENTITY","40557"
"hu1983","Handling Unit","","","","","","","ENTITY","40558"
"hu1977","Handling Unit","","","","","","","ENTITY","40559"
"hu1991","Handling Unit","","","","","","","ENTITY","40560"
"hu1978","Handling Unit","","","","","","","ENTITY","40561"
"hu1987","Handling Unit","","","","","","","ENTITY","40562"
"hu1985","Handling Unit","","","","","","","ENTITY","40563"
"hu1984","Handling Unit","","","","","","","ENTITY","40564"
"hu1975","Handling Unit","","","","","","","ENTITY","40565"
"hu1979","Handling Unit","","","","","","","ENTITY","40566"
"hu1966","Handling Unit","","","","","","","ENTITY","40567"
"hu1982","Handling Unit","","","","","","","ENTITY","40568"
"hu1988","Handling Unit","","","","","","","ENTITY","40569"
"hu1970","Handling Unit","","","","","","","ENTITY","40570"
"hu1981","Handling Unit","","","","","","","ENTITY","40571"
"hu1976","Handling Unit","","","","","","","ENTITY","40572"
"hu1992","Handling Unit","","","","","","","ENTITY","40573"
"hu1986","Handling Unit","","","","","","","ENTITY","40574"
"hu1996","Handling Unit","","","","","","","ENTITY","40575"
"hu1994","Handling Unit","","","","","","","ENTITY","40576"
"hu2002","Handling Unit","","","","","","","ENTITY","40577"
"hu1957","Handling Unit","","","","","","","ENTITY","40578"
"hu1990","Handling Unit","","","","","","","ENTITY","40579"
"hu2004","Handling Unit","","","","","","","ENTITY","40580"
"hu1997","Handling Unit","","","","","","","ENTITY","40581"
"hu1999","Handling Unit","","","","","","","ENTITY","40582"
"hu2009","Handling Unit","","","","","","","ENTITY","40583"
"hu2010","Handling Unit","","","","","","","ENTITY","40584"
"hu2014","Handling Unit","","","","","","","ENTITY","40585"
"hu2016","Handling Unit","","","","","","","ENTITY","40586"
"hu2011","Handling Unit","","","","","","","ENTITY","40587"
"hu2012","Handling Unit","","","","","","","ENTITY","40588"
"hu2005","Handling Unit","","","","","","","ENTITY","40589"
"hu2000","Handling Unit","","","","","","","ENTITY","40590"
"hu1993","Handling Unit","","","","","","","ENTITY","40591"
"hu2008","Handling Unit","","","","","","","ENTITY","40592"
"hu2015","Handling Unit","","","","","","","ENTITY","40593"
"hu2003","Handling Unit","","","","","","","ENTITY","40594"
"hu2001","Handling Unit","","","","","","","ENTITY","40595"
"hu2007","Handling Unit","","","","","","","ENTITY","40596"
"hu1995","Handling Unit","","","","","","","ENTITY","40597"
"hu1974","Handling Unit","","","","","","","ENTITY","40598"
"hu2013","Handling Unit","","","","","","","ENTITY","40599"
"hu2006","Handling Unit","","","","","","","ENTITY","40600"
"hu2017","Handling Unit","","","","","","","ENTITY","40601"
"hu1998","Handling Unit","","","","","","","ENTITY","40602"
"hu2025","Handling Unit","","","","","","","ENTITY","40603"
"hu2027","Handling Unit","","","","","","","ENTITY","40604"
"hu2019","Handling Unit","","","","","","","ENTITY","40605"
"hu2030","Handling Unit","","","","","","","ENTITY","40606"
"hu2020","Handling Unit","","","","","","","ENTITY","40607"
"hu2018","Handling Unit","","","","","","","ENTITY","40608"
"hu2021","Handling Unit","","","","","","","ENTITY","40609"
"hu2034","Handling Unit","","","","","","","ENTITY","40610"
"hu2024","Handling Unit","","","","","","","ENTITY","40611"
"hu2028","Handling Unit","","","","","","","ENTITY","40612"
"hu2038","Handling Unit","","","","","","","ENTITY","40613"
"hu2045","Handling Unit","","","","","","","ENTITY","40614"
"hu2041","Handling Unit","","","","","","","ENTITY","40615"
"hu2026","Handling Unit","","","","","","","ENTITY","40616"
"hu2037","Handling Unit","","","","","","","ENTITY","40617"
"hu2022","Handling Unit","","","","","","","ENTITY","40618"
"hu2023","Handling Unit","","","","","","","ENTITY","40619"
"hu2032","Handling Unit","","","","","","","ENTITY","40620"
"hu2048","Handling Unit","","","","","","","ENTITY","40621"
"hu2036","Handling Unit","","","","","","","ENTITY","40622"
"hu2042","Handling Unit","","","","","","","ENTITY","40623"
"hu2031","Handling Unit","","","","","","","ENTITY","40624"
"hu2056","Handling Unit","","","","","","","ENTITY","40625"
"hu2054","Handling Unit","","","","","","","ENTITY","40626"
"hu2055","Handling Unit","","","","","","","ENTITY","40627"
"hu2050","Handling Unit","","","","","","","ENTITY","40628"
"hu2043","Handling Unit","","","","","","","ENTITY","40629"
"hu2047","Handling Unit","","","","","","","ENTITY","40630"
"hu2053","Handling Unit","","","","","","","ENTITY","40631"
"hu2040","Handling Unit","","","","","","","ENTITY","40632"
"hu2058","Handling Unit","","","","","","","ENTITY","40633"
"hu2039","Handling Unit","","","","","","","ENTITY","40634"
"hu2057","Handling Unit","","","","","","","ENTITY","40635"
"hu2044","Handling Unit","","","","","","","ENTITY","40636"
"hu2033","Handling Unit","","","","","","","ENTITY","40637"
"hu2029","Handling Unit","","","","","","","ENTITY","40638"
"hu2035","Handling Unit","","","","","","","ENTITY","40639"
"hu2052","Handling Unit","","","","","","","ENTITY","40640"
"hu2063","Handling Unit","","","","","","","ENTITY","40641"
"hu2051","Handling Unit","","","","","","","ENTITY","40642"
"hu2066","Handling Unit","","","","","","","ENTITY","40643"
"hu2049","Handling Unit","","","","","","","ENTITY","40644"
"hu2062","Handling Unit","","","","","","","ENTITY","40645"
"hu2071","Handling Unit","","","","","","","ENTITY","40646"
"hu2075","Handling Unit","","","","","","","ENTITY","40647"
"hu2085","Handling Unit","","","","","","","ENTITY","40648"
"hu2073","Handling Unit","","","","","","","ENTITY","40649"
"hu2083","Handling Unit","","","","","","","ENTITY","40650"
"hu2082","Handling Unit","","","","","","","ENTITY","40651"
"hu2079","Handling Unit","","","","","","","ENTITY","40652"
"hu2046","Handling Unit","","","","","","","ENTITY","40653"
"hu2084","Handling Unit","","","","","","","ENTITY","40654"
"hu2088","Handling Unit","","","","","","","ENTITY","40655"
"hu2080","Handling Unit","","","","","","","ENTITY","40656"
"hu2060","Handling Unit","","","","","","","ENTITY","40657"
"hu2059","Handling Unit","","","","","","","ENTITY","40658"
"hu2092","Handling Unit","","","","","","","ENTITY","40659"
"hu2093","Handling Unit","","","","","","","ENTITY","40660"
"hu2065","Handling Unit","","","","","","","ENTITY","40661"
"hu2090","Handling Unit","","","","","","","ENTITY","40662"
"hu2086","Handling Unit","","","","","","","ENTITY","40663"
"hu2072","Handling Unit","","","","","","","ENTITY","40664"
"hu2068","Handling Unit","","","","","","","ENTITY","40665"
"hu2061","Handling Unit","","","","","","","ENTITY","40666"
"hu2081","Handling Unit","","","","","","","ENTITY","40667"
"hu2074","Handling Unit","","","","","","","ENTITY","40668"
"hu2064","Handling Unit","","","","","","","ENTITY","40669"
"hu2089","Handling Unit","","","","","","","ENTITY","40670"
"hu2070","Handling Unit","","","","","","","ENTITY","40671"
"hu2078","Handling Unit","","","","","","","ENTITY","40672"
"hu2069","Handling Unit","","","","","","","ENTITY","40673"
"hu2097","Handling Unit","","","","","","","ENTITY","40674"
"hu2095","Handling Unit","","","","","","","ENTITY","40675"
"hu2099","Handling Unit","","","","","","","ENTITY","40676"
"hu2091","Handling Unit","","","","","","","ENTITY","40677"
"hu2067","Handling Unit","","","","","","","ENTITY","40678"
"hu2076","Handling Unit","","","","","","","ENTITY","40679"
"hu2094","Handling Unit","","","","","","","ENTITY","40680"
"hu2100","Handling Unit","","","","","","","ENTITY","40681"
"hu2077","Handling Unit","","","","","","","ENTITY","40682"
"hu2098","Handling Unit","","","","","","","ENTITY","40683"
"hu2112","Handling Unit","","","","","","","ENTITY","40684"
"hu2105","Handling Unit","","","","","","","ENTITY","40685"
"hu2113","Handling Unit","","","","","","","ENTITY","40686"
"hu2120","Handling Unit","","","","","","","ENTITY","40687"
"hu2121","Handling Unit","","","","","","","ENTITY","40688"
"hu2118","Handling Unit","","","","","","","ENTITY","40689"
"hu2110","Handling Unit","","","","","","","ENTITY","40690"
"hu2087","Handling Unit","","","","","","","ENTITY","40691"
"hu2096","Handling Unit","","","","","","","ENTITY","40692"
"hu2123","Handling Unit","","","","","","","ENTITY","40693"
"hu2104","Handling Unit","","","","","","","ENTITY","40694"
"hu2124","Handling Unit","","","","","","","ENTITY","40695"
"hu2107","Handling Unit","","","","","","","ENTITY","40696"
"hu2127","Handling Unit","","","","","","","ENTITY","40697"
"hu2103","Handling Unit","","","","","","","ENTITY","40698"
"hu2128","Handling Unit","","","","","","","ENTITY","40699"
"hu2108","Handling Unit","","","","","","","ENTITY","40700"
"hu2126","Handling Unit","","","","","","","ENTITY","40701"
"hu2119","Handling Unit","","","","","","","ENTITY","40702"
"hu2102","Handling Unit","","","","","","","ENTITY","40703"
"hu2114","Handling Unit","","","","","","","ENTITY","40704"
"hu2122","Handling Unit","","","","","","","ENTITY","40705"
"hu2106","Handling Unit","","","","","","","ENTITY","40706"
"hu2125","Handling Unit","","","","","","","ENTITY","40707"
"hu2109","Handling Unit","","","","","","","ENTITY","40708"
"hu2115","Handling Unit","","","","","","","ENTITY","40709"
"hu2134","Handling Unit","","","","","","","ENTITY","40710"
"hu2101","Handling Unit","","","","","","","ENTITY","40711"
"hu2117","Handling Unit","","","","","","","ENTITY","40712"
"hu2135","Handling Unit","","","","","","","ENTITY","40713"
"hu2140","Handling Unit","","","","","","","ENTITY","40714"
"hu2129","Handling Unit","","","","","","","ENTITY","40715"
"hu2142","Handling Unit","","","","","","","ENTITY","40716"
"hu2138","Handling Unit","","","","","","","ENTITY","40717"
"hu2116","Handling Unit","","","","","","","ENTITY","40718"
"hu2146","Handling Unit","","","","","","","ENTITY","40719"
"hu2144","Handling Unit","","","","","","","ENTITY","40720"
"hu2136","Handling Unit","","","","","","","ENTITY","40721"
"hu2148","Handling Unit","","","","","","","ENTITY","40722"
"hu2143","Handling Unit","","","","","","","ENTITY","40723"
"hu2149","Handling Unit","","","","","","","ENTITY","40724"
"hu2154","Handling Unit","","","","","","","ENTITY","40725"
"hu2150","Handling Unit","","","","","","","ENTITY","40726"
"hu2130","Handling Unit","","","","","","","ENTITY","40727"
"hu2139","Handling Unit","","","","","","","ENTITY","40728"
"hu2133","Handling Unit","","","","","","","ENTITY","40729"
"hu2131","Handling Unit","","","","","","","ENTITY","40730"
"hu2153","Handling Unit","","","","","","","ENTITY","40731"
"hu2147","Handling Unit","","","","","","","ENTITY","40732"
"hu2145","Handling Unit","","","","","","","ENTITY","40733"
"hu2152","Handling Unit","","","","","","","ENTITY","40734"
"hu2151","Handling Unit","","","","","","","ENTITY","40735"
"hu2141","Handling Unit","","","","","","","ENTITY","40736"
"hu2137","Handling Unit","","","","","","","ENTITY","40737"
"hu2111","Handling Unit","","","","","","","ENTITY","40738"
"hu2132","Handling Unit","","","","","","","ENTITY","40739"
"hu2155","Handling Unit","","","","","","","ENTITY","40740"
"hu2160","Handling Unit","","","","","","","ENTITY","40741"
"hu2156","Handling Unit","","","","","","","ENTITY","40742"
"hu2159","Handling Unit","","","","","","","ENTITY","40743"
"hu2157","Handling Unit","","","","","","","ENTITY","40744"
"hu2158","Handling Unit","","","","","","","ENTITY","40745"
"hu2161","Handling Unit","","","","","","","ENTITY","40746"
"hu2167","Handling Unit","","","","","","","ENTITY","40747"
"hu2164","Handling Unit","","","","","","","ENTITY","40748"
"hu2162","Handling Unit","","","","","","","ENTITY","40749"
"hu2163","Handling Unit","","","","","","","ENTITY","40750"
"hu2184","Handling Unit","","","","","","","ENTITY","40751"
"hu2168","Handling Unit","","","","","","","ENTITY","40752"
"hu2179","Handling Unit","","","","","","","ENTITY","40753"
"hu2181","Handling Unit","","","","","","","ENTITY","40754"
"hu2173","Handling Unit","","","","","","","ENTITY","40755"
"hu2180","Handling Unit","","","","","","","ENTITY","40756"
"hu2170","Handling Unit","","","","","","","ENTITY","40757"
"hu2174","Handling Unit","","","","","","","ENTITY","40758"
"hu2192","Handling Unit","","","","","","","ENTITY","40759"
"hu2165","Handling Unit","","","","","","","ENTITY","40760"
"hu2183","Handling Unit","","","","","","","ENTITY","40761"
"hu2188","Handling Unit","","","","","","","ENTITY","40762"
"hu2171","Handling Unit","","","","","","","ENTITY","40763"
"hu2186","Handling Unit","","","","","","","ENTITY","40764"
"hu2187","Handling Unit","","","","","","","ENTITY","40765"
"hu2169","Handling Unit","","","","","","","ENTITY","40766"
"hu2175","Handling Unit","","","","","","","ENTITY","40767"
"hu2190","Handling Unit","","","","","","","ENTITY","40768"
"hu2172","Handling Unit","","","","","","","ENTITY","40769"
"hu2177","Handling Unit","","","","","","","ENTITY","40770"
"hu2189","Handling Unit","","","","","","","ENTITY","40771"
"hu2196","Handling Unit","","","","","","","ENTITY","40772"
"hu2176","Handling Unit","","","","","","","ENTITY","40773"
"hu2202","Handling Unit","","","","","","","ENTITY","40774"
"hu2191","Handling Unit","","","","","","","ENTITY","40775"
"hu2199","Handling Unit","","","","","","","ENTITY","40776"
"hu2204","Handling Unit","","","","","","","ENTITY","40777"
"hu2182","Handling Unit","","","","","","","ENTITY","40778"
"hu2203","Handling Unit","","","","","","","ENTITY","40779"
"hu2178","Handling Unit","","","","","","","ENTITY","40780"
"hu2185","Handling Unit","","","","","","","ENTITY","40781"
"hu2205","Handling Unit","","","","","","","ENTITY","40782"
"hu2193","Handling Unit","","","","","","","ENTITY","40783"
"hu2198","Handling Unit","","","","","","","ENTITY","40784"
"hu2195","Handling Unit","","","","","","","ENTITY","40785"
"hu2207","Handling Unit","","","","","","","ENTITY","40786"
"hu2211","Handling Unit","","","","","","","ENTITY","40787"
"hu2213","Handling Unit","","","","","","","ENTITY","40788"
"hu2210","Handling Unit","","","","","","","ENTITY","40789"
"hu2194","Handling Unit","","","","","","","ENTITY","40790"
"hu2201","Handling Unit","","","","","","","ENTITY","40791"
"hu2214","Handling Unit","","","","","","","ENTITY","40792"
"hu2197","Handling Unit","","","","","","","ENTITY","40793"
"hu2217","Handling Unit","","","","","","","ENTITY","40794"
"hu2216","Handling Unit","","","","","","","ENTITY","40795"
"hu2219","Handling Unit","","","","","","","ENTITY","40796"
"hu2215","Handling Unit","","","","","","","ENTITY","40797"
"hu2218","Handling Unit","","","","","","","ENTITY","40798"
"hu2212","Handling Unit","","","","","","","ENTITY","40799"
"hu2200","Handling Unit","","","","","","","ENTITY","40800"
"hu2222","Handling Unit","","","","","","","ENTITY","40801"
"hu2166","Handling Unit","","","","","","","ENTITY","40802"
"hu2206","Handling Unit","","","","","","","ENTITY","40803"
"hu2209","Handling Unit","","","","","","","ENTITY","40804"
"hu2220","Handling Unit","","","","","","","ENTITY","40805"
"hu2223","Handling Unit","","","","","","","ENTITY","40806"
"hu2221","Handling Unit","","","","","","","ENTITY","40807"
"hu2208","Handling Unit","","","","","","","ENTITY","40808"
"hu2227","Handling Unit","","","","","","","ENTITY","40809"
"hu2228","Handling Unit","","","","","","","ENTITY","40810"
"hu2224","Handling Unit","","","","","","","ENTITY","40811"
"hu2234","Handling Unit","","","","","","","ENTITY","40812"
"hu2232","Handling Unit","","","","","","","ENTITY","40813"
"hu2237","Handling Unit","","","","","","","ENTITY","40814"
"hu2244","Handling Unit","","","","","","","ENTITY","40815"
"hu2245","Handling Unit","","","","","","","ENTITY","40816"
"hu2240","Handling Unit","","","","","","","ENTITY","40817"
"hu2241","Handling Unit","","","","","","","ENTITY","40818"
"hu2226","Handling Unit","","","","","","","ENTITY","40819"
"hu2231","Handling Unit","","","","","","","ENTITY","40820"
"hu2233","Handling Unit","","","","","","","ENTITY","40821"
"hu2230","Handling Unit","","","","","","","ENTITY","40822"
"hu2229","Handling Unit","","","","","","","ENTITY","40823"
"hu2243","Handling Unit","","","","","","","ENTITY","40824"
"hu2238","Handling Unit","","","","","","","ENTITY","40825"
"hu2242","Handling Unit","","","","","","","ENTITY","40826"
"hu2225","Handling Unit","","","","","","","ENTITY","40827"
"hu2246","Handling Unit","","","","","","","ENTITY","40828"
"hu2256","Handling Unit","","","","","","","ENTITY","40829"
"hu2249","Handling Unit","","","","","","","ENTITY","40830"
"hu2255","Handling Unit","","","","","","","ENTITY","40831"
"hu2251","Handling Unit","","","","","","","ENTITY","40832"
"hu2252","Handling Unit","","","","","","","ENTITY","40833"
"hu2250","Handling Unit","","","","","","","ENTITY","40834"
"hu2257","Handling Unit","","","","","","","ENTITY","40835"
"hu2236","Handling Unit","","","","","","","ENTITY","40836"
"hu2239","Handling Unit","","","","","","","ENTITY","40837"
"hu2248","Handling Unit","","","","","","","ENTITY","40838"
"hu2258","Handling Unit","","","","","","","ENTITY","40839"
"hu2253","Handling Unit","","","","","","","ENTITY","40840"
"hu2261","Handling Unit","","","","","","","ENTITY","40841"
"hu2254","Handling Unit","","","","","","","ENTITY","40842"
"hu2264","Handling Unit","","","","","","","ENTITY","40843"
"hu2235","Handling Unit","","","","","","","ENTITY","40844"
"hu2247","Handling Unit","","","","","","","ENTITY","40845"
"hu2262","Handling Unit","","","","","","","ENTITY","40846"
"hu2259","Handling Unit","","","","","","","ENTITY","40847"
"hu2260","Handling Unit","","","","","","","ENTITY","40848"
"hu2267","Handling Unit","","","","","","","ENTITY","40849"
"hu2263","Handling Unit","","","","","","","ENTITY","40850"
"hu2271","Handling Unit","","","","","","","ENTITY","40851"
"hu2266","Handling Unit","","","","","","","ENTITY","40852"
"hu2265","Handling Unit","","","","","","","ENTITY","40853"
"hu2270","Handling Unit","","","","","","","ENTITY","40854"
"hu2268","Handling Unit","","","","","","","ENTITY","40855"
"hu2276","Handling Unit","","","","","","","ENTITY","40856"
"hu2274","Handling Unit","","","","","","","ENTITY","40857"
"hu2278","Handling Unit","","","","","","","ENTITY","40858"
"hu2285","Handling Unit","","","","","","","ENTITY","40859"
"hu2282","Handling Unit","","","","","","","ENTITY","40860"
"hu2269","Handling Unit","","","","","","","ENTITY","40861"
"hu2275","Handling Unit","","","","","","","ENTITY","40862"
"hu2280","Handling Unit","","","","","","","ENTITY","40863"
"hu2272","Handling Unit","","","","","","","ENTITY","40864"
"hu2273","Handling Unit","","","","","","","ENTITY","40865"
"hu2286","Handling Unit","","","","","","","ENTITY","40866"
"hu2289","Handling Unit","","","","","","","ENTITY","40867"
"hu2288","Handling Unit","","","","","","","ENTITY","40868"
"hu2279","Handling Unit","","","","","","","ENTITY","40869"
"hu2277","Handling Unit","","","","","","","ENTITY","40870"
"hu2283","Handling Unit","","","","","","","ENTITY","40871"
"hu2290","Handling Unit","","","","","","","ENTITY","40872"
"hu2281","Handling Unit","","","","","","","ENTITY","40873"
"hu2284","Handling Unit","","","","","","","ENTITY","40874"
"hu2287","Handling Unit","","","","","","","ENTITY","40875"
"hu2291","Handling Unit","","","","","","","ENTITY","40876"
"hu2305","Handling Unit","","","","","","","ENTITY","40877"
"hu2307","Handling Unit","","","","","","","ENTITY","40878"
"hu2324","Handling Unit","","","","","","","ENTITY","40879"
"hu2325","Handling Unit","","","","","","","ENTITY","40880"
"hu2304","Handling Unit","","","","","","","ENTITY","40881"
"hu2292","Handling Unit","","","","","","","ENTITY","40882"
"hu2321","Handling Unit","","","","","","","ENTITY","40883"
"hu2309","Handling Unit","","","","","","","ENTITY","40884"
"hu2294","Handling Unit","","","","","","","ENTITY","40885"
"hu2318","Handling Unit","","","","","","","ENTITY","40886"
"hu2311","Handling Unit","","","","","","","ENTITY","40887"
"hu2319","Handling Unit","","","","","","","ENTITY","40888"
"hu2316","Handling Unit","","","","","","","ENTITY","40889"
"hu2296","Handling Unit","","","","","","","ENTITY","40890"
"hu2320","Handling Unit","","","","","","","ENTITY","40891"
"hu2298","Handling Unit","","","","","","","ENTITY","40892"
"hu2295","Handling Unit","","","","","","","ENTITY","40893"
"hu2308","Handling Unit","","","","","","","ENTITY","40894"
"hu2326","Handling Unit","","","","","","","ENTITY","40895"
"hu2297","Handling Unit","","","","","","","ENTITY","40896"
"hu2302","Handling Unit","","","","","","","ENTITY","40897"
"hu2300","Handling Unit","","","","","","","ENTITY","40898"
"hu2293","Handling Unit","","","","","","","ENTITY","40899"
"hu2299","Handling Unit","","","","","","","ENTITY","40900"
"hu2313","Handling Unit","","","","","","","ENTITY","40901"
"hu2312","Handling Unit","","","","","","","ENTITY","40902"
"hu2317","Handling Unit","","","","","","","ENTITY","40903"
"hu2315","Handling Unit","","","","","","","ENTITY","40904"
"hu2301","Handling Unit","","","","","","","ENTITY","40905"
"hu2306","Handling Unit","","","","","","","ENTITY","40906"
"hu2322","Handling Unit","","","","","","","ENTITY","40907"
"hu2310","Handling Unit","","","","","","","ENTITY","40908"
"hu2328","Handling Unit","","","","","","","ENTITY","40909"
"hu2303","Handling Unit","","","","","","","ENTITY","40910"
"hu2314","Handling Unit","","","","","","","ENTITY","40911"
"hu2327","Handling Unit","","","","","","","ENTITY","40912"
"hu2329","Handling Unit","","","","","","","ENTITY","40913"
"hu2323","Handling Unit","","","","","","","ENTITY","40914"
"hu2332","Handling Unit","","","","","","","ENTITY","40915"
"hu2334","Handling Unit","","","","","","","ENTITY","40916"
"hu2330","Handling Unit","","","","","","","ENTITY","40917"
"hu2339","Handling Unit","","","","","","","ENTITY","40918"
"hu2335","Handling Unit","","","","","","","ENTITY","40919"
"hu2338","Handling Unit","","","","","","","ENTITY","40920"
"hu2341","Handling Unit","","","","","","","ENTITY","40921"
"hu2344","Handling Unit","","","","","","","ENTITY","40922"
"hu2350","Handling Unit","","","","","","","ENTITY","40923"
"hu2347","Handling Unit","","","","","","","ENTITY","40924"
"hu2349","Handling Unit","","","","","","","ENTITY","40925"
"hu2351","Handling Unit","","","","","","","ENTITY","40926"
"hu2340","Handling Unit","","","","","","","ENTITY","40927"
"hu2348","Handling Unit","","","","","","","ENTITY","40928"
"hu2333","Handling Unit","","","","","","","ENTITY","40929"
"hu2346","Handling Unit","","","","","","","ENTITY","40930"
"hu2336","Handling Unit","","","","","","","ENTITY","40931"
"hu2337","Handling Unit","","","","","","","ENTITY","40932"
"hu2342","Handling Unit","","","","","","","ENTITY","40933"
"hu2355","Handling Unit","","","","","","","ENTITY","40934"
"hu2343","Handling Unit","","","","","","","ENTITY","40935"
"hu2359","Handling Unit","","","","","","","ENTITY","40936"
"hu2366","Handling Unit","","","","","","","ENTITY","40937"
"hu2356","Handling Unit","","","","","","","ENTITY","40938"
"hu2354","Handling Unit","","","","","","","ENTITY","40939"
"hu2362","Handling Unit","","","","","","","ENTITY","40940"
"hu2345","Handling Unit","","","","","","","ENTITY","40941"
"hu2365","Handling Unit","","","","","","","ENTITY","40942"
"hu2364","Handling Unit","","","","","","","ENTITY","40943"
"hu2331","Handling Unit","","","","","","","ENTITY","40944"
"hu2357","Handling Unit","","","","","","","ENTITY","40945"
"hu2360","Handling Unit","","","","","","","ENTITY","40946"
"hu2361","Handling Unit","","","","","","","ENTITY","40947"
"hu2367","Handling Unit","","","","","","","ENTITY","40948"
"hu2363","Handling Unit","","","","","","","ENTITY","40949"
"hu2376","Handling Unit","","","","","","","ENTITY","40950"
"hu2372","Handling Unit","","","","","","","ENTITY","40951"
"hu2358","Handling Unit","","","","","","","ENTITY","40952"
"hu2369","Handling Unit","","","","","","","ENTITY","40953"
"hu2371","Handling Unit","","","","","","","ENTITY","40954"
"hu2379","Handling Unit","","","","","","","ENTITY","40955"
"hu2374","Handling Unit","","","","","","","ENTITY","40956"
"hu2377","Handling Unit","","","","","","","ENTITY","40957"
"hu2378","Handling Unit","","","","","","","ENTITY","40958"
"hu2381","Handling Unit","","","","","","","ENTITY","40959"
"hu2384","Handling Unit","","","","","","","ENTITY","40960"
"hu2373","Handling Unit","","","","","","","ENTITY","40961"
"hu2368","Handling Unit","","","","","","","ENTITY","40962"
"hu2353","Handling Unit","","","","","","","ENTITY","40963"
"hu2370","Handling Unit","","","","","","","ENTITY","40964"
"hu2382","Handling Unit","","","","","","","ENTITY","40965"
"hu2387","Handling Unit","","","","","","","ENTITY","40966"
"hu2383","Handling Unit","","","","","","","ENTITY","40967"
"hu2389","Handling Unit","","","","","","","ENTITY","40968"
"hu2385","Handling Unit","","","","","","","ENTITY","40969"
"hu2390","Handling Unit","","","","","","","ENTITY","40970"
"hu2386","Handling Unit","","","","","","","ENTITY","40971"
"hu2392","Handling Unit","","","","","","","ENTITY","40972"
"hu2395","Handling Unit","","","","","","","ENTITY","40973"
"hu2396","Handling Unit","","","","","","","ENTITY","40974"
"hu2393","Handling Unit","","","","","","","ENTITY","40975"
"hu2388","Handling Unit","","","","","","","ENTITY","40976"
"hu2398","Handling Unit","","","","","","","ENTITY","40977"
"hu2401","Handling Unit","","","","","","","ENTITY","40978"
"hu2375","Handling Unit","","","","","","","ENTITY","40979"
"hu2402","Handling Unit","","","","","","","ENTITY","40980"
"hu2399","Handling Unit","","","","","","","ENTITY","40981"
"hu2380","Handling Unit","","","","","","","ENTITY","40982"
"hu2400","Handling Unit","","","","","","","ENTITY","40983"
"hu2394","Handling Unit","","","","","","","ENTITY","40984"
"hu2391","Handling Unit","","","","","","","ENTITY","40985"
"hu2352","Handling Unit","","","","","","","ENTITY","40986"
"hu2397","Handling Unit","","","","","","","ENTITY","40987"
"hu2405","Handling Unit","","","","","","","ENTITY","40988"
"hu2404","Handling Unit","","","","","","","ENTITY","40989"
"hu2403","Handling Unit","","","","","","","ENTITY","40990"
"hu2409","Handling Unit","","","","","","","ENTITY","40991"
"hu2407","Handling Unit","","","","","","","ENTITY","40992"
"hu2406","Handling Unit","","","","","","","ENTITY","40993"
"hu2408","Handling Unit","","","","","","","ENTITY","40994"
"hu2411","Handling Unit","","","","","","","ENTITY","40995"
"hu2412","Handling Unit","","","","","","","ENTITY","40996"
"hu2410","Handling Unit","","","","","","","ENTITY","40997"
"hu2420","Handling Unit","","","","","","","ENTITY","40998"
"hu2424","Handling Unit","","","","","","","ENTITY","40999"
"hu2429","Handling Unit","","","","","","","ENTITY","41000"
"hu2417","Handling Unit","","","","","","","ENTITY","41001"
"hu2431","Handling Unit","","","","","","","ENTITY","41002"
"hu2418","Handling Unit","","","","","","","ENTITY","41003"
"hu2426","Handling Unit","","","","","","","ENTITY","41004"
"hu2430","Handling Unit","","","","","","","ENTITY","41005"
"hu2427","Handling Unit","","","","","","","ENTITY","41006"
"hu2432","Handling Unit","","","","","","","ENTITY","41007"
"hu2423","Handling Unit","","","","","","","ENTITY","41008"
"hu2419","Handling Unit","","","","","","","ENTITY","41009"
"hu2438","Handling Unit","","","","","","","ENTITY","41010"
"hu2442","Handling Unit","","","","","","","ENTITY","41011"
"hu2439","Handling Unit","","","","","","","ENTITY","41012"
"hu2441","Handling Unit","","","","","","","ENTITY","41013"
"hu2415","Handling Unit","","","","","","","ENTITY","41014"
"hu2428","Handling Unit","","","","","","","ENTITY","41015"
"hu2437","Handling Unit","","","","","","","ENTITY","41016"
"hu2414","Handling Unit","","","","","","","ENTITY","41017"
"hu2440","Handling Unit","","","","","","","ENTITY","41018"
"hu2413","Handling Unit","","","","","","","ENTITY","41019"
"hu2433","Handling Unit","","","","","","","ENTITY","41020"
"hu2434","Handling Unit","","","","","","","ENTITY","41021"
"hu2421","Handling Unit","","","","","","","ENTITY","41022"
"hu2422","Handling Unit","","","","","","","ENTITY","41023"
"hu2450","Handling Unit","","","","","","","ENTITY","41024"
"hu2451","Handling Unit","","","","","","","ENTITY","41025"
"hu2448","Handling Unit","","","","","","","ENTITY","41026"
"hu2443","Handling Unit","","","","","","","ENTITY","41027"
"hu2455","Handling Unit","","","","","","","ENTITY","41028"
"hu2416","Handling Unit","","","","","","","ENTITY","41029"
"hu2425","Handling Unit","","","","","","","ENTITY","41030"
"hu2436","Handling Unit","","","","","","","ENTITY","41031"
"hu2452","Handling Unit","","","","","","","ENTITY","41032"
"hu2444","Handling Unit","","","","","","","ENTITY","41033"
"hu2449","Handling Unit","","","","","","","ENTITY","41034"
"hu2454","Handling Unit","","","","","","","ENTITY","41035"
"hu2459","Handling Unit","","","","","","","ENTITY","41036"
"hu2461","Handling Unit","","","","","","","ENTITY","41037"
"hu2446","Handling Unit","","","","","","","ENTITY","41038"
"hu2457","Handling Unit","","","","","","","ENTITY","41039"
"hu2460","Handling Unit","","","","","","","ENTITY","41040"
"hu2445","Handling Unit","","","","","","","ENTITY","41041"
"hu2447","Handling Unit","","","","","","","ENTITY","41042"
"hu2467","Handling Unit","","","","","","","ENTITY","41043"
"hu2456","Handling Unit","","","","","","","ENTITY","41044"
"hu2469","Handling Unit","","","","","","","ENTITY","41045"
"hu2468","Handling Unit","","","","","","","ENTITY","41046"
"hu2465","Handling Unit","","","","","","","ENTITY","41047"
"hu2453","Handling Unit","","","","","","","ENTITY","41048"
"hu2471","Handling Unit","","","","","","","ENTITY","41049"
"hu2473","Handling Unit","","","","","","","ENTITY","41050"
"hu2479","Handling Unit","","","","","","","ENTITY","41051"
"hu2458","Handling Unit","","","","","","","ENTITY","41052"
"hu2477","Handling Unit","","","","","","","ENTITY","41053"
"hu2472","Handling Unit","","","","","","","ENTITY","41054"
"hu2474","Handling Unit","","","","","","","ENTITY","41055"
"hu2470","Handling Unit","","","","","","","ENTITY","41056"
"hu2466","Handling Unit","","","","","","","ENTITY","41057"
"hu2464","Handling Unit","","","","","","","ENTITY","41058"
"hu2435","Handling Unit","","","","","","","ENTITY","41059"
"hu2480","Handling Unit","","","","","","","ENTITY","41060"
"hu2476","Handling Unit","","","","","","","ENTITY","41061"
"hu2475","Handling Unit","","","","","","","ENTITY","41062"
"hu2478","Handling Unit","","","","","","","ENTITY","41063"
"hu2481","Handling Unit","","","","","","","ENTITY","41064"
"hu2462","Handling Unit","","","","","","","ENTITY","41065"
"hu2463","Handling Unit","","","","","","","ENTITY","41066"
"hu2482","Handling Unit","","","","","","","ENTITY","41067"
"hu2485","Handling Unit","","","","","","","ENTITY","41068"
"hu2498","Handling Unit","","","","","","","ENTITY","41069"
"hu2489","Handling Unit","","","","","","","ENTITY","41070"
"hu2490","Handling Unit","","","","","","","ENTITY","41071"
"hu2497","Handling Unit","","","","","","","ENTITY","41072"
"hu2486","Handling Unit","","","","","","","ENTITY","41073"
"hu2491","Handling Unit","","","","","","","ENTITY","41074"
"hu2500","Handling Unit","","","","","","","ENTITY","41075"
"hu2493","Handling Unit","","","","","","","ENTITY","41076"
"hu2487","Handling Unit","","","","","","","ENTITY","41077"
"hu2499","Handling Unit","","","","","","","ENTITY","41078"
"hu2484","Handling Unit","","","","","","","ENTITY","41079"
"hu2492","Handling Unit","","","","","","","ENTITY","41080"
"hu2496","Handling Unit","","","","","","","ENTITY","41081"
"hu2494","Handling Unit","","","","","","","ENTITY","41082"
"hu2495","Handling Unit","","","","","","","ENTITY","41083"
"hu2483","Handling Unit","","","","","","","ENTITY","41084"
"hu2488","Handling Unit","","","","","","","ENTITY","41085"
"hu2502","Handling Unit","","","","","","","ENTITY","41086"
"hu2503","Handling Unit","","","","","","","ENTITY","41087"
"hu2501","Handling Unit","","","","","","","ENTITY","41088"
"hu2504","Handling Unit","","","","","","","ENTITY","41089"
"hu2505","Handling Unit","","","","","","","ENTITY","41090"
"hu2506","Handling Unit","","","","","","","ENTITY","41091"
"hu2508","Handling Unit","","","","","","","ENTITY","41092"
"hu2512","Handling Unit","","","","","","","ENTITY","41093"
"hu2509","Handling Unit","","","","","","","ENTITY","41094"
"hu2510","Handling Unit","","","","","","","ENTITY","41095"
"hu2507","Handling Unit","","","","","","","ENTITY","41096"
"hu2511","Handling Unit","","","","","","","ENTITY","41097"
"hu2513","Handling Unit","","","","","","","ENTITY","41098"
"hu2514","Handling Unit","","","","","","","ENTITY","41099"
"hu2518","Handling Unit","","","","","","","ENTITY","41100"
"hu2516","Handling Unit","","","","","","","ENTITY","41101"
"hu2519","Handling Unit","","","","","","","ENTITY","41102"
"hu2517","Handling Unit","","","","","","","ENTITY","41103"
"hu2520","Handling Unit","","","","","","","ENTITY","41104"
"hu2521","Handling Unit","","","","","","","ENTITY","41105"
"hu2515","Handling Unit","","","","","","","ENTITY","41106"
"hu2526","Handling Unit","","","","","","","ENTITY","41107"
"hu2525","Handling Unit","","","","","","","ENTITY","41108"
"hu2527","Handling Unit","","","","","","","ENTITY","41109"
"hu2539","Handling Unit","","","","","","","ENTITY","41110"
"hu2532","Handling Unit","","","","","","","ENTITY","41111"
"hu2523","Handling Unit","","","","","","","ENTITY","41112"
"hu2543","Handling Unit","","","","","","","ENTITY","41113"
"hu2522","Handling Unit","","","","","","","ENTITY","41114"
"hu2548","Handling Unit","","","","","","","ENTITY","41115"
"hu2551","Handling Unit","","","","","","","ENTITY","41116"
"hu2549","Handling Unit","","","","","","","ENTITY","41117"
"hu2530","Handling Unit","","","","","","","ENTITY","41118"
"hu2524","Handling Unit","","","","","","","ENTITY","41119"
"hu2535","Handling Unit","","","","","","","ENTITY","41120"
"hu2541","Handling Unit","","","","","","","ENTITY","41121"
"hu2546","Handling Unit","","","","","","","ENTITY","41122"
"hu2531","Handling Unit","","","","","","","ENTITY","41123"
"hu2537","Handling Unit","","","","","","","ENTITY","41124"
"hu2544","Handling Unit","","","","","","","ENTITY","41125"
"hu2528","Handling Unit","","","","","","","ENTITY","41126"
"hu2550","Handling Unit","","","","","","","ENTITY","41127"
"hu2536","Handling Unit","","","","","","","ENTITY","41128"
"hu2557","Handling Unit","","","","","","","ENTITY","41129"
"hu2555","Handling Unit","","","","","","","ENTITY","41130"
"hu2563","Handling Unit","","","","","","","ENTITY","41131"
"hu2545","Handling Unit","","","","","","","ENTITY","41132"
"hu2558","Handling Unit","","","","","","","ENTITY","41133"
"hu2561","Handling Unit","","","","","","","ENTITY","41134"
"hu2559","Handling Unit","","","","","","","ENTITY","41135"
"hu2534","Handling Unit","","","","","","","ENTITY","41136"
"hu2554","Handling Unit","","","","","","","ENTITY","41137"
"hu2529","Handling Unit","","","","","","","ENTITY","41138"
"hu2556","Handling Unit","","","","","","","ENTITY","41139"
"hu2540","Handling Unit","","","","","","","ENTITY","41140"
"hu2560","Handling Unit","","","","","","","ENTITY","41141"
"hu2542","Handling Unit","","","","","","","ENTITY","41142"
"hu2552","Handling Unit","","","","","","","ENTITY","41143"
"hu2538","Handling Unit","","","","","","","ENTITY","41144"
"hu2553","Handling Unit","","","","","","","ENTITY","41145"
"hu2547","Handling Unit","","","","","","","ENTITY","41146"
"hu2566","Handling Unit","","","","","","","ENTITY","41147"
"hu2580","Handling Unit","","","","","","","ENTITY","41148"
"hu2567","Handling Unit","","","","","","","ENTITY","41149"
"hu2573","Handling Unit","","","","","","","ENTITY","41150"
"hu2570","Handling Unit","","","","","","","ENTITY","41151"
"hu2564","Handling Unit","","","","","","","ENTITY","41152"
"hu2533","Handling Unit","","","","","","","ENTITY","41153"
"hu2568","Handling Unit","","","","","","","ENTITY","41154"
"hu2578","Handling Unit","","","","","","","ENTITY","41155"
"hu2569","Handling Unit","","","","","","","ENTITY","41156"
"hu2581","Handling Unit","","","","","","","ENTITY","41157"
"hu2574","Handling Unit","","","","","","","ENTITY","41158"
"hu2577","Handling Unit","","","","","","","ENTITY","41159"
"hu2582","Handling Unit","","","","","","","ENTITY","41160"
"hu2572","Handling Unit","","","","","","","ENTITY","41161"
"hu2584","Handling Unit","","","","","","","ENTITY","41162"
"hu2587","Handling Unit","","","","","","","ENTITY","41163"
"hu2571","Handling Unit","","","","","","","ENTITY","41164"
"hu2565","Handling Unit","","","","","","","ENTITY","41165"
"hu2586","Handling Unit","","","","","","","ENTITY","41166"
"hu2585","Handling Unit","","","","","","","ENTITY","41167"
"hu2589","Handling Unit","","","","","","","ENTITY","41168"
"hu2575","Handling Unit","","","","","","","ENTITY","41169"
"hu2576","Handling Unit","","","","","","","ENTITY","41170"
"hu2594","Handling Unit","","","","","","","ENTITY","41171"
"hu2596","Handling Unit","","","","","","","ENTITY","41172"
"hu2562","Handling Unit","","","","","","","ENTITY","41173"
"hu2579","Handling Unit","","","","","","","ENTITY","41174"
"hu2595","Handling Unit","","","","","","","ENTITY","41175"
"hu2591","Handling Unit","","","","","","","ENTITY","41176"
"hu2583","Handling Unit","","","","","","","ENTITY","41177"
"hu2598","Handling Unit","","","","","","","ENTITY","41178"
"hu2590","Handling Unit","","","","","","","ENTITY","41179"
"hu2599","Handling Unit","","","","","","","ENTITY","41180"
"hu2602","Handling Unit","","","","","","","ENTITY","41181"
"hu2611","Handling Unit","","","","","","","ENTITY","41182"
"hu2604","Handling Unit","","","","","","","ENTITY","41183"
"hu2601","Handling Unit","","","","","","","ENTITY","41184"
"hu2603","Handling Unit","","","","","","","ENTITY","41185"
"hu2619","Handling Unit","","","","","","","ENTITY","41186"
"hu2600","Handling Unit","","","","","","","ENTITY","41187"
"hu2593","Handling Unit","","","","","","","ENTITY","41188"
"hu2617","Handling Unit","","","","","","","ENTITY","41189"
"hu2592","Handling Unit","","","","","","","ENTITY","41190"
"hu2597","Handling Unit","","","","","","","ENTITY","41191"
"hu2616","Handling Unit","","","","","","","ENTITY","41192"
"hu2607","Handling Unit","","","","","","","ENTITY","41193"
"hu2609","Handling Unit","","","","","","","ENTITY","41194"
"hu2620","Handling Unit","","","","","","","ENTITY","41195"
"hu2621","Handling Unit","","","","","","","ENTITY","41196"
"hu2588","Handling Unit","","","","","","","ENTITY","41197"
"hu2605","Handling Unit","","","","","","","ENTITY","41198"
"hu2614","Handling Unit","","","","","","","ENTITY","41199"
"hu2618","Handling Unit","","","","","","","ENTITY","41200"
"hu2615","Handling Unit","","","","","","","ENTITY","41201"
"hu2608","Handling Unit","","","","","","","ENTITY","41202"
"hu2606","Handling Unit","","","","","","","ENTITY","41203"
"hu2622","Handling Unit","","","","","","","ENTITY","41204"
"hu2613","Handling Unit","","","","","","","ENTITY","41205"
"hu2612","Handling Unit","","","","","","","ENTITY","41206"
"hu2623","Handling Unit","","","","","","","ENTITY","41207"
"hu2610","Handling Unit","","","","","","","ENTITY","41208"
"hu2625","Handling Unit","","","","","","","ENTITY","41209"
"hu2641","Handling Unit","","","","","","","ENTITY","41210"
"hu2637","Handling Unit","","","","","","","ENTITY","41211"
"hu2629","Handling Unit","","","","","","","ENTITY","41212"
"hu2628","Handling Unit","","","","","","","ENTITY","41213"
"hu2636","Handling Unit","","","","","","","ENTITY","41214"
"hu2634","Handling Unit","","","","","","","ENTITY","41215"
"hu2639","Handling Unit","","","","","","","ENTITY","41216"
"hu2631","Handling Unit","","","","","","","ENTITY","41217"
"hu2632","Handling Unit","","","","","","","ENTITY","41218"
"hu2640","Handling Unit","","","","","","","ENTITY","41219"
"hu2624","Handling Unit","","","","","","","ENTITY","41220"
"hu2635","Handling Unit","","","","","","","ENTITY","41221"
"hu2633","Handling Unit","","","","","","","ENTITY","41222"
"hu2627","Handling Unit","","","","","","","ENTITY","41223"
"hu2630","Handling Unit","","","","","","","ENTITY","41224"
"hu2638","Handling Unit","","","","","","","ENTITY","41225"
"hu2626","Handling Unit","","","","","","","ENTITY","41226"
"hu2643","Handling Unit","","","","","","","ENTITY","41227"
"hu2650","Handling Unit","","","","","","","ENTITY","41228"
"hu2649","Handling Unit","","","","","","","ENTITY","41229"
"hu2642","Handling Unit","","","","","","","ENTITY","41230"
"hu2651","Handling Unit","","","","","","","ENTITY","41231"
"hu2652","Handling Unit","","","","","","","ENTITY","41232"
"hu2647","Handling Unit","","","","","","","ENTITY","41233"
"hu2644","Handling Unit","","","","","","","ENTITY","41234"
"hu2646","Handling Unit","","","","","","","ENTITY","41235"
"hu2645","Handling Unit","","","","","","","ENTITY","41236"
"hu2648","Handling Unit","","","","","","","ENTITY","41237"
"hu2653","Handling Unit","","","","","","","ENTITY","41238"
"hu2658","Handling Unit","","","","","","","ENTITY","41239"
"hu2656","Handling Unit","","","","","","","ENTITY","41240"
"hu2654","Handling Unit","","","","","","","ENTITY","41241"
"hu2655","Handling Unit","","","","","","","ENTITY","41242"
"hu2657","Handling Unit","","","","","","","ENTITY","41243"
"hu2664","Handling Unit","","","","","","","ENTITY","41244"
"hu2663","Handling Unit","","","","","","","ENTITY","41245"
"hu2660","Handling Unit","","","","","","","ENTITY","41246"
"hu2661","Handling Unit","","","","","","","ENTITY","41247"
"hu2659","Handling Unit","","","","","","","ENTITY","41248"
"hu2662","Handling Unit","","","","","","","ENTITY","41249"
"hu2665","Handling Unit","","","","","","","ENTITY","41250"
"hu2669","Handling Unit","","","","","","","ENTITY","41251"
"hu2667","Handling Unit","","","","","","","ENTITY","41252"
"hu2666","Handling Unit","","","","","","","ENTITY","41253"
"hu2670","Handling Unit","","","","","","","ENTITY","41254"
"hu2668","Handling Unit","","","","","","","ENTITY","41255"
"hu2675","Handling Unit","","","","","","","ENTITY","41256"
"hu2677","Handling Unit","","","","","","","ENTITY","41257"
"hu2676","Handling Unit","","","","","","","ENTITY","41258"
"hu2671","Handling Unit","","","","","","","ENTITY","41259"
"hu2681","Handling Unit","","","","","","","ENTITY","41260"
"hu2678","Handling Unit","","","","","","","ENTITY","41261"
"hu2691","Handling Unit","","","","","","","ENTITY","41262"
"hu2685","Handling Unit","","","","","","","ENTITY","41263"
"hu2673","Handling Unit","","","","","","","ENTITY","41264"
"hu2684","Handling Unit","","","","","","","ENTITY","41265"
"hu2694","Handling Unit","","","","","","","ENTITY","41266"
"hu2690","Handling Unit","","","","","","","ENTITY","41267"
"hu2692","Handling Unit","","","","","","","ENTITY","41268"
"hu2679","Handling Unit","","","","","","","ENTITY","41269"
"hu2680","Handling Unit","","","","","","","ENTITY","41270"
"hu2688","Handling Unit","","","","","","","ENTITY","41271"
"hu2674","Handling Unit","","","","","","","ENTITY","41272"
"hu2693","Handling Unit","","","","","","","ENTITY","41273"
"hu2696","Handling Unit","","","","","","","ENTITY","41274"
"hu2682","Handling Unit","","","","","","","ENTITY","41275"
"hu2698","Handling Unit","","","","","","","ENTITY","41276"
"hu2697","Handling Unit","","","","","","","ENTITY","41277"
"hu2672","Handling Unit","","","","","","","ENTITY","41278"
"hu2683","Handling Unit","","","","","","","ENTITY","41279"
"hu2687","Handling Unit","","","","","","","ENTITY","41280"
"hu2686","Handling Unit","","","","","","","ENTITY","41281"
"hu2689","Handling Unit","","","","","","","ENTITY","41282"
"hu2695","Handling Unit","","","","","","","ENTITY","41283"
"hu2704","Handling Unit","","","","","","","ENTITY","41284"
"hu2703","Handling Unit","","","","","","","ENTITY","41285"
"hu2701","Handling Unit","","","","","","","ENTITY","41286"
"hu2700","Handling Unit","","","","","","","ENTITY","41287"
"hu2702","Handling Unit","","","","","","","ENTITY","41288"
"hu2699","Handling Unit","","","","","","","ENTITY","41289"
"hu2705","Handling Unit","","","","","","","ENTITY","41290"
"hu2706","Handling Unit","","","","","","","ENTITY","41291"
"hu2708","Handling Unit","","","","","","","ENTITY","41292"
"hu2710","Handling Unit","","","","","","","ENTITY","41293"
"hu2707","Handling Unit","","","","","","","ENTITY","41294"
"hu2713","Handling Unit","","","","","","","ENTITY","41295"
"hu2714","Handling Unit","","","","","","","ENTITY","41296"
"hu2712","Handling Unit","","","","","","","ENTITY","41297"
"hu2723","Handling Unit","","","","","","","ENTITY","41298"
"hu2716","Handling Unit","","","","","","","ENTITY","41299"
"hu2717","Handling Unit","","","","","","","ENTITY","41300"
"hu2709","Handling Unit","","","","","","","ENTITY","41301"
"hu2739","Handling Unit","","","","","","","ENTITY","41302"
"hu2737","Handling Unit","","","","","","","ENTITY","41303"
"hu2719","Handling Unit","","","","","","","ENTITY","41304"
"hu2740","Handling Unit","","","","","","","ENTITY","41305"
"hu2726","Handling Unit","","","","","","","ENTITY","41306"
"hu2733","Handling Unit","","","","","","","ENTITY","41307"
"hu2732","Handling Unit","","","","","","","ENTITY","41308"
"hu2734","Handling Unit","","","","","","","ENTITY","41309"
"hu2718","Handling Unit","","","","","","","ENTITY","41310"
"hu2724","Handling Unit","","","","","","","ENTITY","41311"
"hu2744","Handling Unit","","","","","","","ENTITY","41312"
"hu2715","Handling Unit","","","","","","","ENTITY","41313"
"hu2736","Handling Unit","","","","","","","ENTITY","41314"
"hu2735","Handling Unit","","","","","","","ENTITY","41315"
"hu2743","Handling Unit","","","","","","","ENTITY","41316"
"hu2727","Handling Unit","","","","","","","ENTITY","41317"
"hu2728","Handling Unit","","","","","","","ENTITY","41318"
"hu2729","Handling Unit","","","","","","","ENTITY","41319"
"hu2730","Handling Unit","","","","","","","ENTITY","41320"
"hu2722","Handling Unit","","","","","","","ENTITY","41321"
"hu2731","Handling Unit","","","","","","","ENTITY","41322"
"hu2741","Handling Unit","","","","","","","ENTITY","41323"
"hu2711","Handling Unit","","","","","","","ENTITY","41324"
"hu2738","Handling Unit","","","","","","","ENTITY","41325"
"hu2721","Handling Unit","","","","","","","ENTITY","41326"
"hu2742","Handling Unit","","","","","","","ENTITY","41327"
"hu2725","Handling Unit","","","","","","","ENTITY","41328"
"hu2745","Handling Unit","","","","","","","ENTITY","41329"
"hu2746","Handling Unit","","","","","","","ENTITY","41330"
"hu2747","Handling Unit","","","","","","","ENTITY","41331"
"hu2750","Handling Unit","","","","","","","ENTITY","41332"
"hu2748","Handling Unit","","","","","","","ENTITY","41333"
"hu2749","Handling Unit","","","","","","","ENTITY","41334"
"hu2752","Handling Unit","","","","","","","ENTITY","41335"
"hu2751","Handling Unit","","","","","","","ENTITY","41336"
"hu2755","Handling Unit","","","","","","","ENTITY","41337"
"hu2754","Handling Unit","","","","","","","ENTITY","41338"
"hu2720","Handling Unit","","","","","","","ENTITY","41339"
"hu2753","Handling Unit","","","","","","","ENTITY","41340"
"hu2756","Handling Unit","","","","","","","ENTITY","41341"
"hu2761","Handling Unit","","","","","","","ENTITY","41342"
"hu2764","Handling Unit","","","","","","","ENTITY","41343"
"hu2759","Handling Unit","","","","","","","ENTITY","41344"
"hu2758","Handling Unit","","","","","","","ENTITY","41345"
"hu2771","Handling Unit","","","","","","","ENTITY","41346"
"hu2772","Handling Unit","","","","","","","ENTITY","41347"
"hu2778","Handling Unit","","","","","","","ENTITY","41348"
"hu2776","Handling Unit","","","","","","","ENTITY","41349"
"hu2770","Handling Unit","","","","","","","ENTITY","41350"
"hu2777","Handling Unit","","","","","","","ENTITY","41351"
"hu2785","Handling Unit","","","","","","","ENTITY","41352"
"hu2775","Handling Unit","","","","","","","ENTITY","41353"
"hu2766","Handling Unit","","","","","","","ENTITY","41354"
"hu2768","Handling Unit","","","","","","","ENTITY","41355"
"hu2765","Handling Unit","","","","","","","ENTITY","41356"
"hu2786","Handling Unit","","","","","","","ENTITY","41357"
"hu2782","Handling Unit","","","","","","","ENTITY","41358"
"hu2774","Handling Unit","","","","","","","ENTITY","41359"
"hu2767","Handling Unit","","","","","","","ENTITY","41360"
"hu2769","Handling Unit","","","","","","","ENTITY","41361"
"hu2760","Handling Unit","","","","","","","ENTITY","41362"
"hu2757","Handling Unit","","","","","","","ENTITY","41363"
"hu2773","Handling Unit","","","","","","","ENTITY","41364"
"hu2780","Handling Unit","","","","","","","ENTITY","41365"
"hu2783","Handling Unit","","","","","","","ENTITY","41366"
"hu2790","Handling Unit","","","","","","","ENTITY","41367"
"hu2787","Handling Unit","","","","","","","ENTITY","41368"
"hu2762","Handling Unit","","","","","","","ENTITY","41369"
"hu2788","Handling Unit","","","","","","","ENTITY","41370"
"hu2791","Handling Unit","","","","","","","ENTITY","41371"
"hu2793","Handling Unit","","","","","","","ENTITY","41372"
"hu2792","Handling Unit","","","","","","","ENTITY","41373"
"hu2763","Handling Unit","","","","","","","ENTITY","41374"
"hu2779","Handling Unit","","","","","","","ENTITY","41375"
"hu2781","Handling Unit","","","","","","","ENTITY","41376"
"hu2796","Handling Unit","","","","","","","ENTITY","41377"
"hu2803","Handling Unit","","","","","","","ENTITY","41378"
"hu2797","Handling Unit","","","","","","","ENTITY","41379"
"hu2784","Handling Unit","","","","","","","ENTITY","41380"
"hu2811","Handling Unit","","","","","","","ENTITY","41381"
"hu2794","Handling Unit","","","","","","","ENTITY","41382"
"hu2802","Handling Unit","","","","","","","ENTITY","41383"
"hu2805","Handling Unit","","","","","","","ENTITY","41384"
"hu2801","Handling Unit","","","","","","","ENTITY","41385"
"hu2804","Handling Unit","","","","","","","ENTITY","41386"
"hu2810","Handling Unit","","","","","","","ENTITY","41387"
"hu2809","Handling Unit","","","","","","","ENTITY","41388"
"hu2799","Handling Unit","","","","","","","ENTITY","41389"
"hu2800","Handling Unit","","","","","","","ENTITY","41390"
"hu2795","Handling Unit","","","","","","","ENTITY","41391"
"hu2808","Handling Unit","","","","","","","ENTITY","41392"
"hu2817","Handling Unit","","","","","","","ENTITY","41393"
"hu2814","Handling Unit","","","","","","","ENTITY","41394"
"hu2815","Handling Unit","","","","","","","ENTITY","41395"
"hu2806","Handling Unit","","","","","","","ENTITY","41396"
"hu2819","Handling Unit","","","","","","","ENTITY","41397"
"hu2789","Handling Unit","","","","","","","ENTITY","41398"
"hu2822","Handling Unit","","","","","","","ENTITY","41399"
"hu2820","Handling Unit","","","","","","","ENTITY","41400"
"hu2825","Handling Unit","","","","","","","ENTITY","41401"
"hu2813","Handling Unit","","","","","","","ENTITY","41402"
"hu2834","Handling Unit","","","","","","","ENTITY","41403"
"hu2812","Handling Unit","","","","","","","ENTITY","41404"
"hu2831","Handling Unit","","","","","","","ENTITY","41405"
"hu2818","Handling Unit","","","","","","","ENTITY","41406"
"hu2821","Handling Unit","","","","","","","ENTITY","41407"
"hu2807","Handling Unit","","","","","","","ENTITY","41408"
"hu2823","Handling Unit","","","","","","","ENTITY","41409"
"hu2826","Handling Unit","","","","","","","ENTITY","41410"
"hu2824","Handling Unit","","","","","","","ENTITY","41411"
"hu2816","Handling Unit","","","","","","","ENTITY","41412"
"hu2833","Handling Unit","","","","","","","ENTITY","41413"
"hu2827","Handling Unit","","","","","","","ENTITY","41414"
"hu2835","Handling Unit","","","","","","","ENTITY","41415"
"hu2837","Handling Unit","","","","","","","ENTITY","41416"
"hu2838","Handling Unit","","","","","","","ENTITY","41417"
"hu2844","Handling Unit","","","","","","","ENTITY","41418"
"hu2829","Handling Unit","","","","","","","ENTITY","41419"
"hu2798","Handling Unit","","","","","","","ENTITY","41420"
"hu2842","Handling Unit","","","","","","","ENTITY","41421"
"hu2843","Handling Unit","","","","","","","ENTITY","41422"
"hu2846","Handling Unit","","","","","","","ENTITY","41423"
"hu2832","Handling Unit","","","","","","","ENTITY","41424"
"hu2836","Handling Unit","","","","","","","ENTITY","41425"
"hu2854","Handling Unit","","","","","","","ENTITY","41426"
"hu2849","Handling Unit","","","","","","","ENTITY","41427"
"hu2848","Handling Unit","","","","","","","ENTITY","41428"
"hu2850","Handling Unit","","","","","","","ENTITY","41429"
"hu2852","Handling Unit","","","","","","","ENTITY","41430"
"hu2851","Handling Unit","","","","","","","ENTITY","41431"
"hu2839","Handling Unit","","","","","","","ENTITY","41432"
"hu2830","Handling Unit","","","","","","","ENTITY","41433"
"hu2845","Handling Unit","","","","","","","ENTITY","41434"
"hu2847","Handling Unit","","","","","","","ENTITY","41435"
"hu2840","Handling Unit","","","","","","","ENTITY","41436"
"hu2841","Handling Unit","","","","","","","ENTITY","41437"
"hu2828","Handling Unit","","","","","","","ENTITY","41438"
"hu2857","Handling Unit","","","","","","","ENTITY","41439"
"hu2864","Handling Unit","","","","","","","ENTITY","41440"
"hu2860","Handling Unit","","","","","","","ENTITY","41441"
"hu2856","Handling Unit","","","","","","","ENTITY","41442"
"hu2861","Handling Unit","","","","","","","ENTITY","41443"
"hu2855","Handling Unit","","","","","","","ENTITY","41444"
"hu2862","Handling Unit","","","","","","","ENTITY","41445"
"hu2858","Handling Unit","","","","","","","ENTITY","41446"
"hu2859","Handling Unit","","","","","","","ENTITY","41447"
"hu2863","Handling Unit","","","","","","","ENTITY","41448"
"hu2865","Handling Unit","","","","","","","ENTITY","41449"
"hu2853","Handling Unit","","","","","","","ENTITY","41450"
"hu2866","Handling Unit","","","","","","","ENTITY","41451"
"hu2869","Handling Unit","","","","","","","ENTITY","41452"
"hu2868","Handling Unit","","","","","","","ENTITY","41453"
"hu2870","Handling Unit","","","","","","","ENTITY","41454"
"hu2867","Handling Unit","","","","","","","ENTITY","41455"
"hu2874","Handling Unit","","","","","","","ENTITY","41456"
"hu2871","Handling Unit","","","","","","","ENTITY","41457"
"hu2875","Handling Unit","","","","","","","ENTITY","41458"
"hu2872","Handling Unit","","","","","","","ENTITY","41459"
"hu2873","Handling Unit","","","","","","","ENTITY","41460"
"hu2876","Handling Unit","","","","","","","ENTITY","41461"
"hu2877","Handling Unit","","","","","","","ENTITY","41462"
"hu2883","Handling Unit","","","","","","","ENTITY","41463"
"hu2885","Handling Unit","","","","","","","ENTITY","41464"
"hu2889","Handling Unit","","","","","","","ENTITY","41465"
"hu2888","Handling Unit","","","","","","","ENTITY","41466"
"hu2897","Handling Unit","","","","","","","ENTITY","41467"
"hu2899","Handling Unit","","","","","","","ENTITY","41468"
"hu2884","Handling Unit","","","","","","","ENTITY","41469"
"hu2898","Handling Unit","","","","","","","ENTITY","41470"
"hu2891","Handling Unit","","","","","","","ENTITY","41471"
"hu2893","Handling Unit","","","","","","","ENTITY","41472"
"hu2882","Handling Unit","","","","","","","ENTITY","41473"
"hu2881","Handling Unit","","","","","","","ENTITY","41474"
"hu2880","Handling Unit","","","","","","","ENTITY","41475"
"hu2879","Handling Unit","","","","","","","ENTITY","41476"
"hu2895","Handling Unit","","","","","","","ENTITY","41477"
"hu2890","Handling Unit","","","","","","","ENTITY","41478"
"hu2878","Handling Unit","","","","","","","ENTITY","41479"
"hu2894","Handling Unit","","","","","","","ENTITY","41480"
"hu2896","Handling Unit","","","","","","","ENTITY","41481"
"hu2886","Handling Unit","","","","","","","ENTITY","41482"
"hu2887","Handling Unit","","","","","","","ENTITY","41483"
"hu2892","Handling Unit","","","","","","","ENTITY","41484"
"hu2900","Handling Unit","","","","","","","ENTITY","41485"
"hu2903","Handling Unit","","","","","","","ENTITY","41486"
"hu2904","Handling Unit","","","","","","","ENTITY","41487"
"hu2905","Handling Unit","","","","","","","ENTITY","41488"
"hu2917","Handling Unit","","","","","","","ENTITY","41489"
"hu2911","Handling Unit","","","","","","","ENTITY","41490"
"hu2906","Handling Unit","","","","","","","ENTITY","41491"
"hu2914","Handling Unit","","","","","","","ENTITY","41492"
"hu2935","Handling Unit","","","","","","","ENTITY","41493"
"hu2916","Handling Unit","","","","","","","ENTITY","41494"
"hu2923","Handling Unit","","","","","","","ENTITY","41495"
"hu2918","Handling Unit","","","","","","","ENTITY","41496"
"hu2934","Handling Unit","","","","","","","ENTITY","41497"
"hu2901","Handling Unit","","","","","","","ENTITY","41498"
"hu2907","Handling Unit","","","","","","","ENTITY","41499"
"hu2931","Handling Unit","","","","","","","ENTITY","41500"
"hu2932","Handling Unit","","","","","","","ENTITY","41501"
"hu2930","Handling Unit","","","","","","","ENTITY","41502"
"hu2909","Handling Unit","","","","","","","ENTITY","41503"
"hu2925","Handling Unit","","","","","","","ENTITY","41504"
"hu2928","Handling Unit","","","","","","","ENTITY","41505"
"hu2908","Handling Unit","","","","","","","ENTITY","41506"
"hu2933","Handling Unit","","","","","","","ENTITY","41507"
"hu2922","Handling Unit","","","","","","","ENTITY","41508"
"hu2921","Handling Unit","","","","","","","ENTITY","41509"
"hu2910","Handling Unit","","","","","","","ENTITY","41510"
"hu2926","Handling Unit","","","","","","","ENTITY","41511"
"hu2927","Handling Unit","","","","","","","ENTITY","41512"
"hu2919","Handling Unit","","","","","","","ENTITY","41513"
"hu2920","Handling Unit","","","","","","","ENTITY","41514"
"hu2912","Handling Unit","","","","","","","ENTITY","41515"
"hu2913","Handling Unit","","","","","","","ENTITY","41516"
"hu2929","Handling Unit","","","","","","","ENTITY","41517"
"hu2937","Handling Unit","","","","","","","ENTITY","41518"
"hu2915","Handling Unit","","","","","","","ENTITY","41519"
"hu2940","Handling Unit","","","","","","","ENTITY","41520"
"hu2939","Handling Unit","","","","","","","ENTITY","41521"
"hu2943","Handling Unit","","","","","","","ENTITY","41522"
"hu2941","Handling Unit","","","","","","","ENTITY","41523"
"hu2902","Handling Unit","","","","","","","ENTITY","41524"
"hu2936","Handling Unit","","","","","","","ENTITY","41525"
"hu2944","Handling Unit","","","","","","","ENTITY","41526"
"hu2945","Handling Unit","","","","","","","ENTITY","41527"
"hu2924","Handling Unit","","","","","","","ENTITY","41528"
"hu2951","Handling Unit","","","","","","","ENTITY","41529"
"hu2948","Handling Unit","","","","","","","ENTITY","41530"
"hu2946","Handling Unit","","","","","","","ENTITY","41531"
"hu2947","Handling Unit","","","","","","","ENTITY","41532"
"hu2953","Handling Unit","","","","","","","ENTITY","41533"
"hu2942","Handling Unit","","","","","","","ENTITY","41534"
"hu2938","Handling Unit","","","","","","","ENTITY","41535"
"hu2949","Handling Unit","","","","","","","ENTITY","41536"
"hu2956","Handling Unit","","","","","","","ENTITY","41537"
"hu2959","Handling Unit","","","","","","","ENTITY","41538"
"hu2965","Handling Unit","","","","","","","ENTITY","41539"
"hu2952","Handling Unit","","","","","","","ENTITY","41540"
"hu2955","Handling Unit","","","","","","","ENTITY","41541"
"hu2966","Handling Unit","","","","","","","ENTITY","41542"
"hu2950","Handling Unit","","","","","","","ENTITY","41543"
"hu2972","Handling Unit","","","","","","","ENTITY","41544"
"hu2964","Handling Unit","","","","","","","ENTITY","41545"
"hu2967","Handling Unit","","","","","","","ENTITY","41546"
"hu2961","Handling Unit","","","","","","","ENTITY","41547"
"hu2962","Handling Unit","","","","","","","ENTITY","41548"
"hu2971","Handling Unit","","","","","","","ENTITY","41549"
"hu2958","Handling Unit","","","","","","","ENTITY","41550"
"hu2954","Handling Unit","","","","","","","ENTITY","41551"
"hu2970","Handling Unit","","","","","","","ENTITY","41552"
"hu2969","Handling Unit","","","","","","","ENTITY","41553"
"hu2968","Handling Unit","","","","","","","ENTITY","41554"
"hu2975","Handling Unit","","","","","","","ENTITY","41555"
"hu2963","Handling Unit","","","","","","","ENTITY","41556"
"hu2977","Handling Unit","","","","","","","ENTITY","41557"
"hu2981","Handling Unit","","","","","","","ENTITY","41558"
"hu2976","Handling Unit","","","","","","","ENTITY","41559"
"hu2980","Handling Unit","","","","","","","ENTITY","41560"
"hu2987","Handling Unit","","","","","","","ENTITY","41561"
"hu2974","Handling Unit","","","","","","","ENTITY","41562"
"hu2990","Handling Unit","","","","","","","ENTITY","41563"
"hu2989","Handling Unit","","","","","","","ENTITY","41564"
"hu2991","Handling Unit","","","","","","","ENTITY","41565"
"hu2997","Handling Unit","","","","","","","ENTITY","41566"
"hu2978","Handling Unit","","","","","","","ENTITY","41567"
"hu2988","Handling Unit","","","","","","","ENTITY","41568"
"hu2995","Handling Unit","","","","","","","ENTITY","41569"
"hu2992","Handling Unit","","","","","","","ENTITY","41570"
"hu2982","Handling Unit","","","","","","","ENTITY","41571"
"hu2994","Handling Unit","","","","","","","ENTITY","41572"
"hu2984","Handling Unit","","","","","","","ENTITY","41573"
"hu2983","Handling Unit","","","","","","","ENTITY","41574"
"hu2979","Handling Unit","","","","","","","ENTITY","41575"
"hu2960","Handling Unit","","","","","","","ENTITY","41576"
"hu2996","Handling Unit","","","","","","","ENTITY","41577"
"hu2973","Handling Unit","","","","","","","ENTITY","41578"
"hu2986","Handling Unit","","","","","","","ENTITY","41579"
"hu2993","Handling Unit","","","","","","","ENTITY","41580"
"hu2985","Handling Unit","","","","","","","ENTITY","41581"
"hu2957","Handling Unit","","","","","","","ENTITY","41582"
"hu2998","Handling Unit","","","","","","","ENTITY","41583"
"hu3001","Handling Unit","","","","","","","ENTITY","41584"
"hu2999","Handling Unit","","","","","","","ENTITY","41585"
"hu3011","Handling Unit","","","","","","","ENTITY","41586"
"hu3000","Handling Unit","","","","","","","ENTITY","41587"
"hu3009","Handling Unit","","","","","","","ENTITY","41588"
"hu3002","Handling Unit","","","","","","","ENTITY","41589"
"hu3008","Handling Unit","","","","","","","ENTITY","41590"
"hu3004","Handling Unit","","","","","","","ENTITY","41591"
"hu3010","Handling Unit","","","","","","","ENTITY","41592"
"hu3005","Handling Unit","","","","","","","ENTITY","41593"
"hu3015","Handling Unit","","","","","","","ENTITY","41594"
"hu3012","Handling Unit","","","","","","","ENTITY","41595"
"hu3007","Handling Unit","","","","","","","ENTITY","41596"
"hu3017","Handling Unit","","","","","","","ENTITY","41597"
"hu3016","Handling Unit","","","","","","","ENTITY","41598"
"hu3003","Handling Unit","","","","","","","ENTITY","41599"
"hu3006","Handling Unit","","","","","","","ENTITY","41600"
"hu3013","Handling Unit","","","","","","","ENTITY","41601"
"hu3014","Handling Unit","","","","","","","ENTITY","41602"
"hu3021","Handling Unit","","","","","","","ENTITY","41603"
"hu3019","Handling Unit","","","","","","","ENTITY","41604"
"hu3018","Handling Unit","","","","","","","ENTITY","41605"
"hu3020","Handling Unit","","","","","","","ENTITY","41606"
"hu3023","Handling Unit","","","","","","","ENTITY","41607"
"hu3022","Handling Unit","","","","","","","ENTITY","41608"
"hu3029","Handling Unit","","","","","","","ENTITY","41609"
"hu3028","Handling Unit","","","","","","","ENTITY","41610"
"hu3027","Handling Unit","","","","","","","ENTITY","41611"
"hu3025","Handling Unit","","","","","","","ENTITY","41612"
"hu3026","Handling Unit","","","","","","","ENTITY","41613"
"hu3024","Handling Unit","","","","","","","ENTITY","41614"
"hu3031","Handling Unit","","","","","","","ENTITY","41615"
"hu3032","Handling Unit","","","","","","","ENTITY","41616"
"hu3046","Handling Unit","","","","","","","ENTITY","41617"
"hu3065","Handling Unit","","","","","","","ENTITY","41618"
"hu3040","Handling Unit","","","","","","","ENTITY","41619"
"hu3034","Handling Unit","","","","","","","ENTITY","41620"
"hu3030","Handling Unit","","","","","","","ENTITY","41621"
"hu3062","Handling Unit","","","","","","","ENTITY","41622"
"hu3039","Handling Unit","","","","","","","ENTITY","41623"
"hu3055","Handling Unit","","","","","","","ENTITY","41624"
"hu3035","Handling Unit","","","","","","","ENTITY","41625"
"hu3051","Handling Unit","","","","","","","ENTITY","41626"
"hu3060","Handling Unit","","","","","","","ENTITY","41627"
"hu3036","Handling Unit","","","","","","","ENTITY","41628"
"hu3053","Handling Unit","","","","","","","ENTITY","41629"
"hu3064","Handling Unit","","","","","","","ENTITY","41630"
"hu3045","Handling Unit","","","","","","","ENTITY","41631"
"hu3056","Handling Unit","","","","","","","ENTITY","41632"
"hu3048","Handling Unit","","","","","","","ENTITY","41633"
"hu3057","Handling Unit","","","","","","","ENTITY","41634"
"hu3038","Handling Unit","","","","","","","ENTITY","41635"
"hu3049","Handling Unit","","","","","","","ENTITY","41636"
"hu3063","Handling Unit","","","","","","","ENTITY","41637"
"hu3058","Handling Unit","","","","","","","ENTITY","41638"
"hu3041","Handling Unit","","","","","","","ENTITY","41639"
"hu3050","Handling Unit","","","","","","","ENTITY","41640"
"hu3043","Handling Unit","","","","","","","ENTITY","41641"
"hu3037","Handling Unit","","","","","","","ENTITY","41642"
"hu3054","Handling Unit","","","","","","","ENTITY","41643"
"hu3033","Handling Unit","","","","","","","ENTITY","41644"
"hu3059","Handling Unit","","","","","","","ENTITY","41645"
"hu3069","Handling Unit","","","","","","","ENTITY","41646"
"hu3044","Handling Unit","","","","","","","ENTITY","41647"
"hu3075","Handling Unit","","","","","","","ENTITY","41648"
"hu3073","Handling Unit","","","","","","","ENTITY","41649"
"hu3042","Handling Unit","","","","","","","ENTITY","41650"
"hu3061","Handling Unit","","","","","","","ENTITY","41651"
"hu3067","Handling Unit","","","","","","","ENTITY","41652"
"hu3070","Handling Unit","","","","","","","ENTITY","41653"
"hu3066","Handling Unit","","","","","","","ENTITY","41654"
"hu3071","Handling Unit","","","","","","","ENTITY","41655"
"hu3072","Handling Unit","","","","","","","ENTITY","41656"
"hu3079","Handling Unit","","","","","","","ENTITY","41657"
"hu3047","Handling Unit","","","","","","","ENTITY","41658"
"hu3078","Handling Unit","","","","","","","ENTITY","41659"
"hu3085","Handling Unit","","","","","","","ENTITY","41660"
"hu3068","Handling Unit","","","","","","","ENTITY","41661"
"hu3074","Handling Unit","","","","","","","ENTITY","41662"
"hu3082","Handling Unit","","","","","","","ENTITY","41663"
"hu3080","Handling Unit","","","","","","","ENTITY","41664"
"hu3083","Handling Unit","","","","","","","ENTITY","41665"
"hu3052","Handling Unit","","","","","","","ENTITY","41666"
"hu3081","Handling Unit","","","","","","","ENTITY","41667"
"hu3077","Handling Unit","","","","","","","ENTITY","41668"
"hu3084","Handling Unit","","","","","","","ENTITY","41669"
"hu3087","Handling Unit","","","","","","","ENTITY","41670"
"hu3076","Handling Unit","","","","","","","ENTITY","41671"
"hu3086","Handling Unit","","","","","","","ENTITY","41672"
"hu3091","Handling Unit","","","","","","","ENTITY","41673"
"hu3093","Handling Unit","","","","","","","ENTITY","41674"
"hu3089","Handling Unit","","","","","","","ENTITY","41675"
"hu3088","Handling Unit","","","","","","","ENTITY","41676"
"hu3092","Handling Unit","","","","","","","ENTITY","41677"
"hu3090","Handling Unit","","","","","","","ENTITY","41678"
"hu3095","Handling Unit","","","","","","","ENTITY","41679"
"hu3098","Handling Unit","","","","","","","ENTITY","41680"
"hu3096","Handling Unit","","","","","","","ENTITY","41681"
"hu3094","Handling Unit","","","","","","","ENTITY","41682"
"hu3099","Handling Unit","","","","","","","ENTITY","41683"
"hu3097","Handling Unit","","","","","","","ENTITY","41684"
"hu3101","Handling Unit","","","","","","","ENTITY","41685"
"hu3100","Handling Unit","","","","","","","ENTITY","41686"
"hu3105","Handling Unit","","","","","","","ENTITY","41687"
"hu3103","Handling Unit","","","","","","","ENTITY","41688"
"hu3127","Handling Unit","","","","","","","ENTITY","41689"
"hu3130","Handling Unit","","","","","","","ENTITY","41690"
"hu3132","Handling Unit","","","","","","","ENTITY","41691"
"hu3114","Handling Unit","","","","","","","ENTITY","41692"
"hu3111","Handling Unit","","","","","","","ENTITY","41693"
"hu3119","Handling Unit","","","","","","","ENTITY","41694"
"hu3122","Handling Unit","","","","","","","ENTITY","41695"
"hu3133","Handling Unit","","","","","","","ENTITY","41696"
"hu3118","Handling Unit","","","","","","","ENTITY","41697"
"hu3124","Handling Unit","","","","","","","ENTITY","41698"
"hu3128","Handling Unit","","","","","","","ENTITY","41699"
"hu3109","Handling Unit","","","","","","","ENTITY","41700"
"hu3106","Handling Unit","","","","","","","ENTITY","41701"
"hu3126","Handling Unit","","","","","","","ENTITY","41702"
"hu3102","Handling Unit","","","","","","","ENTITY","41703"
"hu3117","Handling Unit","","","","","","","ENTITY","41704"
"hu3104","Handling Unit","","","","","","","ENTITY","41705"
"hu3112","Handling Unit","","","","","","","ENTITY","41706"
"hu3108","Handling Unit","","","","","","","ENTITY","41707"
"hu3115","Handling Unit","","","","","","","ENTITY","41708"
"hu3116","Handling Unit","","","","","","","ENTITY","41709"
"hu3110","Handling Unit","","","","","","","ENTITY","41710"
"hu3129","Handling Unit","","","","","","","ENTITY","41711"
"hu3123","Handling Unit","","","","","","","ENTITY","41712"
"hu3125","Handling Unit","","","","","","","ENTITY","41713"
"hu3107","Handling Unit","","","","","","","ENTITY","41714"
"hu3136","Handling Unit","","","","","","","ENTITY","41715"
"hu3113","Handling Unit","","","","","","","ENTITY","41716"
"hu3135","Handling Unit","","","","","","","ENTITY","41717"
"hu3131","Handling Unit","","","","","","","ENTITY","41718"
"hu3138","Handling Unit","","","","","","","ENTITY","41719"
"hu3134","Handling Unit","","","","","","","ENTITY","41720"
"hu3121","Handling Unit","","","","","","","ENTITY","41721"
"hu3120","Handling Unit","","","","","","","ENTITY","41722"
"hu3139","Handling Unit","","","","","","","ENTITY","41723"
"hu3140","Handling Unit","","","","","","","ENTITY","41724"
"hu3142","Handling Unit","","","","","","","ENTITY","41725"
"hu3137","Handling Unit","","","","","","","ENTITY","41726"
"hu3143","Handling Unit","","","","","","","ENTITY","41727"
"hu3141","Handling Unit","","","","","","","ENTITY","41728"
"hu3144","Handling Unit","","","","","","","ENTITY","41729"
"hu3145","Handling Unit","","","","","","","ENTITY","41730"
"hu3149","Handling Unit","","","","","","","ENTITY","41731"
"hu3147","Handling Unit","","","","","","","ENTITY","41732"
"hu3154","Handling Unit","","","","","","","ENTITY","41733"
"hu3156","Handling Unit","","","","","","","ENTITY","41734"
"hu3146","Handling Unit","","","","","","","ENTITY","41735"
"hu3152","Handling Unit","","","","","","","ENTITY","41736"
"hu3153","Handling Unit","","","","","","","ENTITY","41737"
"hu3151","Handling Unit","","","","","","","ENTITY","41738"
"hu3150","Handling Unit","","","","","","","ENTITY","41739"
"hu3148","Handling Unit","","","","","","","ENTITY","41740"
"hu3157","Handling Unit","","","","","","","ENTITY","41741"
"hu3155","Handling Unit","","","","","","","ENTITY","41742"
"hu3158","Handling Unit","","","","","","","ENTITY","41743"
"hu3159","Handling Unit","","","","","","","ENTITY","41744"
"hu3160","Handling Unit","","","","","","","ENTITY","41745"
"hu3163","Handling Unit","","","","","","","ENTITY","41746"
"hu3161","Handling Unit","","","","","","","ENTITY","41747"
"hu3162","Handling Unit","","","","","","","ENTITY","41748"
"hu3168","Handling Unit","","","","","","","ENTITY","41749"
"hu3189","Handling Unit","","","","","","","ENTITY","41750"
"hu3175","Handling Unit","","","","","","","ENTITY","41751"
"hu3185","Handling Unit","","","","","","","ENTITY","41752"
"hu3172","Handling Unit","","","","","","","ENTITY","41753"
"hu3177","Handling Unit","","","","","","","ENTITY","41754"
"hu3197","Handling Unit","","","","","","","ENTITY","41755"
"hu3187","Handling Unit","","","","","","","ENTITY","41756"
"hu3188","Handling Unit","","","","","","","ENTITY","41757"
"hu3171","Handling Unit","","","","","","","ENTITY","41758"
"hu3196","Handling Unit","","","","","","","ENTITY","41759"
"hu3174","Handling Unit","","","","","","","ENTITY","41760"
"hu3191","Handling Unit","","","","","","","ENTITY","41761"
"hu3176","Handling Unit","","","","","","","ENTITY","41762"
"hu3165","Handling Unit","","","","","","","ENTITY","41763"
"hu3194","Handling Unit","","","","","","","ENTITY","41764"
"hu3180","Handling Unit","","","","","","","ENTITY","41765"
"hu3181","Handling Unit","","","","","","","ENTITY","41766"
"hu3195","Handling Unit","","","","","","","ENTITY","41767"
"hu3198","Handling Unit","","","","","","","ENTITY","41768"
"hu3183","Handling Unit","","","","","","","ENTITY","41769"
"hu3199","Handling Unit","","","","","","","ENTITY","41770"
"hu3164","Handling Unit","","","","","","","ENTITY","41771"
"hu3173","Handling Unit","","","","","","","ENTITY","41772"
"hu3170","Handling Unit","","","","","","","ENTITY","41773"
"hu3179","Handling Unit","","","","","","","ENTITY","41774"
"hu3192","Handling Unit","","","","","","","ENTITY","41775"
"hu3201","Handling Unit","","","","","","","ENTITY","41776"
"hu3167","Handling Unit","","","","","","","ENTITY","41777"
"hu3200","Handling Unit","","","","","","","ENTITY","41778"
"hu3203","Handling Unit","","","","","","","ENTITY","41779"
"hu3193","Handling Unit","","","","","","","ENTITY","41780"
"hu3202","Handling Unit","","","","","","","ENTITY","41781"
"hu3178","Handling Unit","","","","","","","ENTITY","41782"
"hu3186","Handling Unit","","","","","","","ENTITY","41783"
"hu3169","Handling Unit","","","","","","","ENTITY","41784"
"hu3184","Handling Unit","","","","","","","ENTITY","41785"
"hu3211","Handling Unit","","","","","","","ENTITY","41786"
"hu3190","Handling Unit","","","","","","","ENTITY","41787"
"hu3209","Handling Unit","","","","","","","ENTITY","41788"
"hu3166","Handling Unit","","","","","","","ENTITY","41789"
"hu3206","Handling Unit","","","","","","","ENTITY","41790"
"hu3205","Handling Unit","","","","","","","ENTITY","41791"
"hu3204","Handling Unit","","","","","","","ENTITY","41792"
"hu3208","Handling Unit","","","","","","","ENTITY","41793"
"hu3215","Handling Unit","","","","","","","ENTITY","41794"
"hu3214","Handling Unit","","","","","","","ENTITY","41795"
"hu3222","Handling Unit","","","","","","","ENTITY","41796"
"hu3219","Handling Unit","","","","","","","ENTITY","41797"
"hu3210","Handling Unit","","","","","","","ENTITY","41798"
"hu3218","Handling Unit","","","","","","","ENTITY","41799"
"hu3226","Handling Unit","","","","","","","ENTITY","41800"
"hu3216","Handling Unit","","","","","","","ENTITY","41801"
"hu3223","Handling Unit","","","","","","","ENTITY","41802"
"hu3224","Handling Unit","","","","","","","ENTITY","41803"
"hu3229","Handling Unit","","","","","","","ENTITY","41804"
"hu3221","Handling Unit","","","","","","","ENTITY","41805"
"hu3217","Handling Unit","","","","","","","ENTITY","41806"
"hu3212","Handling Unit","","","","","","","ENTITY","41807"
"hu3228","Handling Unit","","","","","","","ENTITY","41808"
"hu3231","Handling Unit","","","","","","","ENTITY","41809"
"hu3232","Handling Unit","","","","","","","ENTITY","41810"
"hu3233","Handling Unit","","","","","","","ENTITY","41811"
"hu3230","Handling Unit","","","","","","","ENTITY","41812"
"hu3207","Handling Unit","","","","","","","ENTITY","41813"
"hu3227","Handling Unit","","","","","","","ENTITY","41814"
"hu3213","Handling Unit","","","","","","","ENTITY","41815"
"hu3234","Handling Unit","","","","","","","ENTITY","41816"
"hu3220","Handling Unit","","","","","","","ENTITY","41817"
"hu3182","Handling Unit","","","","","","","ENTITY","41818"
"hu3235","Handling Unit","","","","","","","ENTITY","41819"
"hu3225","Handling Unit","","","","","","","ENTITY","41820"
"hu3241","Handling Unit","","","","","","","ENTITY","41821"
"hu3240","Handling Unit","","","","","","","ENTITY","41822"
"hu3246","Handling Unit","","","","","","","ENTITY","41823"
"hu3253","Handling Unit","","","","","","","ENTITY","41824"
"hu3238","Handling Unit","","","","","","","ENTITY","41825"
"hu3252","Handling Unit","","","","","","","ENTITY","41826"
"hu3258","Handling Unit","","","","","","","ENTITY","41827"
"hu3263","Handling Unit","","","","","","","ENTITY","41828"
"hu3236","Handling Unit","","","","","","","ENTITY","41829"
"hu3245","Handling Unit","","","","","","","ENTITY","41830"
"hu3265","Handling Unit","","","","","","","ENTITY","41831"
"hu3248","Handling Unit","","","","","","","ENTITY","41832"
"hu3256","Handling Unit","","","","","","","ENTITY","41833"
"hu3251","Handling Unit","","","","","","","ENTITY","41834"
"hu3257","Handling Unit","","","","","","","ENTITY","41835"
"hu3250","Handling Unit","","","","","","","ENTITY","41836"
"hu3260","Handling Unit","","","","","","","ENTITY","41837"
"hu3244","Handling Unit","","","","","","","ENTITY","41838"
"hu3255","Handling Unit","","","","","","","ENTITY","41839"
"hu3237","Handling Unit","","","","","","","ENTITY","41840"
"hu3254","Handling Unit","","","","","","","ENTITY","41841"
"hu3261","Handling Unit","","","","","","","ENTITY","41842"
"hu3242","Handling Unit","","","","","","","ENTITY","41843"
"hu3249","Handling Unit","","","","","","","ENTITY","41844"
"hu3259","Handling Unit","","","","","","","ENTITY","41845"
"hu3264","Handling Unit","","","","","","","ENTITY","41846"
"hu3266","Handling Unit","","","","","","","ENTITY","41847"
"hu3247","Handling Unit","","","","","","","ENTITY","41848"
"hu3262","Handling Unit","","","","","","","ENTITY","41849"
"hu3243","Handling Unit","","","","","","","ENTITY","41850"
"hu3239","Handling Unit","","","","","","","ENTITY","41851"
"hu3268","Handling Unit","","","","","","","ENTITY","41852"
"hu3267","Handling Unit","","","","","","","ENTITY","41853"
"hu3270","Handling Unit","","","","","","","ENTITY","41854"
"hu3269","Handling Unit","","","","","","","ENTITY","41855"
"hu3273","Handling Unit","","","","","","","ENTITY","41856"
"hu3271","Handling Unit","","","","","","","ENTITY","41857"
"hu3272","Handling Unit","","","","","","","ENTITY","41858"
"hu3276","Handling Unit","","","","","","","ENTITY","41859"
"hu3281","Handling Unit","","","","","","","ENTITY","41860"
"hu3277","Handling Unit","","","","","","","ENTITY","41861"
"hu3282","Handling Unit","","","","","","","ENTITY","41862"
"hu3278","Handling Unit","","","","","","","ENTITY","41863"
"hu3274","Handling Unit","","","","","","","ENTITY","41864"
"hu3275","Handling Unit","","","","","","","ENTITY","41865"
"hu3279","Handling Unit","","","","","","","ENTITY","41866"
"hu3280","Handling Unit","","","","","","","ENTITY","41867"
"hu3286","Handling Unit","","","","","","","ENTITY","41868"
"hu3287","Handling Unit","","","","","","","ENTITY","41869"
"hu3283","Handling Unit","","","","","","","ENTITY","41870"
"hu3289","Handling Unit","","","","","","","ENTITY","41871"
"hu3284","Handling Unit","","","","","","","ENTITY","41872"
"hu3288","Handling Unit","","","","","","","ENTITY","41873"
"hu3290","Handling Unit","","","","","","","ENTITY","41874"
"hu3294","Handling Unit","","","","","","","ENTITY","41875"
"hu3291","Handling Unit","","","","","","","ENTITY","41876"
"hu3295","Handling Unit","","","","","","","ENTITY","41877"
"hu3293","Handling Unit","","","","","","","ENTITY","41878"
"hu3297","Handling Unit","","","","","","","ENTITY","41879"
"hu3285","Handling Unit","","","","","","","ENTITY","41880"
"hu3296","Handling Unit","","","","","","","ENTITY","41881"
"hu3292","Handling Unit","","","","","","","ENTITY","41882"
"hu3303","Handling Unit","","","","","","","ENTITY","41883"
"hu3299","Handling Unit","","","","","","","ENTITY","41884"
"hu3298","Handling Unit","","","","","","","ENTITY","41885"
"hu3302","Handling Unit","","","","","","","ENTITY","41886"
"hu3300","Handling Unit","","","","","","","ENTITY","41887"
"hu3301","Handling Unit","","","","","","","ENTITY","41888"
"hu3305","Handling Unit","","","","","","","ENTITY","41889"
"hu3313","Handling Unit","","","","","","","ENTITY","41890"
"hu3318","Handling Unit","","","","","","","ENTITY","41891"
"hu3310","Handling Unit","","","","","","","ENTITY","41892"
"hu3304","Handling Unit","","","","","","","ENTITY","41893"
"hu3320","Handling Unit","","","","","","","ENTITY","41894"
"hu3309","Handling Unit","","","","","","","ENTITY","41895"
"hu3319","Handling Unit","","","","","","","ENTITY","41896"
"hu3314","Handling Unit","","","","","","","ENTITY","41897"
"hu3306","Handling Unit","","","","","","","ENTITY","41898"
"hu3316","Handling Unit","","","","","","","ENTITY","41899"
"hu3321","Handling Unit","","","","","","","ENTITY","41900"
"hu3307","Handling Unit","","","","","","","ENTITY","41901"
"hu3322","Handling Unit","","","","","","","ENTITY","41902"
"hu3315","Handling Unit","","","","","","","ENTITY","41903"
"hu3308","Handling Unit","","","","","","","ENTITY","41904"
"hu3312","Handling Unit","","","","","","","ENTITY","41905"
"hu3325","Handling Unit","","","","","","","ENTITY","41906"
"hu3311","Handling Unit","","","","","","","ENTITY","41907"
"hu3317","Handling Unit","","","","","","","ENTITY","41908"
"hu3326","Handling Unit","","","","","","","ENTITY","41909"
"hu3323","Handling Unit","","","","","","","ENTITY","41910"
"hu3327","Handling Unit","","","","","","","ENTITY","41911"
"hu3324","Handling Unit","","","","","","","ENTITY","41912"
"hu3328","Handling Unit","","","","","","","ENTITY","41913"
"hu3333","Handling Unit","","","","","","","ENTITY","41914"
"hu3334","Handling Unit","","","","","","","ENTITY","41915"
"hu3329","Handling Unit","","","","","","","ENTITY","41916"
"hu3345","Handling Unit","","","","","","","ENTITY","41917"
"hu3343","Handling Unit","","","","","","","ENTITY","41918"
"hu3341","Handling Unit","","","","","","","ENTITY","41919"
"hu3332","Handling Unit","","","","","","","ENTITY","41920"
"hu3338","Handling Unit","","","","","","","ENTITY","41921"
"hu3335","Handling Unit","","","","","","","ENTITY","41922"
"hu3342","Handling Unit","","","","","","","ENTITY","41923"
"hu3349","Handling Unit","","","","","","","ENTITY","41924"
"hu3354","Handling Unit","","","","","","","ENTITY","41925"
"hu3350","Handling Unit","","","","","","","ENTITY","41926"
"hu3358","Handling Unit","","","","","","","ENTITY","41927"
"hu3339","Handling Unit","","","","","","","ENTITY","41928"
"hu3355","Handling Unit","","","","","","","ENTITY","41929"
"hu3357","Handling Unit","","","","","","","ENTITY","41930"
"hu3348","Handling Unit","","","","","","","ENTITY","41931"
"hu3359","Handling Unit","","","","","","","ENTITY","41932"
"hu3362","Handling Unit","","","","","","","ENTITY","41933"
"hu3352","Handling Unit","","","","","","","ENTITY","41934"
"hu3336","Handling Unit","","","","","","","ENTITY","41935"
"hu3360","Handling Unit","","","","","","","ENTITY","41936"
"hu3356","Handling Unit","","","","","","","ENTITY","41937"
"hu3351","Handling Unit","","","","","","","ENTITY","41938"
"hu3346","Handling Unit","","","","","","","ENTITY","41939"
"hu3361","Handling Unit","","","","","","","ENTITY","41940"
"hu3344","Handling Unit","","","","","","","ENTITY","41941"
"hu3347","Handling Unit","","","","","","","ENTITY","41942"
"hu3330","Handling Unit","","","","","","","ENTITY","41943"
"hu3340","Handling Unit","","","","","","","ENTITY","41944"
"hu3337","Handling Unit","","","","","","","ENTITY","41945"
"hu3331","Handling Unit","","","","","","","ENTITY","41946"
"hu3353","Handling Unit","","","","","","","ENTITY","41947"
"hu3366","Handling Unit","","","","","","","ENTITY","41948"
"hu3369","Handling Unit","","","","","","","ENTITY","41949"
"hu3363","Handling Unit","","","","","","","ENTITY","41950"
"hu3373","Handling Unit","","","","","","","ENTITY","41951"
"hu3377","Handling Unit","","","","","","","ENTITY","41952"
"hu3378","Handling Unit","","","","","","","ENTITY","41953"
"hu3372","Handling Unit","","","","","","","ENTITY","41954"
"hu3365","Handling Unit","","","","","","","ENTITY","41955"
"hu3374","Handling Unit","","","","","","","ENTITY","41956"
"hu3370","Handling Unit","","","","","","","ENTITY","41957"
"hu3367","Handling Unit","","","","","","","ENTITY","41958"
"hu3371","Handling Unit","","","","","","","ENTITY","41959"
"hu3376","Handling Unit","","","","","","","ENTITY","41960"
"hu3364","Handling Unit","","","","","","","ENTITY","41961"
"hu3368","Handling Unit","","","","","","","ENTITY","41962"
"hu3375","Handling Unit","","","","","","","ENTITY","41963"
"hu3379","Handling Unit","","","","","","","ENTITY","41964"
"hu3380","Handling Unit","","","","","","","ENTITY","41965"
"hu3384","Handling Unit","","","","","","","ENTITY","41966"
"hu3386","Handling Unit","","","","","","","ENTITY","41967"
"hu3381","Handling Unit","","","","","","","ENTITY","41968"
"hu3382","Handling Unit","","","","","","","ENTITY","41969"
"hu3391","Handling Unit","","","","","","","ENTITY","41970"
"hu3390","Handling Unit","","","","","","","ENTITY","41971"
"hu3383","Handling Unit","","","","","","","ENTITY","41972"
"hu3392","Handling Unit","","","","","","","ENTITY","41973"
"hu3385","Handling Unit","","","","","","","ENTITY","41974"
"hu3388","Handling Unit","","","","","","","ENTITY","41975"
"hu3389","Handling Unit","","","","","","","ENTITY","41976"
"hu3387","Handling Unit","","","","","","","ENTITY","41977"
"hu3394","Handling Unit","","","","","","","ENTITY","41978"
"hu3402","Handling Unit","","","","","","","ENTITY","41979"
"hu3397","Handling Unit","","","","","","","ENTITY","41980"
"hu3399","Handling Unit","","","","","","","ENTITY","41981"
"hu3405","Handling Unit","","","","","","","ENTITY","41982"
"hu3406","Handling Unit","","","","","","","ENTITY","41983"
"hu3403","Handling Unit","","","","","","","ENTITY","41984"
"hu3408","Handling Unit","","","","","","","ENTITY","41985"
"hu3407","Handling Unit","","","","","","","ENTITY","41986"
"hu3404","Handling Unit","","","","","","","ENTITY","41987"
"hu3410","Handling Unit","","","","","","","ENTITY","41988"
"hu3415","Handling Unit","","","","","","","ENTITY","41989"
"hu3417","Handling Unit","","","","","","","ENTITY","41990"
"hu3400","Handling Unit","","","","","","","ENTITY","41991"
"hu3393","Handling Unit","","","","","","","ENTITY","41992"
"hu3413","Handling Unit","","","","","","","ENTITY","41993"
"hu3398","Handling Unit","","","","","","","ENTITY","41994"
"hu3396","Handling Unit","","","","","","","ENTITY","41995"
"hu3411","Handling Unit","","","","","","","ENTITY","41996"
"hu3422","Handling Unit","","","","","","","ENTITY","41997"
"hu3414","Handling Unit","","","","","","","ENTITY","41998"
"hu3401","Handling Unit","","","","","","","ENTITY","41999"
"hu3395","Handling Unit","","","","","","","ENTITY","42000"
"hu3430","Handling Unit","","","","","","","ENTITY","42001"
"hu3423","Handling Unit","","","","","","","ENTITY","42002"
"hu3418","Handling Unit","","","","","","","ENTITY","42003"
"hu3409","Handling Unit","","","","","","","ENTITY","42004"
"hu3428","Handling Unit","","","","","","","ENTITY","42005"
"hu3432","Handling Unit","","","","","","","ENTITY","42006"
"hu3431","Handling Unit","","","","","","","ENTITY","42007"
"hu3416","Handling Unit","","","","","","","ENTITY","42008"
"hu3425","Handling Unit","","","","","","","ENTITY","42009"
"hu3435","Handling Unit","","","","","","","ENTITY","42010"
"hu3429","Handling Unit","","","","","","","ENTITY","42011"
"hu3434","Handling Unit","","","","","","","ENTITY","42012"
"hu3426","Handling Unit","","","","","","","ENTITY","42013"
"hu3436","Handling Unit","","","","","","","ENTITY","42014"
"hu3427","Handling Unit","","","","","","","ENTITY","42015"
"hu3420","Handling Unit","","","","","","","ENTITY","42016"
"hu3433","Handling Unit","","","","","","","ENTITY","42017"
"hu3419","Handling Unit","","","","","","","ENTITY","42018"
"hu3438","Handling Unit","","","","","","","ENTITY","42019"
"hu3437","Handling Unit","","","","","","","ENTITY","42020"
"hu3439","Handling Unit","","","","","","","ENTITY","42021"
"hu3445","Handling Unit","","","","","","","ENTITY","42022"
"hu3447","Handling Unit","","","","","","","ENTITY","42023"
"hu3412","Handling Unit","","","","","","","ENTITY","42024"
"hu3441","Handling Unit","","","","","","","ENTITY","42025"
"hu3444","Handling Unit","","","","","","","ENTITY","42026"
"hu3448","Handling Unit","","","","","","","ENTITY","42027"
"hu3421","Handling Unit","","","","","","","ENTITY","42028"
"hu3455","Handling Unit","","","","","","","ENTITY","42029"
"hu3457","Handling Unit","","","","","","","ENTITY","42030"
"hu3449","Handling Unit","","","","","","","ENTITY","42031"
"hu3450","Handling Unit","","","","","","","ENTITY","42032"
"hu3446","Handling Unit","","","","","","","ENTITY","42033"
"hu3442","Handling Unit","","","","","","","ENTITY","42034"
"hu3452","Handling Unit","","","","","","","ENTITY","42035"
"hu3456","Handling Unit","","","","","","","ENTITY","42036"
"hu3440","Handling Unit","","","","","","","ENTITY","42037"
"hu3458","Handling Unit","","","","","","","ENTITY","42038"
"hu3460","Handling Unit","","","","","","","ENTITY","42039"
"hu3453","Handling Unit","","","","","","","ENTITY","42040"
"hu3465","Handling Unit","","","","","","","ENTITY","42041"
"hu3454","Handling Unit","","","","","","","ENTITY","42042"
"hu3451","Handling Unit","","","","","","","ENTITY","42043"
"hu3459","Handling Unit","","","","","","","ENTITY","42044"
"hu3463","Handling Unit","","","","","","","ENTITY","42045"
"hu3462","Handling Unit","","","","","","","ENTITY","42046"
"hu3467","Handling Unit","","","","","","","ENTITY","42047"
"hu3466","Handling Unit","","","","","","","ENTITY","42048"
"hu3469","Handling Unit","","","","","","","ENTITY","42049"
"hu3461","Handling Unit","","","","","","","ENTITY","42050"
"hu3424","Handling Unit","","","","","","","ENTITY","42051"
"hu3464","Handling Unit","","","","","","","ENTITY","42052"
"hu3468","Handling Unit","","","","","","","ENTITY","42053"
"hu3443","Handling Unit","","","","","","","ENTITY","42054"
"hu3472","Handling Unit","","","","","","","ENTITY","42055"
"hu3473","Handling Unit","","","","","","","ENTITY","42056"
"hu3470","Handling Unit","","","","","","","ENTITY","42057"
"hu3471","Handling Unit","","","","","","","ENTITY","42058"
"hu3474","Handling Unit","","","","","","","ENTITY","42059"
"hu3475","Handling Unit","","","","","","","ENTITY","42060"
"hu3477","Handling Unit","","","","","","","ENTITY","42061"
"hu3480","Handling Unit","","","","","","","ENTITY","42062"
"hu3479","Handling Unit","","","","","","","ENTITY","42063"
"hu3483","Handling Unit","","","","","","","ENTITY","42064"
"hu3485","Handling Unit","","","","","","","ENTITY","42065"
"hu3486","Handling Unit","","","","","","","ENTITY","42066"
"hu3487","Handling Unit","","","","","","","ENTITY","42067"
"hu3484","Handling Unit","","","","","","","ENTITY","42068"
"hu3482","Handling Unit","","","","","","","ENTITY","42069"
"hu3478","Handling Unit","","","","","","","ENTITY","42070"
"hu3476","Handling Unit","","","","","","","ENTITY","42071"
"hu3481","Handling Unit","","","","","","","ENTITY","42072"
"hu3490","Handling Unit","","","","","","","ENTITY","42073"
"hu3493","Handling Unit","","","","","","","ENTITY","42074"
"hu3489","Handling Unit","","","","","","","ENTITY","42075"
"hu3492","Handling Unit","","","","","","","ENTITY","42076"
"hu3488","Handling Unit","","","","","","","ENTITY","42077"
"hu3491","Handling Unit","","","","","","","ENTITY","42078"
"hu3498","Handling Unit","","","","","","","ENTITY","42079"
"hu3497","Handling Unit","","","","","","","ENTITY","42080"
"hu3496","Handling Unit","","","","","","","ENTITY","42081"
"hu3495","Handling Unit","","","","","","","ENTITY","42082"
"hu3494","Handling Unit","","","","","","","ENTITY","42083"
"hu3499","Handling Unit","","","","","","","ENTITY","42084"
"hu3504","Handling Unit","","","","","","","ENTITY","42085"
"hu3500","Handling Unit","","","","","","","ENTITY","42086"
"hu3501","Handling Unit","","","","","","","ENTITY","42087"
"hu3503","Handling Unit","","","","","","","ENTITY","42088"
"hu3505","Handling Unit","","","","","","","ENTITY","42089"
"hu3502","Handling Unit","","","","","","","ENTITY","42090"
"hu3509","Handling Unit","","","","","","","ENTITY","42091"
"hu3515","Handling Unit","","","","","","","ENTITY","42092"
"hu3507","Handling Unit","","","","","","","ENTITY","42093"
"hu3512","Handling Unit","","","","","","","ENTITY","42094"
"hu3511","Handling Unit","","","","","","","ENTITY","42095"
"hu3510","Handling Unit","","","","","","","ENTITY","42096"
"hu3514","Handling Unit","","","","","","","ENTITY","42097"
"hu3508","Handling Unit","","","","","","","ENTITY","42098"
"hu3513","Handling Unit","","","","","","","ENTITY","42099"
"hu3506","Handling Unit","","","","","","","ENTITY","42100"
"hu3518","Handling Unit","","","","","","","ENTITY","42101"
"hu3527","Handling Unit","","","","","","","ENTITY","42102"
"hu3531","Handling Unit","","","","","","","ENTITY","42103"
"hu3517","Handling Unit","","","","","","","ENTITY","42104"
"hu3534","Handling Unit","","","","","","","ENTITY","42105"
"hu3539","Handling Unit","","","","","","","ENTITY","42106"
"hu3537","Handling Unit","","","","","","","ENTITY","42107"
"hu3521","Handling Unit","","","","","","","ENTITY","42108"
"hu3526","Handling Unit","","","","","","","ENTITY","42109"
"hu3523","Handling Unit","","","","","","","ENTITY","42110"
"hu3538","Handling Unit","","","","","","","ENTITY","42111"
"hu3525","Handling Unit","","","","","","","ENTITY","42112"
"hu3528","Handling Unit","","","","","","","ENTITY","42113"
"hu3522","Handling Unit","","","","","","","ENTITY","42114"
"hu3530","Handling Unit","","","","","","","ENTITY","42115"
"hu3536","Handling Unit","","","","","","","ENTITY","42116"
"hu3544","Handling Unit","","","","","","","ENTITY","42117"
"hu3520","Handling Unit","","","","","","","ENTITY","42118"
"hu3532","Handling Unit","","","","","","","ENTITY","42119"
"hu3545","Handling Unit","","","","","","","ENTITY","42120"
"hu3547","Handling Unit","","","","","","","ENTITY","42121"
"hu3541","Handling Unit","","","","","","","ENTITY","42122"
"hu3535","Handling Unit","","","","","","","ENTITY","42123"
"hu3540","Handling Unit","","","","","","","ENTITY","42124"
"hu3542","Handling Unit","","","","","","","ENTITY","42125"
"hu3543","Handling Unit","","","","","","","ENTITY","42126"
"hu3524","Handling Unit","","","","","","","ENTITY","42127"
"hu3519","Handling Unit","","","","","","","ENTITY","42128"
"hu3546","Handling Unit","","","","","","","ENTITY","42129"
"hu3533","Handling Unit","","","","","","","ENTITY","42130"
"hu3516","Handling Unit","","","","","","","ENTITY","42131"
"hu3529","Handling Unit","","","","","","","ENTITY","42132"
"hu3552","Handling Unit","","","","","","","ENTITY","42133"
"hu3553","Handling Unit","","","","","","","ENTITY","42134"
"hu3549","Handling Unit","","","","","","","ENTITY","42135"
"hu3550","Handling Unit","","","","","","","ENTITY","42136"
"hu3548","Handling Unit","","","","","","","ENTITY","42137"
"hu3551","Handling Unit","","","","","","","ENTITY","42138"
"hu3555","Handling Unit","","","","","","","ENTITY","42139"
"hu3579","Handling Unit","","","","","","","ENTITY","42140"
"hu3573","Handling Unit","","","","","","","ENTITY","42141"
"hu3578","Handling Unit","","","","","","","ENTITY","42142"
"hu3580","Handling Unit","","","","","","","ENTITY","42143"
"hu3554","Handling Unit","","","","","","","ENTITY","42144"
"hu3581","Handling Unit","","","","","","","ENTITY","42145"
"hu3571","Handling Unit","","","","","","","ENTITY","42146"
"hu3566","Handling Unit","","","","","","","ENTITY","42147"
"hu3575","Handling Unit","","","","","","","ENTITY","42148"
"hu3586","Handling Unit","","","","","","","ENTITY","42149"
"hu3570","Handling Unit","","","","","","","ENTITY","42150"
"hu3561","Handling Unit","","","","","","","ENTITY","42151"
"hu3572","Handling Unit","","","","","","","ENTITY","42152"
"hu3558","Handling Unit","","","","","","","ENTITY","42153"
"hu3564","Handling Unit","","","","","","","ENTITY","42154"
"hu3567","Handling Unit","","","","","","","ENTITY","42155"
"hu3576","Handling Unit","","","","","","","ENTITY","42156"
"hu3568","Handling Unit","","","","","","","ENTITY","42157"
"hu3556","Handling Unit","","","","","","","ENTITY","42158"
"hu3574","Handling Unit","","","","","","","ENTITY","42159"
"hu3560","Handling Unit","","","","","","","ENTITY","42160"
"hu3583","Handling Unit","","","","","","","ENTITY","42161"
"hu3562","Handling Unit","","","","","","","ENTITY","42162"
"hu3569","Handling Unit","","","","","","","ENTITY","42163"
"hu3565","Handling Unit","","","","","","","ENTITY","42164"
"hu3563","Handling Unit","","","","","","","ENTITY","42165"
"hu3585","Handling Unit","","","","","","","ENTITY","42166"
"hu3582","Handling Unit","","","","","","","ENTITY","42167"
"hu3559","Handling Unit","","","","","","","ENTITY","42168"
"hu3577","Handling Unit","","","","","","","ENTITY","42169"
"hu3557","Handling Unit","","","","","","","ENTITY","42170"
"hu3584","Handling Unit","","","","","","","ENTITY","42171"
"hu3587","Handling Unit","","","","","","","ENTITY","42172"
"hu3593","Handling Unit","","","","","","","ENTITY","42173"
"hu3588","Handling Unit","","","","","","","ENTITY","42174"
"hu3590","Handling Unit","","","","","","","ENTITY","42175"
"hu3599","Handling Unit","","","","","","","ENTITY","42176"
"hu3595","Handling Unit","","","","","","","ENTITY","42177"
"hu3598","Handling Unit","","","","","","","ENTITY","42178"
"hu3591","Handling Unit","","","","","","","ENTITY","42179"
"hu3602","Handling Unit","","","","","","","ENTITY","42180"
"hu3589","Handling Unit","","","","","","","ENTITY","42181"
"hu3605","Handling Unit","","","","","","","ENTITY","42182"
"hu3603","Handling Unit","","","","","","","ENTITY","42183"
"hu3615","Handling Unit","","","","","","","ENTITY","42184"
"hu3616","Handling Unit","","","","","","","ENTITY","42185"
"hu3607","Handling Unit","","","","","","","ENTITY","42186"
"hu3610","Handling Unit","","","","","","","ENTITY","42187"
"hu3611","Handling Unit","","","","","","","ENTITY","42188"
"hu3606","Handling Unit","","","","","","","ENTITY","42189"
"hu3619","Handling Unit","","","","","","","ENTITY","42190"
"hu3621","Handling Unit","","","","","","","ENTITY","42191"
"hu3597","Handling Unit","","","","","","","ENTITY","42192"
"hu3596","Handling Unit","","","","","","","ENTITY","42193"
"hu3604","Handling Unit","","","","","","","ENTITY","42194"
"hu3622","Handling Unit","","","","","","","ENTITY","42195"
"hu3613","Handling Unit","","","","","","","ENTITY","42196"
"hu3601","Handling Unit","","","","","","","ENTITY","42197"
"hu3609","Handling Unit","","","","","","","ENTITY","42198"
"hu3617","Handling Unit","","","","","","","ENTITY","42199"
"hu3608","Handling Unit","","","","","","","ENTITY","42200"
"hu3612","Handling Unit","","","","","","","ENTITY","42201"
"hu3618","Handling Unit","","","","","","","ENTITY","42202"
"hu3620","Handling Unit","","","","","","","ENTITY","42203"
"hu3592","Handling Unit","","","","","","","ENTITY","42204"
"hu3594","Handling Unit","","","","","","","ENTITY","42205"
"hu3600","Handling Unit","","","","","","","ENTITY","42206"
"hu3614","Handling Unit","","","","","","","ENTITY","42207"
"hu3632","Handling Unit","","","","","","","ENTITY","42208"
"hu3631","Handling Unit","","","","","","","ENTITY","42209"
"hu3627","Handling Unit","","","","","","","ENTITY","42210"
"hu3638","Handling Unit","","","","","","","ENTITY","42211"
"hu3625","Handling Unit","","","","","","","ENTITY","42212"
"hu3645","Handling Unit","","","","","","","ENTITY","42213"
"hu3628","Handling Unit","","","","","","","ENTITY","42214"
"hu3636","Handling Unit","","","","","","","ENTITY","42215"
"hu3630","Handling Unit","","","","","","","ENTITY","42216"
"hu3639","Handling Unit","","","","","","","ENTITY","42217"
"hu3641","Handling Unit","","","","","","","ENTITY","42218"
"hu3626","Handling Unit","","","","","","","ENTITY","42219"
"hu3643","Handling Unit","","","","","","","ENTITY","42220"
"hu3640","Handling Unit","","","","","","","ENTITY","42221"
"hu3642","Handling Unit","","","","","","","ENTITY","42222"
"hu3635","Handling Unit","","","","","","","ENTITY","42223"
"hu3634","Handling Unit","","","","","","","ENTITY","42224"
"hu3624","Handling Unit","","","","","","","ENTITY","42225"
"hu3637","Handling Unit","","","","","","","ENTITY","42226"
"hu3633","Handling Unit","","","","","","","ENTITY","42227"
"hu3623","Handling Unit","","","","","","","ENTITY","42228"
"hu3644","Handling Unit","","","","","","","ENTITY","42229"
"hu3629","Handling Unit","","","","","","","ENTITY","42230"
"hu3646","Handling Unit","","","","","","","ENTITY","42231"
"hu3649","Handling Unit","","","","","","","ENTITY","42232"
"hu3647","Handling Unit","","","","","","","ENTITY","42233"
"hu3648","Handling Unit","","","","","","","ENTITY","42234"
"hu3655","Handling Unit","","","","","","","ENTITY","42235"
"hu3654","Handling Unit","","","","","","","ENTITY","42236"
"hu3653","Handling Unit","","","","","","","ENTITY","42237"
"hu3650","Handling Unit","","","","","","","ENTITY","42238"
"hu3652","Handling Unit","","","","","","","ENTITY","42239"
"hu3651","Handling Unit","","","","","","","ENTITY","42240"
"hu3656","Handling Unit","","","","","","","ENTITY","42241"
"hu3670","Handling Unit","","","","","","","ENTITY","42242"
"hu3671","Handling Unit","","","","","","","ENTITY","42243"
"hu3659","Handling Unit","","","","","","","ENTITY","42244"
"hu3680","Handling Unit","","","","","","","ENTITY","42245"
"hu3660","Handling Unit","","","","","","","ENTITY","42246"
"hu3675","Handling Unit","","","","","","","ENTITY","42247"
"hu3678","Handling Unit","","","","","","","ENTITY","42248"
"hu3686","Handling Unit","","","","","","","ENTITY","42249"
"hu3657","Handling Unit","","","","","","","ENTITY","42250"
"hu3669","Handling Unit","","","","","","","ENTITY","42251"
"hu3685","Handling Unit","","","","","","","ENTITY","42252"
"hu3677","Handling Unit","","","","","","","ENTITY","42253"
"hu3673","Handling Unit","","","","","","","ENTITY","42254"
"hu3683","Handling Unit","","","","","","","ENTITY","42255"
"hu3667","Handling Unit","","","","","","","ENTITY","42256"
"hu3691","Handling Unit","","","","","","","ENTITY","42257"
"hu3658","Handling Unit","","","","","","","ENTITY","42258"
"hu3684","Handling Unit","","","","","","","ENTITY","42259"
"hu3664","Handling Unit","","","","","","","ENTITY","42260"
"hu3687","Handling Unit","","","","","","","ENTITY","42261"
"hu3690","Handling Unit","","","","","","","ENTITY","42262"
"hu3672","Handling Unit","","","","","","","ENTITY","42263"
"hu3661","Handling Unit","","","","","","","ENTITY","42264"
"hu3679","Handling Unit","","","","","","","ENTITY","42265"
"hu3688","Handling Unit","","","","","","","ENTITY","42266"
"hu3666","Handling Unit","","","","","","","ENTITY","42267"
"hu3668","Handling Unit","","","","","","","ENTITY","42268"
"hu3689","Handling Unit","","","","","","","ENTITY","42269"
"hu3676","Handling Unit","","","","","","","ENTITY","42270"
"hu3665","Handling Unit","","","","","","","ENTITY","42271"
"hu3681","Handling Unit","","","","","","","ENTITY","42272"
"hu3674","Handling Unit","","","","","","","ENTITY","42273"
"hu3663","Handling Unit","","","","","","","ENTITY","42274"
"hu3694","Handling Unit","","","","","","","ENTITY","42275"
"hu3682","Handling Unit","","","","","","","ENTITY","42276"
"hu3662","Handling Unit","","","","","","","ENTITY","42277"
"hu3693","Handling Unit","","","","","","","ENTITY","42278"
"hu3692","Handling Unit","","","","","","","ENTITY","42279"
"hu3699","Handling Unit","","","","","","","ENTITY","42280"
"hu3697","Handling Unit","","","","","","","ENTITY","42281"
"hu3696","Handling Unit","","","","","","","ENTITY","42282"
"hu3700","Handling Unit","","","","","","","ENTITY","42283"
"hu3698","Handling Unit","","","","","","","ENTITY","42284"
"hu3695","Handling Unit","","","","","","","ENTITY","42285"
"hu3703","Handling Unit","","","","","","","ENTITY","42286"
"hu3704","Handling Unit","","","","","","","ENTITY","42287"
"hu3705","Handling Unit","","","","","","","ENTITY","42288"
"hu3706","Handling Unit","","","","","","","ENTITY","42289"
"hu3702","Handling Unit","","","","","","","ENTITY","42290"
"hu3709","Handling Unit","","","","","","","ENTITY","42291"
"hu3701","Handling Unit","","","","","","","ENTITY","42292"
"hu3711","Handling Unit","","","","","","","ENTITY","42293"
"hu3712","Handling Unit","","","","","","","ENTITY","42294"
"hu3707","Handling Unit","","","","","","","ENTITY","42295"
"hu3718","Handling Unit","","","","","","","ENTITY","42296"
"hu3715","Handling Unit","","","","","","","ENTITY","42297"
"hu3716","Handling Unit","","","","","","","ENTITY","42298"
"hu3714","Handling Unit","","","","","","","ENTITY","42299"
"hu3710","Handling Unit","","","","","","","ENTITY","42300"
"hu3717","Handling Unit","","","","","","","ENTITY","42301"
"hu3708","Handling Unit","","","","","","","ENTITY","42302"
"hu3713","Handling Unit","","","","","","","ENTITY","42303"
"hu3723","Handling Unit","","","","","","","ENTITY","42304"
"hu3719","Handling Unit","","","","","","","ENTITY","42305"
"hu3722","Handling Unit","","","","","","","ENTITY","42306"
"hu3720","Handling Unit","","","","","","","ENTITY","42307"
"hu3721","Handling Unit","","","","","","","ENTITY","42308"
"hu3728","Handling Unit","","","","","","","ENTITY","42309"
"hu3757","Handling Unit","","","","","","","ENTITY","42310"
"hu3735","Handling Unit","","","","","","","ENTITY","42311"
"hu3731","Handling Unit","","","","","","","ENTITY","42312"
"hu3732","Handling Unit","","","","","","","ENTITY","42313"
"hu3743","Handling Unit","","","","","","","ENTITY","42314"
"hu3747","Handling Unit","","","","","","","ENTITY","42315"
"hu3736","Handling Unit","","","","","","","ENTITY","42316"
"hu3742","Handling Unit","","","","","","","ENTITY","42317"
"hu3751","Handling Unit","","","","","","","ENTITY","42318"
"hu3725","Handling Unit","","","","","","","ENTITY","42319"
"hu3734","Handling Unit","","","","","","","ENTITY","42320"
"hu3756","Handling Unit","","","","","","","ENTITY","42321"
"hu3724","Handling Unit","","","","","","","ENTITY","42322"
"hu3750","Handling Unit","","","","","","","ENTITY","42323"
"hu3748","Handling Unit","","","","","","","ENTITY","42324"
"hu3738","Handling Unit","","","","","","","ENTITY","42325"
"hu3753","Handling Unit","","","","","","","ENTITY","42326"
"hu3726","Handling Unit","","","","","","","ENTITY","42327"
"hu3745","Handling Unit","","","","","","","ENTITY","42328"
"hu3740","Handling Unit","","","","","","","ENTITY","42329"
"hu3727","Handling Unit","","","","","","","ENTITY","42330"
"hu3730","Handling Unit","","","","","","","ENTITY","42331"
"hu3754","Handling Unit","","","","","","","ENTITY","42332"
"hu3741","Handling Unit","","","","","","","ENTITY","42333"
"hu3729","Handling Unit","","","","","","","ENTITY","42334"
"hu3739","Handling Unit","","","","","","","ENTITY","42335"
"hu3733","Handling Unit","","","","","","","ENTITY","42336"
"hu3755","Handling Unit","","","","","","","ENTITY","42337"
"hu3759","Handling Unit","","","","","","","ENTITY","42338"
"hu3758","Handling Unit","","","","","","","ENTITY","42339"
"hu3752","Handling Unit","","","","","","","ENTITY","42340"
"hu3744","Handling Unit","","","","","","","ENTITY","42341"
"hu3749","Handling Unit","","","","","","","ENTITY","42342"
"hu3737","Handling Unit","","","","","","","ENTITY","42343"
"hu3760","Handling Unit","","","","","","","ENTITY","42344"
"hu3763","Handling Unit","","","","","","","ENTITY","42345"
"hu3767","Handling Unit","","","","","","","ENTITY","42346"
"hu3769","Handling Unit","","","","","","","ENTITY","42347"
"hu3773","Handling Unit","","","","","","","ENTITY","42348"
"hu3771","Handling Unit","","","","","","","ENTITY","42349"
"hu3770","Handling Unit","","","","","","","ENTITY","42350"
"hu3762","Handling Unit","","","","","","","ENTITY","42351"
"hu3768","Handling Unit","","","","","","","ENTITY","42352"
"hu3766","Handling Unit","","","","","","","ENTITY","42353"
"hu3775","Handling Unit","","","","","","","ENTITY","42354"
"hu3765","Handling Unit","","","","","","","ENTITY","42355"
"hu3781","Handling Unit","","","","","","","ENTITY","42356"
"hu3764","Handling Unit","","","","","","","ENTITY","42357"
"hu3776","Handling Unit","","","","","","","ENTITY","42358"
"hu3785","Handling Unit","","","","","","","ENTITY","42359"
"hu3783","Handling Unit","","","","","","","ENTITY","42360"
"hu3784","Handling Unit","","","","","","","ENTITY","42361"
"hu3761","Handling Unit","","","","","","","ENTITY","42362"
"hu3774","Handling Unit","","","","","","","ENTITY","42363"
"hu3780","Handling Unit","","","","","","","ENTITY","42364"
"hu3782","Handling Unit","","","","","","","ENTITY","42365"
"hu3778","Handling Unit","","","","","","","ENTITY","42366"
"hu3779","Handling Unit","","","","","","","ENTITY","42367"
"hu3789","Handling Unit","","","","","","","ENTITY","42368"
"hu3790","Handling Unit","","","","","","","ENTITY","42369"
"hu3777","Handling Unit","","","","","","","ENTITY","42370"
"hu3786","Handling Unit","","","","","","","ENTITY","42371"
"hu3788","Handling Unit","","","","","","","ENTITY","42372"
"hu3793","Handling Unit","","","","","","","ENTITY","42373"
"hu3772","Handling Unit","","","","","","","ENTITY","42374"
"hu3787","Handling Unit","","","","","","","ENTITY","42375"
"hu3791","Handling Unit","","","","","","","ENTITY","42376"
"hu3792","Handling Unit","","","","","","","ENTITY","42377"
"hu3746","Handling Unit","","","","","","","ENTITY","42378"
"hu3795","Handling Unit","","","","","","","ENTITY","42379"
"hu3794","Handling Unit","","","","","","","ENTITY","42380"
"hu3796","Handling Unit","","","","","","","ENTITY","42381"
"hu3797","Handling Unit","","","","","","","ENTITY","42382"
"hu3800","Handling Unit","","","","","","","ENTITY","42383"
"hu3803","Handling Unit","","","","","","","ENTITY","42384"
"hu3798","Handling Unit","","","","","","","ENTITY","42385"
"hu3801","Handling Unit","","","","","","","ENTITY","42386"
"hu3802","Handling Unit","","","","","","","ENTITY","42387"
"hu3799","Handling Unit","","","","","","","ENTITY","42388"
"hu3812","Handling Unit","","","","","","","ENTITY","42389"
"hu3817","Handling Unit","","","","","","","ENTITY","42390"
"hu3814","Handling Unit","","","","","","","ENTITY","42391"
"hu3804","Handling Unit","","","","","","","ENTITY","42392"
"hu3823","Handling Unit","","","","","","","ENTITY","42393"
"hu3810","Handling Unit","","","","","","","ENTITY","42394"
"hu3820","Handling Unit","","","","","","","ENTITY","42395"
"hu3818","Handling Unit","","","","","","","ENTITY","42396"
"hu3806","Handling Unit","","","","","","","ENTITY","42397"
"hu3809","Handling Unit","","","","","","","ENTITY","42398"
"hu3824","Handling Unit","","","","","","","ENTITY","42399"
"hu3816","Handling Unit","","","","","","","ENTITY","42400"
"hu3815","Handling Unit","","","","","","","ENTITY","42401"
"hu3819","Handling Unit","","","","","","","ENTITY","42402"
"hu3807","Handling Unit","","","","","","","ENTITY","42403"
"hu3805","Handling Unit","","","","","","","ENTITY","42404"
"hu3822","Handling Unit","","","","","","","ENTITY","42405"
"hu3808","Handling Unit","","","","","","","ENTITY","42406"
"hu3821","Handling Unit","","","","","","","ENTITY","42407"
"hu3813","Handling Unit","","","","","","","ENTITY","42408"
"hu3825","Handling Unit","","","","","","","ENTITY","42409"
"hu3828","Handling Unit","","","","","","","ENTITY","42410"
"hu3836","Handling Unit","","","","","","","ENTITY","42411"
"hu3839","Handling Unit","","","","","","","ENTITY","42412"
"hu3827","Handling Unit","","","","","","","ENTITY","42413"
"hu3841","Handling Unit","","","","","","","ENTITY","42414"
"hu3831","Handling Unit","","","","","","","ENTITY","42415"
"hu3830","Handling Unit","","","","","","","ENTITY","42416"
"hu3838","Handling Unit","","","","","","","ENTITY","42417"
"hu3834","Handling Unit","","","","","","","ENTITY","42418"
"hu3832","Handling Unit","","","","","","","ENTITY","42419"
"hu3842","Handling Unit","","","","","","","ENTITY","42420"
"hu3835","Handling Unit","","","","","","","ENTITY","42421"
"hu3826","Handling Unit","","","","","","","ENTITY","42422"
"hu3829","Handling Unit","","","","","","","ENTITY","42423"
"hu3811","Handling Unit","","","","","","","ENTITY","42424"
"hu3837","Handling Unit","","","","","","","ENTITY","42425"
"hu3833","Handling Unit","","","","","","","ENTITY","42426"
"hu3840","Handling Unit","","","","","","","ENTITY","42427"
"hu3846","Handling Unit","","","","","","","ENTITY","42428"
"hu3850","Handling Unit","","","","","","","ENTITY","42429"
"hu3853","Handling Unit","","","","","","","ENTITY","42430"
"hu3851","Handling Unit","","","","","","","ENTITY","42431"
"hu3847","Handling Unit","","","","","","","ENTITY","42432"
"hu3854","Handling Unit","","","","","","","ENTITY","42433"
"hu3848","Handling Unit","","","","","","","ENTITY","42434"
"hu3844","Handling Unit","","","","","","","ENTITY","42435"
"hu3843","Handling Unit","","","","","","","ENTITY","42436"
"hu3849","Handling Unit","","","","","","","ENTITY","42437"
"hu3852","Handling Unit","","","","","","","ENTITY","42438"
"hu3845","Handling Unit","","","","","","","ENTITY","42439"
"hu3857","Handling Unit","","","","","","","ENTITY","42440"
"hu3859","Handling Unit","","","","","","","ENTITY","42441"
"hu3855","Handling Unit","","","","","","","ENTITY","42442"
"hu3862","Handling Unit","","","","","","","ENTITY","42443"
"hu3863","Handling Unit","","","","","","","ENTITY","42444"
"hu3858","Handling Unit","","","","","","","ENTITY","42445"
"hu3861","Handling Unit","","","","","","","ENTITY","42446"
"hu3866","Handling Unit","","","","","","","ENTITY","42447"
"hu3865","Handling Unit","","","","","","","ENTITY","42448"
"hu3856","Handling Unit","","","","","","","ENTITY","42449"
"hu3864","Handling Unit","","","","","","","ENTITY","42450"
"hu3860","Handling Unit","","","","","","","ENTITY","42451"
"hu3867","Handling Unit","","","","","","","ENTITY","42452"
"hu3870","Handling Unit","","","","","","","ENTITY","42453"
"hu3872","Handling Unit","","","","","","","ENTITY","42454"
"hu3873","Handling Unit","","","","","","","ENTITY","42455"
"hu3869","Handling Unit","","","","","","","ENTITY","42456"
"hu3868","Handling Unit","","","","","","","ENTITY","42457"
"hu3871","Handling Unit","","","","","","","ENTITY","42458"
"hu3876","Handling Unit","","","","","","","ENTITY","42459"
"hu3881","Handling Unit","","","","","","","ENTITY","42460"
"hu3891","Handling Unit","","","","","","","ENTITY","42461"
"hu3890","Handling Unit","","","","","","","ENTITY","42462"
"hu3897","Handling Unit","","","","","","","ENTITY","42463"
"hu3879","Handling Unit","","","","","","","ENTITY","42464"
"hu3887","Handling Unit","","","","","","","ENTITY","42465"
"hu3886","Handling Unit","","","","","","","ENTITY","42466"
"hu3885","Handling Unit","","","","","","","ENTITY","42467"
"hu3893","Handling Unit","","","","","","","ENTITY","42468"
"hu3889","Handling Unit","","","","","","","ENTITY","42469"
"hu3883","Handling Unit","","","","","","","ENTITY","42470"
"hu3884","Handling Unit","","","","","","","ENTITY","42471"
"hu3880","Handling Unit","","","","","","","ENTITY","42472"
"hu3877","Handling Unit","","","","","","","ENTITY","42473"
"hu3895","Handling Unit","","","","","","","ENTITY","42474"
"hu3874","Handling Unit","","","","","","","ENTITY","42475"
"hu3892","Handling Unit","","","","","","","ENTITY","42476"
"hu3882","Handling Unit","","","","","","","ENTITY","42477"
"hu3878","Handling Unit","","","","","","","ENTITY","42478"
"hu3896","Handling Unit","","","","","","","ENTITY","42479"
"hu3899","Handling Unit","","","","","","","ENTITY","42480"
"hu3875","Handling Unit","","","","","","","ENTITY","42481"
"hu3900","Handling Unit","","","","","","","ENTITY","42482"
"hu3888","Handling Unit","","","","","","","ENTITY","42483"
"hu3894","Handling Unit","","","","","","","ENTITY","42484"
"hu3898","Handling Unit","","","","","","","ENTITY","42485"
"hu3904","Handling Unit","","","","","","","ENTITY","42486"
"hu3905","Handling Unit","","","","","","","ENTITY","42487"
"hu3902","Handling Unit","","","","","","","ENTITY","42488"
"hu3901","Handling Unit","","","","","","","ENTITY","42489"
"hu3903","Handling Unit","","","","","","","ENTITY","42490"
"hu3908","Handling Unit","","","","","","","ENTITY","42491"
"hu3909","Handling Unit","","","","","","","ENTITY","42492"
"hu3907","Handling Unit","","","","","","","ENTITY","42493"
"hu3910","Handling Unit","","","","","","","ENTITY","42494"
"hu3911","Handling Unit","","","","","","","ENTITY","42495"
"hu3912","Handling Unit","","","","","","","ENTITY","42496"
"hu3906","Handling Unit","","","","","","","ENTITY","42497"
"hu3914","Handling Unit","","","","","","","ENTITY","42498"
"hu3930","Handling Unit","","","","","","","ENTITY","42499"
"hu3916","Handling Unit","","","","","","","ENTITY","42500"
"hu3928","Handling Unit","","","","","","","ENTITY","42501"
"hu3913","Handling Unit","","","","","","","ENTITY","42502"
"hu3919","Handling Unit","","","","","","","ENTITY","42503"
"hu3915","Handling Unit","","","","","","","ENTITY","42504"
"hu3920","Handling Unit","","","","","","","ENTITY","42505"
"hu3929","Handling Unit","","","","","","","ENTITY","42506"
"hu3917","Handling Unit","","","","","","","ENTITY","42507"
"hu3922","Handling Unit","","","","","","","ENTITY","42508"
"hu3921","Handling Unit","","","","","","","ENTITY","42509"
"hu3923","Handling Unit","","","","","","","ENTITY","42510"
"hu3927","Handling Unit","","","","","","","ENTITY","42511"
"hu3926","Handling Unit","","","","","","","ENTITY","42512"
"hu3918","Handling Unit","","","","","","","ENTITY","42513"
"hu3924","Handling Unit","","","","","","","ENTITY","42514"
"hu3925","Handling Unit","","","","","","","ENTITY","42515"
"hu3934","Handling Unit","","","","","","","ENTITY","42516"
"hu3935","Handling Unit","","","","","","","ENTITY","42517"
"hu3932","Handling Unit","","","","","","","ENTITY","42518"
"hu3949","Handling Unit","","","","","","","ENTITY","42519"
"hu3939","Handling Unit","","","","","","","ENTITY","42520"
"hu3959","Handling Unit","","","","","","","ENTITY","42521"
"hu3957","Handling Unit","","","","","","","ENTITY","42522"
"hu3955","Handling Unit","","","","","","","ENTITY","42523"
"hu3946","Handling Unit","","","","","","","ENTITY","42524"
"hu3938","Handling Unit","","","","","","","ENTITY","42525"
"hu3951","Handling Unit","","","","","","","ENTITY","42526"
"hu3943","Handling Unit","","","","","","","ENTITY","42527"
"hu3952","Handling Unit","","","","","","","ENTITY","42528"
"hu3950","Handling Unit","","","","","","","ENTITY","42529"
"hu3945","Handling Unit","","","","","","","ENTITY","42530"
"hu3960","Handling Unit","","","","","","","ENTITY","42531"
"hu3941","Handling Unit","","","","","","","ENTITY","42532"
"hu3936","Handling Unit","","","","","","","ENTITY","42533"
"hu3937","Handling Unit","","","","","","","ENTITY","42534"
"hu3940","Handling Unit","","","","","","","ENTITY","42535"
"hu3948","Handling Unit","","","","","","","ENTITY","42536"
"hu3942","Handling Unit","","","","","","","ENTITY","42537"
"hu3962","Handling Unit","","","","","","","ENTITY","42538"
"hu3958","Handling Unit","","","","","","","ENTITY","42539"
"hu3956","Handling Unit","","","","","","","ENTITY","42540"
"hu3947","Handling Unit","","","","","","","ENTITY","42541"
"hu3954","Handling Unit","","","","","","","ENTITY","42542"
"hu3944","Handling Unit","","","","","","","ENTITY","42543"
"hu3965","Handling Unit","","","","","","","ENTITY","42544"
"hu3933","Handling Unit","","","","","","","ENTITY","42545"
"hu3964","Handling Unit","","","","","","","ENTITY","42546"
"hu3961","Handling Unit","","","","","","","ENTITY","42547"
"hu3966","Handling Unit","","","","","","","ENTITY","42548"
"hu3970","Handling Unit","","","","","","","ENTITY","42549"
"hu3953","Handling Unit","","","","","","","ENTITY","42550"
"hu3978","Handling Unit","","","","","","","ENTITY","42551"
"hu3967","Handling Unit","","","","","","","ENTITY","42552"
"hu3963","Handling Unit","","","","","","","ENTITY","42553"
"hu3976","Handling Unit","","","","","","","ENTITY","42554"
"hu3975","Handling Unit","","","","","","","ENTITY","42555"
"hu3971","Handling Unit","","","","","","","ENTITY","42556"
"hu3977","Handling Unit","","","","","","","ENTITY","42557"
"hu3974","Handling Unit","","","","","","","ENTITY","42558"
"hu3973","Handling Unit","","","","","","","ENTITY","42559"
"hu3968","Handling Unit","","","","","","","ENTITY","42560"
"hu3982","Handling Unit","","","","","","","ENTITY","42561"
"hu3979","Handling Unit","","","","","","","ENTITY","42562"
"hu3983","Handling Unit","","","","","","","ENTITY","42563"
"hu3972","Handling Unit","","","","","","","ENTITY","42564"
"hu3969","Handling Unit","","","","","","","ENTITY","42565"
"hu3984","Handling Unit","","","","","","","ENTITY","42566"
"hu3980","Handling Unit","","","","","","","ENTITY","42567"
"hu3931","Handling Unit","","","","","","","ENTITY","42568"
"hu3981","Handling Unit","","","","","","","ENTITY","42569"
"hu3989","Handling Unit","","","","","","","ENTITY","42570"
"hu3990","Handling Unit","","","","","","","ENTITY","42571"
"hu3986","Handling Unit","","","","","","","ENTITY","42572"
"hu3987","Handling Unit","","","","","","","ENTITY","42573"
"hu3985","Handling Unit","","","","","","","ENTITY","42574"
"hu3988","Handling Unit","","","","","","","ENTITY","42575"
"hu3994","Handling Unit","","","","","","","ENTITY","42576"
"hu3993","Handling Unit","","","","","","","ENTITY","42577"
"hu3992","Handling Unit","","","","","","","ENTITY","42578"
"hu3996","Handling Unit","","","","","","","ENTITY","42579"
"hu3995","Handling Unit","","","","","","","ENTITY","42580"
"hu4002","Handling Unit","","","","","","","ENTITY","42581"
"hu4003","Handling Unit","","","","","","","ENTITY","42582"
"hu4007","Handling Unit","","","","","","","ENTITY","42583"
"hu4006","Handling Unit","","","","","","","ENTITY","42584"
"hu4009","Handling Unit","","","","","","","ENTITY","42585"
"hu4008","Handling Unit","","","","","","","ENTITY","42586"
"hu4004","Handling Unit","","","","","","","ENTITY","42587"
"hu4016","Handling Unit","","","","","","","ENTITY","42588"
"hu3998","Handling Unit","","","","","","","ENTITY","42589"
"hu3991","Handling Unit","","","","","","","ENTITY","42590"
"hu4012","Handling Unit","","","","","","","ENTITY","42591"
"hu4021","Handling Unit","","","","","","","ENTITY","42592"
"hu4019","Handling Unit","","","","","","","ENTITY","42593"
"hu3999","Handling Unit","","","","","","","ENTITY","42594"
"hu4017","Handling Unit","","","","","","","ENTITY","42595"
"hu4015","Handling Unit","","","","","","","ENTITY","42596"
"hu4022","Handling Unit","","","","","","","ENTITY","42597"
"hu4001","Handling Unit","","","","","","","ENTITY","42598"
"hu4018","Handling Unit","","","","","","","ENTITY","42599"
"hu4011","Handling Unit","","","","","","","ENTITY","42600"
"hu4023","Handling Unit","","","","","","","ENTITY","42601"
"hu4024","Handling Unit","","","","","","","ENTITY","42602"
"hu4005","Handling Unit","","","","","","","ENTITY","42603"
"hu4025","Handling Unit","","","","","","","ENTITY","42604"
"hu3997","Handling Unit","","","","","","","ENTITY","42605"
"hu4020","Handling Unit","","","","","","","ENTITY","42606"
"hu4027","Handling Unit","","","","","","","ENTITY","42607"
"hu4000","Handling Unit","","","","","","","ENTITY","42608"
"hu4028","Handling Unit","","","","","","","ENTITY","42609"
"hu4014","Handling Unit","","","","","","","ENTITY","42610"
"hu4013","Handling Unit","","","","","","","ENTITY","42611"
"hu4026","Handling Unit","","","","","","","ENTITY","42612"
"hu4010","Handling Unit","","","","","","","ENTITY","42613"
"hu4033","Handling Unit","","","","","","","ENTITY","42614"
"hu4031","Handling Unit","","","","","","","ENTITY","42615"
"hu4039","Handling Unit","","","","","","","ENTITY","42616"
"hu4036","Handling Unit","","","","","","","ENTITY","42617"
"hu4038","Handling Unit","","","","","","","ENTITY","42618"
"hu4030","Handling Unit","","","","","","","ENTITY","42619"
"hu4029","Handling Unit","","","","","","","ENTITY","42620"
"hu4032","Handling Unit","","","","","","","ENTITY","42621"
"hu4043","Handling Unit","","","","","","","ENTITY","42622"
"hu4045","Handling Unit","","","","","","","ENTITY","42623"
"hu4046","Handling Unit","","","","","","","ENTITY","42624"
"hu4034","Handling Unit","","","","","","","ENTITY","42625"
"hu4044","Handling Unit","","","","","","","ENTITY","42626"
"hu4035","Handling Unit","","","","","","","ENTITY","42627"
"hu4048","Handling Unit","","","","","","","ENTITY","42628"
"hu4037","Handling Unit","","","","","","","ENTITY","42629"
"hu4047","Handling Unit","","","","","","","ENTITY","42630"
"hu4040","Handling Unit","","","","","","","ENTITY","42631"
"hu4049","Handling Unit","","","","","","","ENTITY","42632"
"hu4041","Handling Unit","","","","","","","ENTITY","42633"
"hu4042","Handling Unit","","","","","","","ENTITY","42634"
"hu4050","Handling Unit","","","","","","","ENTITY","42635"
"hu4051","Handling Unit","","","","","","","ENTITY","42636"
"hu4055","Handling Unit","","","","","","","ENTITY","42637"
"hu4054","Handling Unit","","","","","","","ENTITY","42638"
"hu4053","Handling Unit","","","","","","","ENTITY","42639"
"hu4056","Handling Unit","","","","","","","ENTITY","42640"
"hu4052","Handling Unit","","","","","","","ENTITY","42641"
"hu4059","Handling Unit","","","","","","","ENTITY","42642"
"hu4057","Handling Unit","","","","","","","ENTITY","42643"
"hu4062","Handling Unit","","","","","","","ENTITY","42644"
"hu4058","Handling Unit","","","","","","","ENTITY","42645"
"hu4060","Handling Unit","","","","","","","ENTITY","42646"
"hu4061","Handling Unit","","","","","","","ENTITY","42647"
"hu4063","Handling Unit","","","","","","","ENTITY","42648"
"hu4071","Handling Unit","","","","","","","ENTITY","42649"
"hu4066","Handling Unit","","","","","","","ENTITY","42650"
"hu4086","Handling Unit","","","","","","","ENTITY","42651"
"hu4092","Handling Unit","","","","","","","ENTITY","42652"
"hu4084","Handling Unit","","","","","","","ENTITY","42653"
"hu4093","Handling Unit","","","","","","","ENTITY","42654"
"hu4079","Handling Unit","","","","","","","ENTITY","42655"
"hu4091","Handling Unit","","","","","","","ENTITY","42656"
"hu4087","Handling Unit","","","","","","","ENTITY","42657"
"hu4075","Handling Unit","","","","","","","ENTITY","42658"
"hu4080","Handling Unit","","","","","","","ENTITY","42659"
"hu4083","Handling Unit","","","","","","","ENTITY","42660"
"hu4081","Handling Unit","","","","","","","ENTITY","42661"
"hu4065","Handling Unit","","","","","","","ENTITY","42662"
"hu4088","Handling Unit","","","","","","","ENTITY","42663"
"hu4085","Handling Unit","","","","","","","ENTITY","42664"
"hu4067","Handling Unit","","","","","","","ENTITY","42665"
"hu4072","Handling Unit","","","","","","","ENTITY","42666"
"hu4070","Handling Unit","","","","","","","ENTITY","42667"
"hu4090","Handling Unit","","","","","","","ENTITY","42668"
"hu4077","Handling Unit","","","","","","","ENTITY","42669"
"hu4089","Handling Unit","","","","","","","ENTITY","42670"
"hu4074","Handling Unit","","","","","","","ENTITY","42671"
"hu4078","Handling Unit","","","","","","","ENTITY","42672"
"hu4076","Handling Unit","","","","","","","ENTITY","42673"
"hu4069","Handling Unit","","","","","","","ENTITY","42674"
"hu4082","Handling Unit","","","","","","","ENTITY","42675"
"hu4068","Handling Unit","","","","","","","ENTITY","42676"
"hu4064","Handling Unit","","","","","","","ENTITY","42677"
"hu4095","Handling Unit","","","","","","","ENTITY","42678"
"hu4094","Handling Unit","","","","","","","ENTITY","42679"
"hu4073","Handling Unit","","","","","","","ENTITY","42680"
"hu4096","Handling Unit","","","","","","","ENTITY","42681"
"hu4097","Handling Unit","","","","","","","ENTITY","42682"
"hu4101","Handling Unit","","","","","","","ENTITY","42683"
"hu4106","Handling Unit","","","","","","","ENTITY","42684"
"hu4100","Handling Unit","","","","","","","ENTITY","42685"
"hu4107","Handling Unit","","","","","","","ENTITY","42686"
"hu4108","Handling Unit","","","","","","","ENTITY","42687"
"hu4103","Handling Unit","","","","","","","ENTITY","42688"
"hu4112","Handling Unit","","","","","","","ENTITY","42689"
"hu4098","Handling Unit","","","","","","","ENTITY","42690"
"hu4116","Handling Unit","","","","","","","ENTITY","42691"
"hu4121","Handling Unit","","","","","","","ENTITY","42692"
"hu4105","Handling Unit","","","","","","","ENTITY","42693"
"hu4115","Handling Unit","","","","","","","ENTITY","42694"
"hu4113","Handling Unit","","","","","","","ENTITY","42695"
"hu4110","Handling Unit","","","","","","","ENTITY","42696"
"hu4109","Handling Unit","","","","","","","ENTITY","42697"
"hu4123","Handling Unit","","","","","","","ENTITY","42698"
"hu4124","Handling Unit","","","","","","","ENTITY","42699"
"hu4104","Handling Unit","","","","","","","ENTITY","42700"
"hu4120","Handling Unit","","","","","","","ENTITY","42701"
"hu4122","Handling Unit","","","","","","","ENTITY","42702"
"hu4111","Handling Unit","","","","","","","ENTITY","42703"
"hu4099","Handling Unit","","","","","","","ENTITY","42704"
"hu4102","Handling Unit","","","","","","","ENTITY","42705"
"hu4114","Handling Unit","","","","","","","ENTITY","42706"
"hu4117","Handling Unit","","","","","","","ENTITY","42707"
"hu4118","Handling Unit","","","","","","","ENTITY","42708"
"hu4119","Handling Unit","","","","","","","ENTITY","42709"
"hu4126","Handling Unit","","","","","","","ENTITY","42710"
"hu4127","Handling Unit","","","","","","","ENTITY","42711"
"hu4128","Handling Unit","","","","","","","ENTITY","42712"
"hu4125","Handling Unit","","","","","","","ENTITY","42713"
"hu4130","Handling Unit","","","","","","","ENTITY","42714"
"hu4129","Handling Unit","","","","","","","ENTITY","42715"
"hu4132","Handling Unit","","","","","","","ENTITY","42716"
"hu4131","Handling Unit","","","","","","","ENTITY","42717"
"hu4133","Handling Unit","","","","","","","ENTITY","42718"
"hu4135","Handling Unit","","","","","","","ENTITY","42719"
"hu4136","Handling Unit","","","","","","","ENTITY","42720"
"hu4134","Handling Unit","","","","","","","ENTITY","42721"
"hu4138","Handling Unit","","","","","","","ENTITY","42722"
"hu4137","Handling Unit","","","","","","","ENTITY","42723"
"hu4139","Handling Unit","","","","","","","ENTITY","42724"
"hu4140","Handling Unit","","","","","","","ENTITY","42725"
"hu4146","Handling Unit","","","","","","","ENTITY","42726"
"hu4149","Handling Unit","","","","","","","ENTITY","42727"
"hu4143","Handling Unit","","","","","","","ENTITY","42728"
"hu4150","Handling Unit","","","","","","","ENTITY","42729"
"hu4147","Handling Unit","","","","","","","ENTITY","42730"
"hu4144","Handling Unit","","","","","","","ENTITY","42731"
"hu4141","Handling Unit","","","","","","","ENTITY","42732"
"hu4142","Handling Unit","","","","","","","ENTITY","42733"
"hu4148","Handling Unit","","","","","","","ENTITY","42734"
"hu4154","Handling Unit","","","","","","","ENTITY","42735"
"hu4156","Handling Unit","","","","","","","ENTITY","42736"
"hu4165","Handling Unit","","","","","","","ENTITY","42737"
"hu4159","Handling Unit","","","","","","","ENTITY","42738"
"hu4152","Handling Unit","","","","","","","ENTITY","42739"
"hu4155","Handling Unit","","","","","","","ENTITY","42740"
"hu4151","Handling Unit","","","","","","","ENTITY","42741"
"hu4163","Handling Unit","","","","","","","ENTITY","42742"
"hu4145","Handling Unit","","","","","","","ENTITY","42743"
"hu4162","Handling Unit","","","","","","","ENTITY","42744"
"hu4168","Handling Unit","","","","","","","ENTITY","42745"
"hu4167","Handling Unit","","","","","","","ENTITY","42746"
"hu4164","Handling Unit","","","","","","","ENTITY","42747"
"hu4166","Handling Unit","","","","","","","ENTITY","42748"
"hu4169","Handling Unit","","","","","","","ENTITY","42749"
"hu4158","Handling Unit","","","","","","","ENTITY","42750"
"hu4160","Handling Unit","","","","","","","ENTITY","42751"
"hu4153","Handling Unit","","","","","","","ENTITY","42752"
"hu4157","Handling Unit","","","","","","","ENTITY","42753"
"hu4161","Handling Unit","","","","","","","ENTITY","42754"
"hu4173","Handling Unit","","","","","","","ENTITY","42755"
"hu4172","Handling Unit","","","","","","","ENTITY","42756"
"hu4171","Handling Unit","","","","","","","ENTITY","42757"
"hu4170","Handling Unit","","","","","","","ENTITY","42758"
"hu4178","Handling Unit","","","","","","","ENTITY","42759"
"hu4199","Handling Unit","","","","","","","ENTITY","42760"
"hu4205","Handling Unit","","","","","","","ENTITY","42761"
"hu4179","Handling Unit","","","","","","","ENTITY","42762"
"hu4204","Handling Unit","","","","","","","ENTITY","42763"
"hu4201","Handling Unit","","","","","","","ENTITY","42764"
"hu4190","Handling Unit","","","","","","","ENTITY","42765"
"hu4176","Handling Unit","","","","","","","ENTITY","42766"
"hu4198","Handling Unit","","","","","","","ENTITY","42767"
"hu4196","Handling Unit","","","","","","","ENTITY","42768"
"hu4195","Handling Unit","","","","","","","ENTITY","42769"
"hu4203","Handling Unit","","","","","","","ENTITY","42770"
"hu4183","Handling Unit","","","","","","","ENTITY","42771"
"hu4182","Handling Unit","","","","","","","ENTITY","42772"
"hu4193","Handling Unit","","","","","","","ENTITY","42773"
"hu4189","Handling Unit","","","","","","","ENTITY","42774"
"hu4181","Handling Unit","","","","","","","ENTITY","42775"
"hu4187","Handling Unit","","","","","","","ENTITY","42776"
"hu4202","Handling Unit","","","","","","","ENTITY","42777"
"hu4180","Handling Unit","","","","","","","ENTITY","42778"
"hu4177","Handling Unit","","","","","","","ENTITY","42779"
"hu4194","Handling Unit","","","","","","","ENTITY","42780"
"hu4200","Handling Unit","","","","","","","ENTITY","42781"
"hu4188","Handling Unit","","","","","","","ENTITY","42782"
"hu4191","Handling Unit","","","","","","","ENTITY","42783"
"hu4174","Handling Unit","","","","","","","ENTITY","42784"
"hu4197","Handling Unit","","","","","","","ENTITY","42785"
"hu4175","Handling Unit","","","","","","","ENTITY","42786"
"hu4185","Handling Unit","","","","","","","ENTITY","42787"
"hu4186","Handling Unit","","","","","","","ENTITY","42788"
"hu4206","Handling Unit","","","","","","","ENTITY","42789"
"hu4192","Handling Unit","","","","","","","ENTITY","42790"
"hu4210","Handling Unit","","","","","","","ENTITY","42791"
"hu4217","Handling Unit","","","","","","","ENTITY","42792"
"hu4218","Handling Unit","","","","","","","ENTITY","42793"
"hu4213","Handling Unit","","","","","","","ENTITY","42794"
"hu4208","Handling Unit","","","","","","","ENTITY","42795"
"hu4209","Handling Unit","","","","","","","ENTITY","42796"
"hu4215","Handling Unit","","","","","","","ENTITY","42797"
"hu4211","Handling Unit","","","","","","","ENTITY","42798"
"hu4214","Handling Unit","","","","","","","ENTITY","42799"
"hu4184","Handling Unit","","","","","","","ENTITY","42800"
"hu4212","Handling Unit","","","","","","","ENTITY","42801"
"hu4216","Handling Unit","","","","","","","ENTITY","42802"
"hu4207","Handling Unit","","","","","","","ENTITY","42803"
"hu4220","Handling Unit","","","","","","","ENTITY","42804"
"hu4219","Handling Unit","","","","","","","ENTITY","42805"
"hu4223","Handling Unit","","","","","","","ENTITY","42806"
"hu4221","Handling Unit","","","","","","","ENTITY","42807"
"hu4225","Handling Unit","","","","","","","ENTITY","42808"
"hu4226","Handling Unit","","","","","","","ENTITY","42809"
"hu4222","Handling Unit","","","","","","","ENTITY","42810"
"hu4224","Handling Unit","","","","","","","ENTITY","42811"
"hu4230","Handling Unit","","","","","","","ENTITY","42812"
"hu4231","Handling Unit","","","","","","","ENTITY","42813"
"hu4228","Handling Unit","","","","","","","ENTITY","42814"
"hu4229","Handling Unit","","","","","","","ENTITY","42815"
"hu4227","Handling Unit","","","","","","","ENTITY","42816"
"hu4232","Handling Unit","","","","","","","ENTITY","42817"
"hu4245","Handling Unit","","","","","","","ENTITY","42818"
"hu4254","Handling Unit","","","","","","","ENTITY","42819"
"hu4241","Handling Unit","","","","","","","ENTITY","42820"
"hu4256","Handling Unit","","","","","","","ENTITY","42821"
"hu4244","Handling Unit","","","","","","","ENTITY","42822"
"hu4257","Handling Unit","","","","","","","ENTITY","42823"
"hu4240","Handling Unit","","","","","","","ENTITY","42824"
"hu4236","Handling Unit","","","","","","","ENTITY","42825"
"hu4253","Handling Unit","","","","","","","ENTITY","42826"
"hu4233","Handling Unit","","","","","","","ENTITY","42827"
"hu4243","Handling Unit","","","","","","","ENTITY","42828"
"hu4242","Handling Unit","","","","","","","ENTITY","42829"
"hu4260","Handling Unit","","","","","","","ENTITY","42830"
"hu4235","Handling Unit","","","","","","","ENTITY","42831"
"hu4250","Handling Unit","","","","","","","ENTITY","42832"
"hu4251","Handling Unit","","","","","","","ENTITY","42833"
"hu4248","Handling Unit","","","","","","","ENTITY","42834"
"hu4246","Handling Unit","","","","","","","ENTITY","42835"
"hu4247","Handling Unit","","","","","","","ENTITY","42836"
"hu4234","Handling Unit","","","","","","","ENTITY","42837"
"hu4258","Handling Unit","","","","","","","ENTITY","42838"
"hu4259","Handling Unit","","","","","","","ENTITY","42839"
"hu4239","Handling Unit","","","","","","","ENTITY","42840"
"hu4264","Handling Unit","","","","","","","ENTITY","42841"
"hu4261","Handling Unit","","","","","","","ENTITY","42842"
"hu4249","Handling Unit","","","","","","","ENTITY","42843"
"hu4263","Handling Unit","","","","","","","ENTITY","42844"
"hu4237","Handling Unit","","","","","","","ENTITY","42845"
"hu4262","Handling Unit","","","","","","","ENTITY","42846"
"hu4268","Handling Unit","","","","","","","ENTITY","42847"
"hu4238","Handling Unit","","","","","","","ENTITY","42848"
"hu4267","Handling Unit","","","","","","","ENTITY","42849"
"hu4266","Handling Unit","","","","","","","ENTITY","42850"
"hu4255","Handling Unit","","","","","","","ENTITY","42851"
"hu4252","Handling Unit","","","","","","","ENTITY","42852"
"hu4265","Handling Unit","","","","","","","ENTITY","42853"
"hu4270","Handling Unit","","","","","","","ENTITY","42854"
"hu4278","Handling Unit","","","","","","","ENTITY","42855"
"hu4269","Handling Unit","","","","","","","ENTITY","42856"
"hu4286","Handling Unit","","","","","","","ENTITY","42857"
"hu4272","Handling Unit","","","","","","","ENTITY","42858"
"hu4288","Handling Unit","","","","","","","ENTITY","42859"
"hu4302","Handling Unit","","","","","","","ENTITY","42860"
"hu4276","Handling Unit","","","","","","","ENTITY","42861"
"hu4295","Handling Unit","","","","","","","ENTITY","42862"
"hu4281","Handling Unit","","","","","","","ENTITY","42863"
"hu4298","Handling Unit","","","","","","","ENTITY","42864"
"hu4303","Handling Unit","","","","","","","ENTITY","42865"
"hu4284","Handling Unit","","","","","","","ENTITY","42866"
"hu4297","Handling Unit","","","","","","","ENTITY","42867"
"hu4291","Handling Unit","","","","","","","ENTITY","42868"
"hu4304","Handling Unit","","","","","","","ENTITY","42869"
"hu4292","Handling Unit","","","","","","","ENTITY","42870"
"hu4290","Handling Unit","","","","","","","ENTITY","42871"
"hu4300","Handling Unit","","","","","","","ENTITY","42872"
"hu4271","Handling Unit","","","","","","","ENTITY","42873"
"hu4275","Handling Unit","","","","","","","ENTITY","42874"
"hu4299","Handling Unit","","","","","","","ENTITY","42875"
"hu4274","Handling Unit","","","","","","","ENTITY","42876"
"hu4277","Handling Unit","","","","","","","ENTITY","42877"
"hu4301","Handling Unit","","","","","","","ENTITY","42878"
"hu4279","Handling Unit","","","","","","","ENTITY","42879"
"hu4280","Handling Unit","","","","","","","ENTITY","42880"
"hu4273","Handling Unit","","","","","","","ENTITY","42881"
"hu4283","Handling Unit","","","","","","","ENTITY","42882"
"hu4287","Handling Unit","","","","","","","ENTITY","42883"
"hu4285","Handling Unit","","","","","","","ENTITY","42884"
"hu4296","Handling Unit","","","","","","","ENTITY","42885"
"hu4293","Handling Unit","","","","","","","ENTITY","42886"
"hu4289","Handling Unit","","","","","","","ENTITY","42887"
"hu4294","Handling Unit","","","","","","","ENTITY","42888"
"hu4282","Handling Unit","","","","","","","ENTITY","42889"
"hu4309","Handling Unit","","","","","","","ENTITY","42890"
"hu4306","Handling Unit","","","","","","","ENTITY","42891"
"hu4313","Handling Unit","","","","","","","ENTITY","42892"
"hu4318","Handling Unit","","","","","","","ENTITY","42893"
"hu4320","Handling Unit","","","","","","","ENTITY","42894"
"hu4319","Handling Unit","","","","","","","ENTITY","42895"
"hu4315","Handling Unit","","","","","","","ENTITY","42896"
"hu4307","Handling Unit","","","","","","","ENTITY","42897"
"hu4326","Handling Unit","","","","","","","ENTITY","42898"
"hu4321","Handling Unit","","","","","","","ENTITY","42899"
"hu4314","Handling Unit","","","","","","","ENTITY","42900"
"hu4325","Handling Unit","","","","","","","ENTITY","42901"
"hu4323","Handling Unit","","","","","","","ENTITY","42902"
"hu4316","Handling Unit","","","","","","","ENTITY","42903"
"hu4308","Handling Unit","","","","","","","ENTITY","42904"
"hu4324","Handling Unit","","","","","","","ENTITY","42905"
"hu4338","Handling Unit","","","","","","","ENTITY","42906"
"hu4332","Handling Unit","","","","","","","ENTITY","42907"
"hu4331","Handling Unit","","","","","","","ENTITY","42908"
"hu4312","Handling Unit","","","","","","","ENTITY","42909"
"hu4311","Handling Unit","","","","","","","ENTITY","42910"
"hu4333","Handling Unit","","","","","","","ENTITY","42911"
"hu4305","Handling Unit","","","","","","","ENTITY","42912"
"hu4336","Handling Unit","","","","","","","ENTITY","42913"
"hu4310","Handling Unit","","","","","","","ENTITY","42914"
"hu4330","Handling Unit","","","","","","","ENTITY","42915"
"hu4317","Handling Unit","","","","","","","ENTITY","42916"
"hu4322","Handling Unit","","","","","","","ENTITY","42917"
"hu4327","Handling Unit","","","","","","","ENTITY","42918"
"hu4343","Handling Unit","","","","","","","ENTITY","42919"
"hu4349","Handling Unit","","","","","","","ENTITY","42920"
"hu4337","Handling Unit","","","","","","","ENTITY","42921"
"hu4360","Handling Unit","","","","","","","ENTITY","42922"
"hu4346","Handling Unit","","","","","","","ENTITY","42923"
"hu4353","Handling Unit","","","","","","","ENTITY","42924"
"hu4352","Handling Unit","","","","","","","ENTITY","42925"
"hu4347","Handling Unit","","","","","","","ENTITY","42926"
"hu4335","Handling Unit","","","","","","","ENTITY","42927"
"hu4351","Handling Unit","","","","","","","ENTITY","42928"
"hu4361","Handling Unit","","","","","","","ENTITY","42929"
"hu4359","Handling Unit","","","","","","","ENTITY","42930"
"hu4342","Handling Unit","","","","","","","ENTITY","42931"
"hu4356","Handling Unit","","","","","","","ENTITY","42932"
"hu4354","Handling Unit","","","","","","","ENTITY","42933"
"hu4345","Handling Unit","","","","","","","ENTITY","42934"
"hu4329","Handling Unit","","","","","","","ENTITY","42935"
"hu4350","Handling Unit","","","","","","","ENTITY","42936"
"hu4328","Handling Unit","","","","","","","ENTITY","42937"
"hu4334","Handling Unit","","","","","","","ENTITY","42938"
"hu4348","Handling Unit","","","","","","","ENTITY","42939"
"hu4341","Handling Unit","","","","","","","ENTITY","42940"
"hu4344","Handling Unit","","","","","","","ENTITY","42941"
"hu4358","Handling Unit","","","","","","","ENTITY","42942"
"hu4357","Handling Unit","","","","","","","ENTITY","42943"
"hu4355","Handling Unit","","","","","","","ENTITY","42944"
"hu4339","Handling Unit","","","","","","","ENTITY","42945"
"hu4362","Handling Unit","","","","","","","ENTITY","42946"
"hu4364","Handling Unit","","","","","","","ENTITY","42947"
"hu4372","Handling Unit","","","","","","","ENTITY","42948"
"hu4363","Handling Unit","","","","","","","ENTITY","42949"
"hu4371","Handling Unit","","","","","","","ENTITY","42950"
"hu4369","Handling Unit","","","","","","","ENTITY","42951"
"hu4368","Handling Unit","","","","","","","ENTITY","42952"
"hu4340","Handling Unit","","","","","","","ENTITY","42953"
"hu4366","Handling Unit","","","","","","","ENTITY","42954"
"hu4365","Handling Unit","","","","","","","ENTITY","42955"
"hu4370","Handling Unit","","","","","","","ENTITY","42956"
"hu4367","Handling Unit","","","","","","","ENTITY","42957"
"hu4376","Handling Unit","","","","","","","ENTITY","42958"
"hu4377","Handling Unit","","","","","","","ENTITY","42959"
"hu4378","Handling Unit","","","","","","","ENTITY","42960"
"hu4373","Handling Unit","","","","","","","ENTITY","42961"
"hu4374","Handling Unit","","","","","","","ENTITY","42962"
"hu4382","Handling Unit","","","","","","","ENTITY","42963"
"hu4380","Handling Unit","","","","","","","ENTITY","42964"
"hu4384","Handling Unit","","","","","","","ENTITY","42965"
"hu4379","Handling Unit","","","","","","","ENTITY","42966"
"hu4383","Handling Unit","","","","","","","ENTITY","42967"
"hu4375","Handling Unit","","","","","","","ENTITY","42968"
"hu4381","Handling Unit","","","","","","","ENTITY","42969"
"hu4387","Handling Unit","","","","","","","ENTITY","42970"
"hu4394","Handling Unit","","","","","","","ENTITY","42971"
"hu4395","Handling Unit","","","","","","","ENTITY","42972"
"hu4385","Handling Unit","","","","","","","ENTITY","42973"
"hu4390","Handling Unit","","","","","","","ENTITY","42974"
"hu4396","Handling Unit","","","","","","","ENTITY","42975"
"hu4388","Handling Unit","","","","","","","ENTITY","42976"
"hu4389","Handling Unit","","","","","","","ENTITY","42977"
"hu4392","Handling Unit","","","","","","","ENTITY","42978"
"hu4391","Handling Unit","","","","","","","ENTITY","42979"
"hu4386","Handling Unit","","","","","","","ENTITY","42980"
"hu4393","Handling Unit","","","","","","","ENTITY","42981"
"hu4402","Handling Unit","","","","","","","ENTITY","42982"
"hu4398","Handling Unit","","","","","","","ENTITY","42983"
"hu4400","Handling Unit","","","","","","","ENTITY","42984"
"hu4397","Handling Unit","","","","","","","ENTITY","42985"
"hu4401","Handling Unit","","","","","","","ENTITY","42986"
"hu4399","Handling Unit","","","","","","","ENTITY","42987"
"hu4407","Handling Unit","","","","","","","ENTITY","42988"
"hu4408","Handling Unit","","","","","","","ENTITY","42989"
"hu4406","Handling Unit","","","","","","","ENTITY","42990"
"hu4404","Handling Unit","","","","","","","ENTITY","42991"
"hu4403","Handling Unit","","","","","","","ENTITY","42992"
"hu4405","Handling Unit","","","","","","","ENTITY","42993"
"hu4411","Handling Unit","","","","","","","ENTITY","42994"
"hu4413","Handling Unit","","","","","","","ENTITY","42995"
"hu4412","Handling Unit","","","","","","","ENTITY","42996"
"hu4410","Handling Unit","","","","","","","ENTITY","42997"
"hu4414","Handling Unit","","","","","","","ENTITY","42998"
"hu4409","Handling Unit","","","","","","","ENTITY","42999"
"hu4426","Handling Unit","","","","","","","ENTITY","43000"
"hu4422","Handling Unit","","","","","","","ENTITY","43001"
"hu4419","Handling Unit","","","","","","","ENTITY","43002"
"hu4421","Handling Unit","","","","","","","ENTITY","43003"
"hu4418","Handling Unit","","","","","","","ENTITY","43004"
"hu4416","Handling Unit","","","","","","","ENTITY","43005"
"hu4423","Handling Unit","","","","","","","ENTITY","43006"
"hu4438","Handling Unit","","","","","","","ENTITY","43007"
"hu4444","Handling Unit","","","","","","","ENTITY","43008"
"hu4448","Handling Unit","","","","","","","ENTITY","43009"
"hu4442","Handling Unit","","","","","","","ENTITY","43010"
"hu4435","Handling Unit","","","","","","","ENTITY","43011"
"hu4443","Handling Unit","","","","","","","ENTITY","43012"
"hu4434","Handling Unit","","","","","","","ENTITY","43013"
"hu4437","Handling Unit","","","","","","","ENTITY","43014"
"hu4441","Handling Unit","","","","","","","ENTITY","43015"
"hu4428","Handling Unit","","","","","","","ENTITY","43016"
"hu4420","Handling Unit","","","","","","","ENTITY","43017"
"hu4446","Handling Unit","","","","","","","ENTITY","43018"
"hu4417","Handling Unit","","","","","","","ENTITY","43019"
"hu4447","Handling Unit","","","","","","","ENTITY","43020"
"hu4432","Handling Unit","","","","","","","ENTITY","43021"
"hu4440","Handling Unit","","","","","","","ENTITY","43022"
"hu4430","Handling Unit","","","","","","","ENTITY","43023"
"hu4431","Handling Unit","","","","","","","ENTITY","43024"
"hu4433","Handling Unit","","","","","","","ENTITY","43025"
"hu4439","Handling Unit","","","","","","","ENTITY","43026"
"hu4425","Handling Unit","","","","","","","ENTITY","43027"
"hu4424","Handling Unit","","","","","","","ENTITY","43028"
"hu4415","Handling Unit","","","","","","","ENTITY","43029"
"hu4436","Handling Unit","","","","","","","ENTITY","43030"
"hu4445","Handling Unit","","","","","","","ENTITY","43031"
"hu4427","Handling Unit","","","","","","","ENTITY","43032"
"hu4429","Handling Unit","","","","","","","ENTITY","43033"
"hu4452","Handling Unit","","","","","","","ENTITY","43034"
"hu4454","Handling Unit","","","","","","","ENTITY","43035"
"hu4453","Handling Unit","","","","","","","ENTITY","43036"
"hu4449","Handling Unit","","","","","","","ENTITY","43037"
"hu4451","Handling Unit","","","","","","","ENTITY","43038"
"hu4450","Handling Unit","","","","","","","ENTITY","43039"
"hu4457","Handling Unit","","","","","","","ENTITY","43040"
"hu4459","Handling Unit","","","","","","","ENTITY","43041"
"hu4456","Handling Unit","","","","","","","ENTITY","43042"
"hu4460","Handling Unit","","","","","","","ENTITY","43043"
"hu4455","Handling Unit","","","","","","","ENTITY","43044"
"hu4458","Handling Unit","","","","","","","ENTITY","43045"
"hu4462","Handling Unit","","","","","","","ENTITY","43046"
"hu4463","Handling Unit","","","","","","","ENTITY","43047"
"hu4461","Handling Unit","","","","","","","ENTITY","43048"
"hu4466","Handling Unit","","","","","","","ENTITY","43049"
"hu4465","Handling Unit","","","","","","","ENTITY","43050"
"hu4470","Handling Unit","","","","","","","ENTITY","43051"
"hu4464","Handling Unit","","","","","","","ENTITY","43052"
"hu4468","Handling Unit","","","","","","","ENTITY","43053"
"hu4467","Handling Unit","","","","","","","ENTITY","43054"
"hu4477","Handling Unit","","","","","","","ENTITY","43055"
"hu4469","Handling Unit","","","","","","","ENTITY","43056"
"hu4476","Handling Unit","","","","","","","ENTITY","43057"
"hu4472","Handling Unit","","","","","","","ENTITY","43058"
"hu4473","Handling Unit","","","","","","","ENTITY","43059"
"hu4480","Handling Unit","","","","","","","ENTITY","43060"
"hu4475","Handling Unit","","","","","","","ENTITY","43061"
"hu4478","Handling Unit","","","","","","","ENTITY","43062"
"hu4484","Handling Unit","","","","","","","ENTITY","43063"
"hu4481","Handling Unit","","","","","","","ENTITY","43064"
"hu4479","Handling Unit","","","","","","","ENTITY","43065"
"hu4474","Handling Unit","","","","","","","ENTITY","43066"
"hu4483","Handling Unit","","","","","","","ENTITY","43067"
"hu4471","Handling Unit","","","","","","","ENTITY","43068"
"hu4482","Handling Unit","","","","","","","ENTITY","43069"
"hu4489","Handling Unit","","","","","","","ENTITY","43070"
"hu4488","Handling Unit","","","","","","","ENTITY","43071"
"hu4504","Handling Unit","","","","","","","ENTITY","43072"
"hu4490","Handling Unit","","","","","","","ENTITY","43073"
"hu4509","Handling Unit","","","","","","","ENTITY","43074"
"hu4503","Handling Unit","","","","","","","ENTITY","43075"
"hu4495","Handling Unit","","","","","","","ENTITY","43076"
"hu4507","Handling Unit","","","","","","","ENTITY","43077"
"hu4487","Handling Unit","","","","","","","ENTITY","43078"
"hu4493","Handling Unit","","","","","","","ENTITY","43079"
"hu4508","Handling Unit","","","","","","","ENTITY","43080"
"hu4499","Handling Unit","","","","","","","ENTITY","43081"
"hu4511","Handling Unit","","","","","","","ENTITY","43082"
"hu4498","Handling Unit","","","","","","","ENTITY","43083"
"hu4492","Handling Unit","","","","","","","ENTITY","43084"
"hu4501","Handling Unit","","","","","","","ENTITY","43085"
"hu4494","Handling Unit","","","","","","","ENTITY","43086"
"hu4502","Handling Unit","","","","","","","ENTITY","43087"
"hu4500","Handling Unit","","","","","","","ENTITY","43088"
"hu4497","Handling Unit","","","","","","","ENTITY","43089"
"hu4505","Handling Unit","","","","","","","ENTITY","43090"
"hu4485","Handling Unit","","","","","","","ENTITY","43091"
"hu4516","Handling Unit","","","","","","","ENTITY","43092"
"hu4491","Handling Unit","","","","","","","ENTITY","43093"
"hu4510","Handling Unit","","","","","","","ENTITY","43094"
"hu4513","Handling Unit","","","","","","","ENTITY","43095"
"hu4506","Handling Unit","","","","","","","ENTITY","43096"
"hu4512","Handling Unit","","","","","","","ENTITY","43097"
"hu4517","Handling Unit","","","","","","","ENTITY","43098"
"hu4486","Handling Unit","","","","","","","ENTITY","43099"
"hu4515","Handling Unit","","","","","","","ENTITY","43100"
"hu4496","Handling Unit","","","","","","","ENTITY","43101"
"hu4514","Handling Unit","","","","","","","ENTITY","43102"
"hu4519","Handling Unit","","","","","","","ENTITY","43103"
"hu4521","Handling Unit","","","","","","","ENTITY","43104"
"hu4522","Handling Unit","","","","","","","ENTITY","43105"
"hu4529","Handling Unit","","","","","","","ENTITY","43106"
"hu4518","Handling Unit","","","","","","","ENTITY","43107"
"hu4534","Handling Unit","","","","","","","ENTITY","43108"
"hu4523","Handling Unit","","","","","","","ENTITY","43109"
"hu4524","Handling Unit","","","","","","","ENTITY","43110"
"hu4527","Handling Unit","","","","","","","ENTITY","43111"
"hu4531","Handling Unit","","","","","","","ENTITY","43112"
"hu4525","Handling Unit","","","","","","","ENTITY","43113"
"hu4530","Handling Unit","","","","","","","ENTITY","43114"
"hu4535","Handling Unit","","","","","","","ENTITY","43115"
"hu4532","Handling Unit","","","","","","","ENTITY","43116"
"hu4528","Handling Unit","","","","","","","ENTITY","43117"
"hu4520","Handling Unit","","","","","","","ENTITY","43118"
"hu4526","Handling Unit","","","","","","","ENTITY","43119"
"hu4533","Handling Unit","","","","","","","ENTITY","43120"
"hu4536","Handling Unit","","","","","","","ENTITY","43121"
"hu4547","Handling Unit","","","","","","","ENTITY","43122"
"hu4541","Handling Unit","","","","","","","ENTITY","43123"
"hu4545","Handling Unit","","","","","","","ENTITY","43124"
"hu4537","Handling Unit","","","","","","","ENTITY","43125"
"hu4542","Handling Unit","","","","","","","ENTITY","43126"
"hu4546","Handling Unit","","","","","","","ENTITY","43127"
"hu4540","Handling Unit","","","","","","","ENTITY","43128"
"hu4544","Handling Unit","","","","","","","ENTITY","43129"
"hu4539","Handling Unit","","","","","","","ENTITY","43130"
"hu4543","Handling Unit","","","","","","","ENTITY","43131"
"hu4538","Handling Unit","","","","","","","ENTITY","43132"
"hu4550","Handling Unit","","","","","","","ENTITY","43133"
"hu4551","Handling Unit","","","","","","","ENTITY","43134"
"hu4548","Handling Unit","","","","","","","ENTITY","43135"
"hu4552","Handling Unit","","","","","","","ENTITY","43136"
"hu4549","Handling Unit","","","","","","","ENTITY","43137"
"hu4553","Handling Unit","","","","","","","ENTITY","43138"
"hu4559","Handling Unit","","","","","","","ENTITY","43139"
"hu4554","Handling Unit","","","","","","","ENTITY","43140"
"hu4558","Handling Unit","","","","","","","ENTITY","43141"
"hu4555","Handling Unit","","","","","","","ENTITY","43142"
"hu4557","Handling Unit","","","","","","","ENTITY","43143"
"hu4556","Handling Unit","","","","","","","ENTITY","43144"
"hu4561","Handling Unit","","","","","","","ENTITY","43145"
"hu4565","Handling Unit","","","","","","","ENTITY","43146"
"hu4570","Handling Unit","","","","","","","ENTITY","43147"
"hu4564","Handling Unit","","","","","","","ENTITY","43148"
"hu4577","Handling Unit","","","","","","","ENTITY","43149"
"hu4566","Handling Unit","","","","","","","ENTITY","43150"
"hu4582","Handling Unit","","","","","","","ENTITY","43151"
"hu4583","Handling Unit","","","","","","","ENTITY","43152"
"hu4578","Handling Unit","","","","","","","ENTITY","43153"
"hu4575","Handling Unit","","","","","","","ENTITY","43154"
"hu4563","Handling Unit","","","","","","","ENTITY","43155"
"hu4580","Handling Unit","","","","","","","ENTITY","43156"
"hu4581","Handling Unit","","","","","","","ENTITY","43157"
"hu4584","Handling Unit","","","","","","","ENTITY","43158"
"hu4567","Handling Unit","","","","","","","ENTITY","43159"
"hu4569","Handling Unit","","","","","","","ENTITY","43160"
"hu4586","Handling Unit","","","","","","","ENTITY","43161"
"hu4571","Handling Unit","","","","","","","ENTITY","43162"
"hu4587","Handling Unit","","","","","","","ENTITY","43163"
"hu4574","Handling Unit","","","","","","","ENTITY","43164"
"hu4568","Handling Unit","","","","","","","ENTITY","43165"
"hu4576","Handling Unit","","","","","","","ENTITY","43166"
"hu4585","Handling Unit","","","","","","","ENTITY","43167"
"hu4573","Handling Unit","","","","","","","ENTITY","43168"
"hu4579","Handling Unit","","","","","","","ENTITY","43169"
"hu4562","Handling Unit","","","","","","","ENTITY","43170"
"hu4560","Handling Unit","","","","","","","ENTITY","43171"
"hu4593","Handling Unit","","","","","","","ENTITY","43172"
"hu4592","Handling Unit","","","","","","","ENTITY","43173"
"hu4590","Handling Unit","","","","","","","ENTITY","43174"
"hu4591","Handling Unit","","","","","","","ENTITY","43175"
"hu4588","Handling Unit","","","","","","","ENTITY","43176"
"hu4572","Handling Unit","","","","","","","ENTITY","43177"
"hu4589","Handling Unit","","","","","","","ENTITY","43178"
"hu4598","Handling Unit","","","","","","","ENTITY","43179"
"hu4595","Handling Unit","","","","","","","ENTITY","43180"
"hu4594","Handling Unit","","","","","","","ENTITY","43181"
"hu4596","Handling Unit","","","","","","","ENTITY","43182"
"hu4597","Handling Unit","","","","","","","ENTITY","43183"
"hu4599","Handling Unit","","","","","","","ENTITY","43184"
"hu4605","Handling Unit","","","","","","","ENTITY","43185"
"hu4602","Handling Unit","","","","","","","ENTITY","43186"
"hu4604","Handling Unit","","","","","","","ENTITY","43187"
"hu4601","Handling Unit","","","","","","","ENTITY","43188"
"hu4600","Handling Unit","","","","","","","ENTITY","43189"
"hu4622","Handling Unit","","","","","","","ENTITY","43190"
"hu4632","Handling Unit","","","","","","","ENTITY","43191"
"hu4616","Handling Unit","","","","","","","ENTITY","43192"
"hu4627","Handling Unit","","","","","","","ENTITY","43193"
"hu4628","Handling Unit","","","","","","","ENTITY","43194"
"hu4626","Handling Unit","","","","","","","ENTITY","43195"
"hu4608","Handling Unit","","","","","","","ENTITY","43196"
"hu4623","Handling Unit","","","","","","","ENTITY","43197"
"hu4618","Handling Unit","","","","","","","ENTITY","43198"
"hu4606","Handling Unit","","","","","","","ENTITY","43199"
"hu4624","Handling Unit","","","","","","","ENTITY","43200"
"hu4609","Handling Unit","","","","","","","ENTITY","43201"
"hu4621","Handling Unit","","","","","","","ENTITY","43202"
"hu4610","Handling Unit","","","","","","","ENTITY","43203"
"hu4607","Handling Unit","","","","","","","ENTITY","43204"
"hu4615","Handling Unit","","","","","","","ENTITY","43205"
"hu4631","Handling Unit","","","","","","","ENTITY","43206"
"hu4630","Handling Unit","","","","","","","ENTITY","43207"
"hu4611","Handling Unit","","","","","","","ENTITY","43208"
"hu4613","Handling Unit","","","","","","","ENTITY","43209"
"hu4634","Handling Unit","","","","","","","ENTITY","43210"
"hu4635","Handling Unit","","","","","","","ENTITY","43211"
"hu4625","Handling Unit","","","","","","","ENTITY","43212"
"hu4629","Handling Unit","","","","","","","ENTITY","43213"
"hu4620","Handling Unit","","","","","","","ENTITY","43214"
"hu4617","Handling Unit","","","","","","","ENTITY","43215"
"hu4614","Handling Unit","","","","","","","ENTITY","43216"
"hu4603","Handling Unit","","","","","","","ENTITY","43217"
"hu4639","Handling Unit","","","","","","","ENTITY","43218"
"hu4638","Handling Unit","","","","","","","ENTITY","43219"
"hu4636","Handling Unit","","","","","","","ENTITY","43220"
"hu4645","Handling Unit","","","","","","","ENTITY","43221"
"hu4640","Handling Unit","","","","","","","ENTITY","43222"
"hu4633","Handling Unit","","","","","","","ENTITY","43223"
"hu4644","Handling Unit","","","","","","","ENTITY","43224"
"hu4641","Handling Unit","","","","","","","ENTITY","43225"
"hu4637","Handling Unit","","","","","","","ENTITY","43226"
"hu4642","Handling Unit","","","","","","","ENTITY","43227"
"hu4643","Handling Unit","","","","","","","ENTITY","43228"
"hu4612","Handling Unit","","","","","","","ENTITY","43229"
"hu4619","Handling Unit","","","","","","","ENTITY","43230"
"hu4648","Handling Unit","","","","","","","ENTITY","43231"
"hu4656","Handling Unit","","","","","","","ENTITY","43232"
"hu4651","Handling Unit","","","","","","","ENTITY","43233"
"hu4657","Handling Unit","","","","","","","ENTITY","43234"
"hu4647","Handling Unit","","","","","","","ENTITY","43235"
"hu4653","Handling Unit","","","","","","","ENTITY","43236"
"hu4659","Handling Unit","","","","","","","ENTITY","43237"
"hu4652","Handling Unit","","","","","","","ENTITY","43238"
"hu4649","Handling Unit","","","","","","","ENTITY","43239"
"hu4660","Handling Unit","","","","","","","ENTITY","43240"
"hu4658","Handling Unit","","","","","","","ENTITY","43241"
"hu4673","Handling Unit","","","","","","","ENTITY","43242"
"hu4663","Handling Unit","","","","","","","ENTITY","43243"
"hu4650","Handling Unit","","","","","","","ENTITY","43244"
"hu4667","Handling Unit","","","","","","","ENTITY","43245"
"hu4671","Handling Unit","","","","","","","ENTITY","43246"
"hu4670","Handling Unit","","","","","","","ENTITY","43247"
"hu4664","Handling Unit","","","","","","","ENTITY","43248"
"hu4655","Handling Unit","","","","","","","ENTITY","43249"
"hu4672","Handling Unit","","","","","","","ENTITY","43250"
"hu4665","Handling Unit","","","","","","","ENTITY","43251"
"hu4666","Handling Unit","","","","","","","ENTITY","43252"
"hu4669","Handling Unit","","","","","","","ENTITY","43253"
"hu4646","Handling Unit","","","","","","","ENTITY","43254"
"hu4661","Handling Unit","","","","","","","ENTITY","43255"
"hu4662","Handling Unit","","","","","","","ENTITY","43256"
"hu4654","Handling Unit","","","","","","","ENTITY","43257"
"hu4676","Handling Unit","","","","","","","ENTITY","43258"
"hu4675","Handling Unit","","","","","","","ENTITY","43259"
"hu4668","Handling Unit","","","","","","","ENTITY","43260"
"hu4677","Handling Unit","","","","","","","ENTITY","43261"
"hu4674","Handling Unit","","","","","","","ENTITY","43262"
"hu4685","Handling Unit","","","","","","","ENTITY","43263"
"hu4686","Handling Unit","","","","","","","ENTITY","43264"
"hu4678","Handling Unit","","","","","","","ENTITY","43265"
"hu4683","Handling Unit","","","","","","","ENTITY","43266"
"hu4681","Handling Unit","","","","","","","ENTITY","43267"
"hu4684","Handling Unit","","","","","","","ENTITY","43268"
"hu4682","Handling Unit","","","","","","","ENTITY","43269"
"hu4680","Handling Unit","","","","","","","ENTITY","43270"
"hu4679","Handling Unit","","","","","","","ENTITY","43271"
"hu4688","Handling Unit","","","","","","","ENTITY","43272"
"hu4687","Handling Unit","","","","","","","ENTITY","43273"
"hu4689","Handling Unit","","","","","","","ENTITY","43274"
"hu4690","Handling Unit","","","","","","","ENTITY","43275"
"hu4691","Handling Unit","","","","","","","ENTITY","43276"
"hu4692","Handling Unit","","","","","","","ENTITY","43277"
"hu4694","Handling Unit","","","","","","","ENTITY","43278"
"hu4696","Handling Unit","","","","","","","ENTITY","43279"
"hu4697","Handling Unit","","","","","","","ENTITY","43280"
"hu4702","Handling Unit","","","","","","","ENTITY","43281"
"hu4700","Handling Unit","","","","","","","ENTITY","43282"
"hu4701","Handling Unit","","","","","","","ENTITY","43283"
"hu4699","Handling Unit","","","","","","","ENTITY","43284"
"hu4693","Handling Unit","","","","","","","ENTITY","43285"
"hu4703","Handling Unit","","","","","","","ENTITY","43286"
"hu4704","Handling Unit","","","","","","","ENTITY","43287"
"hu4695","Handling Unit","","","","","","","ENTITY","43288"
"hu4698","Handling Unit","","","","","","","ENTITY","43289"
"hu4710","Handling Unit","","","","","","","ENTITY","43290"
"hu4709","Handling Unit","","","","","","","ENTITY","43291"
"hu4708","Handling Unit","","","","","","","ENTITY","43292"
"hu4705","Handling Unit","","","","","","","ENTITY","43293"
"hu4706","Handling Unit","","","","","","","ENTITY","43294"
"hu4707","Handling Unit","","","","","","","ENTITY","43295"
"hu4711","Handling Unit","","","","","","","ENTITY","43296"
"hu4716","Handling Unit","","","","","","","ENTITY","43297"
"hu4715","Handling Unit","","","","","","","ENTITY","43298"
"hu4712","Handling Unit","","","","","","","ENTITY","43299"
"hu4714","Handling Unit","","","","","","","ENTITY","43300"
"hu4713","Handling Unit","","","","","","","ENTITY","43301"
"hu4717","Handling Unit","","","","","","","ENTITY","43302"
"hu4718","Handling Unit","","","","","","","ENTITY","43303"
"hu4721","Handling Unit","","","","","","","ENTITY","43304"
"hu4719","Handling Unit","","","","","","","ENTITY","43305"
"hu4722","Handling Unit","","","","","","","ENTITY","43306"
"hu4720","Handling Unit","","","","","","","ENTITY","43307"
"hu4725","Handling Unit","","","","","","","ENTITY","43308"
"hu4723","Handling Unit","","","","","","","ENTITY","43309"
"hu4726","Handling Unit","","","","","","","ENTITY","43310"
"hu4724","Handling Unit","","","","","","","ENTITY","43311"
"hu4732","Handling Unit","","","","","","","ENTITY","43312"
"hu4728","Handling Unit","","","","","","","ENTITY","43313"
"hu4730","Handling Unit","","","","","","","ENTITY","43314"
"hu4729","Handling Unit","","","","","","","ENTITY","43315"
"hu4727","Handling Unit","","","","","","","ENTITY","43316"
"hu4731","Handling Unit","","","","","","","ENTITY","43317"
"hu4736","Handling Unit","","","","","","","ENTITY","43318"
"hu4738","Handling Unit","","","","","","","ENTITY","43319"
"hu4734","Handling Unit","","","","","","","ENTITY","43320"
"hu4737","Handling Unit","","","","","","","ENTITY","43321"
"hu4733","Handling Unit","","","","","","","ENTITY","43322"
"hu4735","Handling Unit","","","","","","","ENTITY","43323"
"hu4739","Handling Unit","","","","","","","ENTITY","43324"
"hu4743","Handling Unit","","","","","","","ENTITY","43325"
"hu4745","Handling Unit","","","","","","","ENTITY","43326"
"hu4744","Handling Unit","","","","","","","ENTITY","43327"
"hu4750","Handling Unit","","","","","","","ENTITY","43328"
"hu4746","Handling Unit","","","","","","","ENTITY","43329"
"hu4751","Handling Unit","","","","","","","ENTITY","43330"
"hu4742","Handling Unit","","","","","","","ENTITY","43331"
"hu4749","Handling Unit","","","","","","","ENTITY","43332"
"hu4740","Handling Unit","","","","","","","ENTITY","43333"
"hu4747","Handling Unit","","","","","","","ENTITY","43334"
"hu4748","Handling Unit","","","","","","","ENTITY","43335"
"hu4741","Handling Unit","","","","","","","ENTITY","43336"
"hu4754","Handling Unit","","","","","","","ENTITY","43337"
"hu4753","Handling Unit","","","","","","","ENTITY","43338"
"hu4762","Handling Unit","","","","","","","ENTITY","43339"
"hu4767","Handling Unit","","","","","","","ENTITY","43340"
"hu4766","Handling Unit","","","","","","","ENTITY","43341"
"hu4761","Handling Unit","","","","","","","ENTITY","43342"
"hu4763","Handling Unit","","","","","","","ENTITY","43343"
"hu4781","Handling Unit","","","","","","","ENTITY","43344"
"hu4775","Handling Unit","","","","","","","ENTITY","43345"
"hu4778","Handling Unit","","","","","","","ENTITY","43346"
"hu4771","Handling Unit","","","","","","","ENTITY","43347"
"hu4764","Handling Unit","","","","","","","ENTITY","43348"
"hu4783","Handling Unit","","","","","","","ENTITY","43349"
"hu4777","Handling Unit","","","","","","","ENTITY","43350"
"hu4765","Handling Unit","","","","","","","ENTITY","43351"
"hu4752","Handling Unit","","","","","","","ENTITY","43352"
"hu4769","Handling Unit","","","","","","","ENTITY","43353"
"hu4770","Handling Unit","","","","","","","ENTITY","43354"
"hu4782","Handling Unit","","","","","","","ENTITY","43355"
"hu4772","Handling Unit","","","","","","","ENTITY","43356"
"hu4759","Handling Unit","","","","","","","ENTITY","43357"
"hu4776","Handling Unit","","","","","","","ENTITY","43358"
"hu4755","Handling Unit","","","","","","","ENTITY","43359"
"hu4758","Handling Unit","","","","","","","ENTITY","43360"
"hu4773","Handling Unit","","","","","","","ENTITY","43361"
"hu4780","Handling Unit","","","","","","","ENTITY","43362"
"hu4760","Handling Unit","","","","","","","ENTITY","43363"
"hu4786","Handling Unit","","","","","","","ENTITY","43364"
"hu4768","Handling Unit","","","","","","","ENTITY","43365"
"hu4779","Handling Unit","","","","","","","ENTITY","43366"
"hu4789","Handling Unit","","","","","","","ENTITY","43367"
"hu4784","Handling Unit","","","","","","","ENTITY","43368"
"hu4788","Handling Unit","","","","","","","ENTITY","43369"
"hu4757","Handling Unit","","","","","","","ENTITY","43370"
"hu4791","Handling Unit","","","","","","","ENTITY","43371"
"hu4792","Handling Unit","","","","","","","ENTITY","43372"
"hu4790","Handling Unit","","","","","","","ENTITY","43373"
"hu4796","Handling Unit","","","","","","","ENTITY","43374"
"hu4794","Handling Unit","","","","","","","ENTITY","43375"
"hu4798","Handling Unit","","","","","","","ENTITY","43376"
"hu4803","Handling Unit","","","","","","","ENTITY","43377"
"hu4756","Handling Unit","","","","","","","ENTITY","43378"
"hu4805","Handling Unit","","","","","","","ENTITY","43379"
"hu4795","Handling Unit","","","","","","","ENTITY","43380"
"hu4800","Handling Unit","","","","","","","ENTITY","43381"
"hu4804","Handling Unit","","","","","","","ENTITY","43382"
"hu4801","Handling Unit","","","","","","","ENTITY","43383"
"hu4806","Handling Unit","","","","","","","ENTITY","43384"
"hu4807","Handling Unit","","","","","","","ENTITY","43385"
"hu4812","Handling Unit","","","","","","","ENTITY","43386"
"hu4809","Handling Unit","","","","","","","ENTITY","43387"
"hu4802","Handling Unit","","","","","","","ENTITY","43388"
"hu4811","Handling Unit","","","","","","","ENTITY","43389"
"hu4787","Handling Unit","","","","","","","ENTITY","43390"
"hu4810","Handling Unit","","","","","","","ENTITY","43391"
"hu4774","Handling Unit","","","","","","","ENTITY","43392"
"hu4785","Handling Unit","","","","","","","ENTITY","43393"
"hu4793","Handling Unit","","","","","","","ENTITY","43394"
"hu4813","Handling Unit","","","","","","","ENTITY","43395"
"hu4818","Handling Unit","","","","","","","ENTITY","43396"
"hu4797","Handling Unit","","","","","","","ENTITY","43397"
"hu4815","Handling Unit","","","","","","","ENTITY","43398"
"hu4808","Handling Unit","","","","","","","ENTITY","43399"
"hu4822","Handling Unit","","","","","","","ENTITY","43400"
"hu4826","Handling Unit","","","","","","","ENTITY","43401"
"hu4829","Handling Unit","","","","","","","ENTITY","43402"
"hu4824","Handling Unit","","","","","","","ENTITY","43403"
"hu4831","Handling Unit","","","","","","","ENTITY","43404"
"hu4830","Handling Unit","","","","","","","ENTITY","43405"
"hu4814","Handling Unit","","","","","","","ENTITY","43406"
"hu4832","Handling Unit","","","","","","","ENTITY","43407"
"hu4819","Handling Unit","","","","","","","ENTITY","43408"
"hu4827","Handling Unit","","","","","","","ENTITY","43409"
"hu4821","Handling Unit","","","","","","","ENTITY","43410"
"hu4828","Handling Unit","","","","","","","ENTITY","43411"
"hu4820","Handling Unit","","","","","","","ENTITY","43412"
"hu4837","Handling Unit","","","","","","","ENTITY","43413"
"hu4833","Handling Unit","","","","","","","ENTITY","43414"
"hu4825","Handling Unit","","","","","","","ENTITY","43415"
"hu4823","Handling Unit","","","","","","","ENTITY","43416"
"hu4835","Handling Unit","","","","","","","ENTITY","43417"
"hu4816","Handling Unit","","","","","","","ENTITY","43418"
"hu4817","Handling Unit","","","","","","","ENTITY","43419"
"hu4836","Handling Unit","","","","","","","ENTITY","43420"
"hu4799","Handling Unit","","","","","","","ENTITY","43421"
"hu4834","Handling Unit","","","","","","","ENTITY","43422"
"hu4840","Handling Unit","","","","","","","ENTITY","43423"
"hu4842","Handling Unit","","","","","","","ENTITY","43424"
"hu4838","Handling Unit","","","","","","","ENTITY","43425"
"hu4841","Handling Unit","","","","","","","ENTITY","43426"
"hu4843","Handling Unit","","","","","","","ENTITY","43427"
"hu4851","Handling Unit","","","","","","","ENTITY","43428"
"hu4846","Handling Unit","","","","","","","ENTITY","43429"
"hu4861","Handling Unit","","","","","","","ENTITY","43430"
"hu4848","Handling Unit","","","","","","","ENTITY","43431"
"hu4862","Handling Unit","","","","","","","ENTITY","43432"
"hu4863","Handling Unit","","","","","","","ENTITY","43433"
"hu4853","Handling Unit","","","","","","","ENTITY","43434"
"hu4860","Handling Unit","","","","","","","ENTITY","43435"
"hu4844","Handling Unit","","","","","","","ENTITY","43436"
"hu4852","Handling Unit","","","","","","","ENTITY","43437"
"hu4867","Handling Unit","","","","","","","ENTITY","43438"
"hu4855","Handling Unit","","","","","","","ENTITY","43439"
"hu4839","Handling Unit","","","","","","","ENTITY","43440"
"hu4864","Handling Unit","","","","","","","ENTITY","43441"
"hu4847","Handling Unit","","","","","","","ENTITY","43442"
"hu4859","Handling Unit","","","","","","","ENTITY","43443"
"hu4866","Handling Unit","","","","","","","ENTITY","43444"
"hu4872","Handling Unit","","","","","","","ENTITY","43445"
"hu4868","Handling Unit","","","","","","","ENTITY","43446"
"hu4878","Handling Unit","","","","","","","ENTITY","43447"
"hu4854","Handling Unit","","","","","","","ENTITY","43448"
"hu4881","Handling Unit","","","","","","","ENTITY","43449"
"hu4856","Handling Unit","","","","","","","ENTITY","43450"
"hu4880","Handling Unit","","","","","","","ENTITY","43451"
"hu4850","Handling Unit","","","","","","","ENTITY","43452"
"hu4857","Handling Unit","","","","","","","ENTITY","43453"
"hu4858","Handling Unit","","","","","","","ENTITY","43454"
"hu4865","Handling Unit","","","","","","","ENTITY","43455"
"hu4870","Handling Unit","","","","","","","ENTITY","43456"
"hu4877","Handling Unit","","","","","","","ENTITY","43457"
"hu4875","Handling Unit","","","","","","","ENTITY","43458"
"hu4849","Handling Unit","","","","","","","ENTITY","43459"
"hu4885","Handling Unit","","","","","","","ENTITY","43460"
"hu4883","Handling Unit","","","","","","","ENTITY","43461"
"hu4873","Handling Unit","","","","","","","ENTITY","43462"
"hu4886","Handling Unit","","","","","","","ENTITY","43463"
"hu4884","Handling Unit","","","","","","","ENTITY","43464"
"hu4887","Handling Unit","","","","","","","ENTITY","43465"
"hu4874","Handling Unit","","","","","","","ENTITY","43466"
"hu4879","Handling Unit","","","","","","","ENTITY","43467"
"hu4876","Handling Unit","","","","","","","ENTITY","43468"
"hu4871","Handling Unit","","","","","","","ENTITY","43469"
"hu4845","Handling Unit","","","","","","","ENTITY","43470"
"hu4869","Handling Unit","","","","","","","ENTITY","43471"
"hu4882","Handling Unit","","","","","","","ENTITY","43472"
"hu4894","Handling Unit","","","","","","","ENTITY","43473"
"hu4895","Handling Unit","","","","","","","ENTITY","43474"
"hu4905","Handling Unit","","","","","","","ENTITY","43475"
"hu4889","Handling Unit","","","","","","","ENTITY","43476"
"hu4900","Handling Unit","","","","","","","ENTITY","43477"
"hu4893","Handling Unit","","","","","","","ENTITY","43478"
"hu4901","Handling Unit","","","","","","","ENTITY","43479"
"hu4907","Handling Unit","","","","","","","ENTITY","43480"
"hu4908","Handling Unit","","","","","","","ENTITY","43481"
"hu4892","Handling Unit","","","","","","","ENTITY","43482"
"hu4903","Handling Unit","","","","","","","ENTITY","43483"
"hu4899","Handling Unit","","","","","","","ENTITY","43484"
"hu4891","Handling Unit","","","","","","","ENTITY","43485"
"hu4904","Handling Unit","","","","","","","ENTITY","43486"
"hu4906","Handling Unit","","","","","","","ENTITY","43487"
"hu4896","Handling Unit","","","","","","","ENTITY","43488"
"hu4902","Handling Unit","","","","","","","ENTITY","43489"
"hu4888","Handling Unit","","","","","","","ENTITY","43490"
"hu4890","Handling Unit","","","","","","","ENTITY","43491"
"hu4897","Handling Unit","","","","","","","ENTITY","43492"
"hu4898","Handling Unit","","","","","","","ENTITY","43493"
"hu4914","Handling Unit","","","","","","","ENTITY","43494"
"hu4909","Handling Unit","","","","","","","ENTITY","43495"
"hu4911","Handling Unit","","","","","","","ENTITY","43496"
"hu4910","Handling Unit","","","","","","","ENTITY","43497"
"hu4912","Handling Unit","","","","","","","ENTITY","43498"
"hu4913","Handling Unit","","","","","","","ENTITY","43499"
"hu4915","Handling Unit","","","","","","","ENTITY","43500"
"hu4917","Handling Unit","","","","","","","ENTITY","43501"
"hu4922","Handling Unit","","","","","","","ENTITY","43502"
"hu4924","Handling Unit","","","","","","","ENTITY","43503"
"hu4919","Handling Unit","","","","","","","ENTITY","43504"
"hu4926","Handling Unit","","","","","","","ENTITY","43505"
"hu4921","Handling Unit","","","","","","","ENTITY","43506"
"hu4916","Handling Unit","","","","","","","ENTITY","43507"
"hu4923","Handling Unit","","","","","","","ENTITY","43508"
"hu4931","Handling Unit","","","","","","","ENTITY","43509"
"hu4927","Handling Unit","","","","","","","ENTITY","43510"
"hu4920","Handling Unit","","","","","","","ENTITY","43511"
"hu4930","Handling Unit","","","","","","","ENTITY","43512"
"hu4932","Handling Unit","","","","","","","ENTITY","43513"
"hu4918","Handling Unit","","","","","","","ENTITY","43514"
"hu4925","Handling Unit","","","","","","","ENTITY","43515"
"hu4928","Handling Unit","","","","","","","ENTITY","43516"
"hu4929","Handling Unit","","","","","","","ENTITY","43517"
"hu4937","Handling Unit","","","","","","","ENTITY","43518"
"hu4933","Handling Unit","","","","","","","ENTITY","43519"
"hu4938","Handling Unit","","","","","","","ENTITY","43520"
"hu4936","Handling Unit","","","","","","","ENTITY","43521"
"hu4934","Handling Unit","","","","","","","ENTITY","43522"
"hu4935","Handling Unit","","","","","","","ENTITY","43523"
"hu4942","Handling Unit","","","","","","","ENTITY","43524"
"hu4944","Handling Unit","","","","","","","ENTITY","43525"
"hu4941","Handling Unit","","","","","","","ENTITY","43526"
"hu4940","Handling Unit","","","","","","","ENTITY","43527"
"hu4943","Handling Unit","","","","","","","ENTITY","43528"
"hu4939","Handling Unit","","","","","","","ENTITY","43529"
"hu4961","Handling Unit","","","","","","","ENTITY","43530"
"hu4953","Handling Unit","","","","","","","ENTITY","43531"
"hu4955","Handling Unit","","","","","","","ENTITY","43532"
"hu4958","Handling Unit","","","","","","","ENTITY","43533"
"hu4962","Handling Unit","","","","","","","ENTITY","43534"
"hu4960","Handling Unit","","","","","","","ENTITY","43535"
"hu4946","Handling Unit","","","","","","","ENTITY","43536"
"hu4966","Handling Unit","","","","","","","ENTITY","43537"
"hu4963","Handling Unit","","","","","","","ENTITY","43538"
"hu4967","Handling Unit","","","","","","","ENTITY","43539"
"hu4951","Handling Unit","","","","","","","ENTITY","43540"
"hu4957","Handling Unit","","","","","","","ENTITY","43541"
"hu4949","Handling Unit","","","","","","","ENTITY","43542"
"hu4965","Handling Unit","","","","","","","ENTITY","43543"
"hu4950","Handling Unit","","","","","","","ENTITY","43544"
"hu4945","Handling Unit","","","","","","","ENTITY","43545"
"hu4952","Handling Unit","","","","","","","ENTITY","43546"
"hu4964","Handling Unit","","","","","","","ENTITY","43547"
"hu4969","Handling Unit","","","","","","","ENTITY","43548"
"hu4959","Handling Unit","","","","","","","ENTITY","43549"
"hu4970","Handling Unit","","","","","","","ENTITY","43550"
"hu4974","Handling Unit","","","","","","","ENTITY","43551"
"hu4971","Handling Unit","","","","","","","ENTITY","43552"
"hu4973","Handling Unit","","","","","","","ENTITY","43553"
"hu4968","Handling Unit","","","","","","","ENTITY","43554"
"hu4975","Handling Unit","","","","","","","ENTITY","43555"
"hu4972","Handling Unit","","","","","","","ENTITY","43556"
"hu4980","Handling Unit","","","","","","","ENTITY","43557"
"hu4979","Handling Unit","","","","","","","ENTITY","43558"
"hu4956","Handling Unit","","","","","","","ENTITY","43559"
"hu4978","Handling Unit","","","","","","","ENTITY","43560"
"hu4977","Handling Unit","","","","","","","ENTITY","43561"
"hu4976","Handling Unit","","","","","","","ENTITY","43562"
"hu4947","Handling Unit","","","","","","","ENTITY","43563"
"hu4986","Handling Unit","","","","","","","ENTITY","43564"
"hu4954","Handling Unit","","","","","","","ENTITY","43565"
"hu4982","Handling Unit","","","","","","","ENTITY","43566"
"hu4989","Handling Unit","","","","","","","ENTITY","43567"
"hu4985","Handling Unit","","","","","","","ENTITY","43568"
"hu4981","Handling Unit","","","","","","","ENTITY","43569"
"hu4984","Handling Unit","","","","","","","ENTITY","43570"
"hu4995","Handling Unit","","","","","","","ENTITY","43571"
"hu4990","Handling Unit","","","","","","","ENTITY","43572"
"hu4997","Handling Unit","","","","","","","ENTITY","43573"
"hu4987","Handling Unit","","","","","","","ENTITY","43574"
"hu4994","Handling Unit","","","","","","","ENTITY","43575"
"hu4983","Handling Unit","","","","","","","ENTITY","43576"
"hu4991","Handling Unit","","","","","","","ENTITY","43577"
"hu4998","Handling Unit","","","","","","","ENTITY","43578"
"hu5001","Handling Unit","","","","","","","ENTITY","43579"
"hu4992","Handling Unit","","","","","","","ENTITY","43580"
"hu4988","Handling Unit","","","","","","","ENTITY","43581"
"hu4999","Handling Unit","","","","","","","ENTITY","43582"
"hu4993","Handling Unit","","","","","","","ENTITY","43583"
"hu5002","Handling Unit","","","","","","","ENTITY","43584"
"hu4948","Handling Unit","","","","","","","ENTITY","43585"
"hu4996","Handling Unit","","","","","","","ENTITY","43586"
"hu5000","Handling Unit","","","","","","","ENTITY","43587"
"hu5003","Handling Unit","","","","","","","ENTITY","43588"
"hu5007","Handling Unit","","","","","","","ENTITY","43589"
"hu5005","Handling Unit","","","","","","","ENTITY","43590"
"hu5004","Handling Unit","","","","","","","ENTITY","43591"
"hu5009","Handling Unit","","","","","","","ENTITY","43592"
"hu5011","Handling Unit","","","","","","","ENTITY","43593"
"hu5012","Handling Unit","","","","","","","ENTITY","43594"
"hu5010","Handling Unit","","","","","","","ENTITY","43595"
"hu5008","Handling Unit","","","","","","","ENTITY","43596"
"hu5006","Handling Unit","","","","","","","ENTITY","43597"
"hu5017","Handling Unit","","","","","","","ENTITY","43598"
"hu5018","Handling Unit","","","","","","","ENTITY","43599"
"hu5013","Handling Unit","","","","","","","ENTITY","43600"
"hu5015","Handling Unit","","","","","","","ENTITY","43601"
"hu5016","Handling Unit","","","","","","","ENTITY","43602"
"hu5014","Handling Unit","","","","","","","ENTITY","43603"
"hu5025","Handling Unit","","","","","","","ENTITY","43604"
"hu5023","Handling Unit","","","","","","","ENTITY","43605"
"hu5026","Handling Unit","","","","","","","ENTITY","43606"
"hu5021","Handling Unit","","","","","","","ENTITY","43607"
"hu5028","Handling Unit","","","","","","","ENTITY","43608"
"hu5020","Handling Unit","","","","","","","ENTITY","43609"
"hu5029","Handling Unit","","","","","","","ENTITY","43610"
"hu5033","Handling Unit","","","","","","","ENTITY","43611"
"hu5031","Handling Unit","","","","","","","ENTITY","43612"
"hu5046","Handling Unit","","","","","","","ENTITY","43613"
"hu5036","Handling Unit","","","","","","","ENTITY","43614"
"hu5030","Handling Unit","","","","","","","ENTITY","43615"
"hu5019","Handling Unit","","","","","","","ENTITY","43616"
"hu5035","Handling Unit","","","","","","","ENTITY","43617"
"hu5050","Handling Unit","","","","","","","ENTITY","43618"
"hu5024","Handling Unit","","","","","","","ENTITY","43619"
"hu5038","Handling Unit","","","","","","","ENTITY","43620"
"hu5037","Handling Unit","","","","","","","ENTITY","43621"
"hu5043","Handling Unit","","","","","","","ENTITY","43622"
"hu5040","Handling Unit","","","","","","","ENTITY","43623"
"hu5027","Handling Unit","","","","","","","ENTITY","43624"
"hu5047","Handling Unit","","","","","","","ENTITY","43625"
"hu5051","Handling Unit","","","","","","","ENTITY","43626"
"hu5022","Handling Unit","","","","","","","ENTITY","43627"
"hu5048","Handling Unit","","","","","","","ENTITY","43628"
"hu5045","Handling Unit","","","","","","","ENTITY","43629"
"hu5041","Handling Unit","","","","","","","ENTITY","43630"
"hu5054","Handling Unit","","","","","","","ENTITY","43631"
"hu5032","Handling Unit","","","","","","","ENTITY","43632"
"hu5053","Handling Unit","","","","","","","ENTITY","43633"
"hu5055","Handling Unit","","","","","","","ENTITY","43634"
"hu5049","Handling Unit","","","","","","","ENTITY","43635"
"hu5034","Handling Unit","","","","","","","ENTITY","43636"
"hu5057","Handling Unit","","","","","","","ENTITY","43637"
"hu5056","Handling Unit","","","","","","","ENTITY","43638"
"hu5042","Handling Unit","","","","","","","ENTITY","43639"
"hu5061","Handling Unit","","","","","","","ENTITY","43640"
"hu5039","Handling Unit","","","","","","","ENTITY","43641"
"hu5064","Handling Unit","","","","","","","ENTITY","43642"
"hu5067","Handling Unit","","","","","","","ENTITY","43643"
"hu5052","Handling Unit","","","","","","","ENTITY","43644"
"hu5058","Handling Unit","","","","","","","ENTITY","43645"
"hu5066","Handling Unit","","","","","","","ENTITY","43646"
"hu5044","Handling Unit","","","","","","","ENTITY","43647"
"hu5068","Handling Unit","","","","","","","ENTITY","43648"
"hu5059","Handling Unit","","","","","","","ENTITY","43649"
"hu5072","Handling Unit","","","","","","","ENTITY","43650"
"hu5071","Handling Unit","","","","","","","ENTITY","43651"
"hu5070","Handling Unit","","","","","","","ENTITY","43652"
"hu5085","Handling Unit","","","","","","","ENTITY","43653"
"hu5073","Handling Unit","","","","","","","ENTITY","43654"
"hu5081","Handling Unit","","","","","","","ENTITY","43655"
"hu5082","Handling Unit","","","","","","","ENTITY","43656"
"hu5075","Handling Unit","","","","","","","ENTITY","43657"
"hu5080","Handling Unit","","","","","","","ENTITY","43658"
"hu5063","Handling Unit","","","","","","","ENTITY","43659"
"hu5076","Handling Unit","","","","","","","ENTITY","43660"
"hu5074","Handling Unit","","","","","","","ENTITY","43661"
"hu5078","Handling Unit","","","","","","","ENTITY","43662"
"hu5065","Handling Unit","","","","","","","ENTITY","43663"
"hu5079","Handling Unit","","","","","","","ENTITY","43664"
"hu5060","Handling Unit","","","","","","","ENTITY","43665"
"hu5069","Handling Unit","","","","","","","ENTITY","43666"
"hu5077","Handling Unit","","","","","","","ENTITY","43667"
"hu5083","Handling Unit","","","","","","","ENTITY","43668"
"hu5084","Handling Unit","","","","","","","ENTITY","43669"
"hu5062","Handling Unit","","","","","","","ENTITY","43670"
"hu5091","Handling Unit","","","","","","","ENTITY","43671"
"hu5089","Handling Unit","","","","","","","ENTITY","43672"
"hu5090","Handling Unit","","","","","","","ENTITY","43673"
"hu5086","Handling Unit","","","","","","","ENTITY","43674"
"hu5088","Handling Unit","","","","","","","ENTITY","43675"
"hu5087","Handling Unit","","","","","","","ENTITY","43676"
"hu5092","Handling Unit","","","","","","","ENTITY","43677"
"hu5093","Handling Unit","","","","","","","ENTITY","43678"
"hu5095","Handling Unit","","","","","","","ENTITY","43679"
"hu5094","Handling Unit","","","","","","","ENTITY","43680"
"hu5097","Handling Unit","","","","","","","ENTITY","43681"
"hu5096","Handling Unit","","","","","","","ENTITY","43682"
"hu5106","Handling Unit","","","","","","","ENTITY","43683"
"hu5118","Handling Unit","","","","","","","ENTITY","43684"
"hu5113","Handling Unit","","","","","","","ENTITY","43685"
"hu5099","Handling Unit","","","","","","","ENTITY","43686"
"hu5111","Handling Unit","","","","","","","ENTITY","43687"
"hu5114","Handling Unit","","","","","","","ENTITY","43688"
"hu5122","Handling Unit","","","","","","","ENTITY","43689"
"hu5120","Handling Unit","","","","","","","ENTITY","43690"
"hu5123","Handling Unit","","","","","","","ENTITY","43691"
"hu5121","Handling Unit","","","","","","","ENTITY","43692"
"hu5112","Handling Unit","","","","","","","ENTITY","43693"
"hu5101","Handling Unit","","","","","","","ENTITY","43694"
"hu5098","Handling Unit","","","","","","","ENTITY","43695"
"hu5115","Handling Unit","","","","","","","ENTITY","43696"
"hu5103","Handling Unit","","","","","","","ENTITY","43697"
"hu5104","Handling Unit","","","","","","","ENTITY","43698"
"hu5108","Handling Unit","","","","","","","ENTITY","43699"
"hu5117","Handling Unit","","","","","","","ENTITY","43700"
"hu5116","Handling Unit","","","","","","","ENTITY","43701"
"hu5126","Handling Unit","","","","","","","ENTITY","43702"
"hu5125","Handling Unit","","","","","","","ENTITY","43703"
"hu5110","Handling Unit","","","","","","","ENTITY","43704"
"hu5107","Handling Unit","","","","","","","ENTITY","43705"
"hu5109","Handling Unit","","","","","","","ENTITY","43706"
"hu5119","Handling Unit","","","","","","","ENTITY","43707"
"hu5130","Handling Unit","","","","","","","ENTITY","43708"
"hu5127","Handling Unit","","","","","","","ENTITY","43709"
"hu5124","Handling Unit","","","","","","","ENTITY","43710"
"hu5135","Handling Unit","","","","","","","ENTITY","43711"
"hu5132","Handling Unit","","","","","","","ENTITY","43712"
"hu5100","Handling Unit","","","","","","","ENTITY","43713"
"hu5134","Handling Unit","","","","","","","ENTITY","43714"
"hu5138","Handling Unit","","","","","","","ENTITY","43715"
"hu5129","Handling Unit","","","","","","","ENTITY","43716"
"hu5133","Handling Unit","","","","","","","ENTITY","43717"
"hu5105","Handling Unit","","","","","","","ENTITY","43718"
"hu5128","Handling Unit","","","","","","","ENTITY","43719"
"hu5137","Handling Unit","","","","","","","ENTITY","43720"
"hu5131","Handling Unit","","","","","","","ENTITY","43721"
"hu5136","Handling Unit","","","","","","","ENTITY","43722"
"hu5102","Handling Unit","","","","","","","ENTITY","43723"
"hu5140","Handling Unit","","","","","","","ENTITY","43724"
"hu5144","Handling Unit","","","","","","","ENTITY","43725"
"hu5139","Handling Unit","","","","","","","ENTITY","43726"
"hu5141","Handling Unit","","","","","","","ENTITY","43727"
"hu5142","Handling Unit","","","","","","","ENTITY","43728"
"hu5145","Handling Unit","","","","","","","ENTITY","43729"
"hu5143","Handling Unit","","","","","","","ENTITY","43730"
"hu5146","Handling Unit","","","","","","","ENTITY","43731"
"hu5156","Handling Unit","","","","","","","ENTITY","43732"
"hu5155","Handling Unit","","","","","","","ENTITY","43733"
"hu5158","Handling Unit","","","","","","","ENTITY","43734"
"hu5166","Handling Unit","","","","","","","ENTITY","43735"
"hu5150","Handling Unit","","","","","","","ENTITY","43736"
"hu5147","Handling Unit","","","","","","","ENTITY","43737"
"hu5165","Handling Unit","","","","","","","ENTITY","43738"
"hu5153","Handling Unit","","","","","","","ENTITY","43739"
"hu5167","Handling Unit","","","","","","","ENTITY","43740"
"hu5163","Handling Unit","","","","","","","ENTITY","43741"
"hu5162","Handling Unit","","","","","","","ENTITY","43742"
"hu5161","Handling Unit","","","","","","","ENTITY","43743"
"hu5171","Handling Unit","","","","","","","ENTITY","43744"
"hu5148","Handling Unit","","","","","","","ENTITY","43745"
"hu5173","Handling Unit","","","","","","","ENTITY","43746"
"hu5172","Handling Unit","","","","","","","ENTITY","43747"
"hu5152","Handling Unit","","","","","","","ENTITY","43748"
"hu5168","Handling Unit","","","","","","","ENTITY","43749"
"hu5170","Handling Unit","","","","","","","ENTITY","43750"
"hu5151","Handling Unit","","","","","","","ENTITY","43751"
"hu5164","Handling Unit","","","","","","","ENTITY","43752"
"hu5160","Handling Unit","","","","","","","ENTITY","43753"
"hu5149","Handling Unit","","","","","","","ENTITY","43754"
"hu5159","Handling Unit","","","","","","","ENTITY","43755"
"hu5157","Handling Unit","","","","","","","ENTITY","43756"
"hu5154","Handling Unit","","","","","","","ENTITY","43757"
"hu5169","Handling Unit","","","","","","","ENTITY","43758"
"hu5176","Handling Unit","","","","","","","ENTITY","43759"
"hu5178","Handling Unit","","","","","","","ENTITY","43760"
"hu5174","Handling Unit","","","","","","","ENTITY","43761"
"hu5177","Handling Unit","","","","","","","ENTITY","43762"
"hu5179","Handling Unit","","","","","","","ENTITY","43763"
"hu5175","Handling Unit","","","","","","","ENTITY","43764"
"hu5184","Handling Unit","","","","","","","ENTITY","43765"
"hu5182","Handling Unit","","","","","","","ENTITY","43766"
"hu5185","Handling Unit","","","","","","","ENTITY","43767"
"hu5180","Handling Unit","","","","","","","ENTITY","43768"
"hu5181","Handling Unit","","","","","","","ENTITY","43769"
"hu5183","Handling Unit","","","","","","","ENTITY","43770"
"hu5190","Handling Unit","","","","","","","ENTITY","43771"
"hu5191","Handling Unit","","","","","","","ENTITY","43772"
"hu5207","Handling Unit","","","","","","","ENTITY","43773"
"hu5202","Handling Unit","","","","","","","ENTITY","43774"
"hu5192","Handling Unit","","","","","","","ENTITY","43775"
"hu5194","Handling Unit","","","","","","","ENTITY","43776"
"hu5195","Handling Unit","","","","","","","ENTITY","43777"
"hu5206","Handling Unit","","","","","","","ENTITY","43778"
"hu5210","Handling Unit","","","","","","","ENTITY","43779"
"hu5218","Handling Unit","","","","","","","ENTITY","43780"
"hu5211","Handling Unit","","","","","","","ENTITY","43781"
"hu5200","Handling Unit","","","","","","","ENTITY","43782"
"hu5209","Handling Unit","","","","","","","ENTITY","43783"
"hu5212","Handling Unit","","","","","","","ENTITY","43784"
"hu5215","Handling Unit","","","","","","","ENTITY","43785"
"hu5186","Handling Unit","","","","","","","ENTITY","43786"
"hu5193","Handling Unit","","","","","","","ENTITY","43787"
"hu5213","Handling Unit","","","","","","","ENTITY","43788"
"hu5199","Handling Unit","","","","","","","ENTITY","43789"
"hu5197","Handling Unit","","","","","","","ENTITY","43790"
"hu5204","Handling Unit","","","","","","","ENTITY","43791"
"hu5187","Handling Unit","","","","","","","ENTITY","43792"
"hu5216","Handling Unit","","","","","","","ENTITY","43793"
"hu5201","Handling Unit","","","","","","","ENTITY","43794"
"hu5219","Handling Unit","","","","","","","ENTITY","43795"
"hu5220","Handling Unit","","","","","","","ENTITY","43796"
"hu5208","Handling Unit","","","","","","","ENTITY","43797"
"hu5203","Handling Unit","","","","","","","ENTITY","43798"
"hu5217","Handling Unit","","","","","","","ENTITY","43799"
"hu5189","Handling Unit","","","","","","","ENTITY","43800"
"hu5196","Handling Unit","","","","","","","ENTITY","43801"
"hu5188","Handling Unit","","","","","","","ENTITY","43802"
"hu5214","Handling Unit","","","","","","","ENTITY","43803"
"hu5205","Handling Unit","","","","","","","ENTITY","43804"
"hu5198","Handling Unit","","","","","","","ENTITY","43805"
"hu5221","Handling Unit","","","","","","","ENTITY","43806"
"hu5224","Handling Unit","","","","","","","ENTITY","43807"
"hu5222","Handling Unit","","","","","","","ENTITY","43808"
"hu5223","Handling Unit","","","","","","","ENTITY","43809"
"hu5231","Handling Unit","","","","","","","ENTITY","43810"
"hu5236","Handling Unit","","","","","","","ENTITY","43811"
"hu5225","Handling Unit","","","","","","","ENTITY","43812"
"hu5230","Handling Unit","","","","","","","ENTITY","43813"
"hu5233","Handling Unit","","","","","","","ENTITY","43814"
"hu5235","Handling Unit","","","","","","","ENTITY","43815"
"hu5226","Handling Unit","","","","","","","ENTITY","43816"
"hu5232","Handling Unit","","","","","","","ENTITY","43817"
"hu5228","Handling Unit","","","","","","","ENTITY","43818"
"hu5227","Handling Unit","","","","","","","ENTITY","43819"
"hu5234","Handling Unit","","","","","","","ENTITY","43820"
"hu5238","Handling Unit","","","","","","","ENTITY","43821"
"hu5237","Handling Unit","","","","","","","ENTITY","43822"
"hu5229","Handling Unit","","","","","","","ENTITY","43823"
"hu5240","Handling Unit","","","","","","","ENTITY","43824"
"hu5241","Handling Unit","","","","","","","ENTITY","43825"
"hu5245","Handling Unit","","","","","","","ENTITY","43826"
"hu5252","Handling Unit","","","","","","","ENTITY","43827"
"hu5243","Handling Unit","","","","","","","ENTITY","43828"
"hu5249","Handling Unit","","","","","","","ENTITY","43829"
"hu5244","Handling Unit","","","","","","","ENTITY","43830"
"hu5253","Handling Unit","","","","","","","ENTITY","43831"
"hu5254","Handling Unit","","","","","","","ENTITY","43832"
"hu5251","Handling Unit","","","","","","","ENTITY","43833"
"hu5239","Handling Unit","","","","","","","ENTITY","43834"
"hu5250","Handling Unit","","","","","","","ENTITY","43835"
"hu5248","Handling Unit","","","","","","","ENTITY","43836"
"hu5247","Handling Unit","","","","","","","ENTITY","43837"
"hu5246","Handling Unit","","","","","","","ENTITY","43838"
"hu5242","Handling Unit","","","","","","","ENTITY","43839"
"hu5255","Handling Unit","","","","","","","ENTITY","43840"
"hu5259","Handling Unit","","","","","","","ENTITY","43841"
"hu5258","Handling Unit","","","","","","","ENTITY","43842"
"hu5257","Handling Unit","","","","","","","ENTITY","43843"
"hu5260","Handling Unit","","","","","","","ENTITY","43844"
"hu5256","Handling Unit","","","","","","","ENTITY","43845"
"hu5262","Handling Unit","","","","","","","ENTITY","43846"
"hu5268","Handling Unit","","","","","","","ENTITY","43847"
"hu5266","Handling Unit","","","","","","","ENTITY","43848"
"hu5275","Handling Unit","","","","","","","ENTITY","43849"
"hu5273","Handling Unit","","","","","","","ENTITY","43850"
"hu5272","Handling Unit","","","","","","","ENTITY","43851"
"hu5263","Handling Unit","","","","","","","ENTITY","43852"
"hu5276","Handling Unit","","","","","","","ENTITY","43853"
"hu5278","Handling Unit","","","","","","","ENTITY","43854"
"hu5274","Handling Unit","","","","","","","ENTITY","43855"
"hu5265","Handling Unit","","","","","","","ENTITY","43856"
"hu5264","Handling Unit","","","","","","","ENTITY","43857"
"hu5267","Handling Unit","","","","","","","ENTITY","43858"
"hu5271","Handling Unit","","","","","","","ENTITY","43859"
"hu5270","Handling Unit","","","","","","","ENTITY","43860"
"hu5277","Handling Unit","","","","","","","ENTITY","43861"
"hu5269","Handling Unit","","","","","","","ENTITY","43862"
"hu5261","Handling Unit","","","","","","","ENTITY","43863"
"hu5281","Handling Unit","","","","","","","ENTITY","43864"
"hu5283","Handling Unit","","","","","","","ENTITY","43865"
"hu5284","Handling Unit","","","","","","","ENTITY","43866"
"hu5280","Handling Unit","","","","","","","ENTITY","43867"
"hu5279","Handling Unit","","","","","","","ENTITY","43868"
"hu5282","Handling Unit","","","","","","","ENTITY","43869"
"hu5287","Handling Unit","","","","","","","ENTITY","43870"
"hu5286","Handling Unit","","","","","","","ENTITY","43871"
"hu5295","Handling Unit","","","","","","","ENTITY","43872"
"hu5300","Handling Unit","","","","","","","ENTITY","43873"
"hu5310","Handling Unit","","","","","","","ENTITY","43874"
"hu5311","Handling Unit","","","","","","","ENTITY","43875"
"hu5305","Handling Unit","","","","","","","ENTITY","43876"
"hu5307","Handling Unit","","","","","","","ENTITY","43877"
"hu5313","Handling Unit","","","","","","","ENTITY","43878"
"hu5316","Handling Unit","","","","","","","ENTITY","43879"
"hu5303","Handling Unit","","","","","","","ENTITY","43880"
"hu5309","Handling Unit","","","","","","","ENTITY","43881"
"hu5296","Handling Unit","","","","","","","ENTITY","43882"
"hu5285","Handling Unit","","","","","","","ENTITY","43883"
"hu5299","Handling Unit","","","","","","","ENTITY","43884"
"hu5318","Handling Unit","","","","","","","ENTITY","43885"
"hu5315","Handling Unit","","","","","","","ENTITY","43886"
"hu5317","Handling Unit","","","","","","","ENTITY","43887"
"hu5289","Handling Unit","","","","","","","ENTITY","43888"
"hu5288","Handling Unit","","","","","","","ENTITY","43889"
"hu5298","Handling Unit","","","","","","","ENTITY","43890"
"hu5302","Handling Unit","","","","","","","ENTITY","43891"
"hu5319","Handling Unit","","","","","","","ENTITY","43892"
"hu5292","Handling Unit","","","","","","","ENTITY","43893"
"hu5306","Handling Unit","","","","","","","ENTITY","43894"
"hu5308","Handling Unit","","","","","","","ENTITY","43895"
"hu5291","Handling Unit","","","","","","","ENTITY","43896"
"hu5312","Handling Unit","","","","","","","ENTITY","43897"
"hu5297","Handling Unit","","","","","","","ENTITY","43898"
"hu5294","Handling Unit","","","","","","","ENTITY","43899"
"hu5290","Handling Unit","","","","","","","ENTITY","43900"
"hu5293","Handling Unit","","","","","","","ENTITY","43901"
"hu5301","Handling Unit","","","","","","","ENTITY","43902"
"hu5314","Handling Unit","","","","","","","ENTITY","43903"
"hu5304","Handling Unit","","","","","","","ENTITY","43904"
"hu5321","Handling Unit","","","","","","","ENTITY","43905"
"hu5330","Handling Unit","","","","","","","ENTITY","43906"
"hu5323","Handling Unit","","","","","","","ENTITY","43907"
"hu5331","Handling Unit","","","","","","","ENTITY","43908"
"hu5334","Handling Unit","","","","","","","ENTITY","43909"
"hu5341","Handling Unit","","","","","","","ENTITY","43910"
"hu5348","Handling Unit","","","","","","","ENTITY","43911"
"hu5320","Handling Unit","","","","","","","ENTITY","43912"
"hu5343","Handling Unit","","","","","","","ENTITY","43913"
"hu5326","Handling Unit","","","","","","","ENTITY","43914"
"hu5346","Handling Unit","","","","","","","ENTITY","43915"
"hu5322","Handling Unit","","","","","","","ENTITY","43916"
"hu5328","Handling Unit","","","","","","","ENTITY","43917"
"hu5347","Handling Unit","","","","","","","ENTITY","43918"
"hu5344","Handling Unit","","","","","","","ENTITY","43919"
"hu5349","Handling Unit","","","","","","","ENTITY","43920"
"hu5340","Handling Unit","","","","","","","ENTITY","43921"
"hu5337","Handling Unit","","","","","","","ENTITY","43922"
"hu5345","Handling Unit","","","","","","","ENTITY","43923"
"hu5338","Handling Unit","","","","","","","ENTITY","43924"
"hu5332","Handling Unit","","","","","","","ENTITY","43925"
"hu5333","Handling Unit","","","","","","","ENTITY","43926"
"hu5351","Handling Unit","","","","","","","ENTITY","43927"
"hu5355","Handling Unit","","","","","","","ENTITY","43928"
"hu5325","Handling Unit","","","","","","","ENTITY","43929"
"hu5350","Handling Unit","","","","","","","ENTITY","43930"
"hu5329","Handling Unit","","","","","","","ENTITY","43931"
"hu5327","Handling Unit","","","","","","","ENTITY","43932"
"hu5336","Handling Unit","","","","","","","ENTITY","43933"
"hu5354","Handling Unit","","","","","","","ENTITY","43934"
"hu5324","Handling Unit","","","","","","","ENTITY","43935"
"hu5352","Handling Unit","","","","","","","ENTITY","43936"
"hu5335","Handling Unit","","","","","","","ENTITY","43937"
"hu5342","Handling Unit","","","","","","","ENTITY","43938"
"hu5339","Handling Unit","","","","","","","ENTITY","43939"
"hu5360","Handling Unit","","","","","","","ENTITY","43940"
"hu5358","Handling Unit","","","","","","","ENTITY","43941"
"hu5359","Handling Unit","","","","","","","ENTITY","43942"
"hu5367","Handling Unit","","","","","","","ENTITY","43943"
"hu5370","Handling Unit","","","","","","","ENTITY","43944"
"hu5362","Handling Unit","","","","","","","ENTITY","43945"
"hu5353","Handling Unit","","","","","","","ENTITY","43946"
"hu5364","Handling Unit","","","","","","","ENTITY","43947"
"hu5365","Handling Unit","","","","","","","ENTITY","43948"
"hu5369","Handling Unit","","","","","","","ENTITY","43949"
"hu5356","Handling Unit","","","","","","","ENTITY","43950"
"hu5366","Handling Unit","","","","","","","ENTITY","43951"
"hu5363","Handling Unit","","","","","","","ENTITY","43952"
"hu5368","Handling Unit","","","","","","","ENTITY","43953"
"hu5371","Handling Unit","","","","","","","ENTITY","43954"
"hu5357","Handling Unit","","","","","","","ENTITY","43955"
"hu5361","Handling Unit","","","","","","","ENTITY","43956"
"hu5372","Handling Unit","","","","","","","ENTITY","43957"
"hu5376","Handling Unit","","","","","","","ENTITY","43958"
"hu5373","Handling Unit","","","","","","","ENTITY","43959"
"hu5374","Handling Unit","","","","","","","ENTITY","43960"
"hu5375","Handling Unit","","","","","","","ENTITY","43961"
"hu5377","Handling Unit","","","","","","","ENTITY","43962"
"hu5379","Handling Unit","","","","","","","ENTITY","43963"
"hu5378","Handling Unit","","","","","","","ENTITY","43964"
"hu5381","Handling Unit","","","","","","","ENTITY","43965"
"hu5382","Handling Unit","","","","","","","ENTITY","43966"
"hu5380","Handling Unit","","","","","","","ENTITY","43967"
"hu5383","Handling Unit","","","","","","","ENTITY","43968"
"hu5387","Handling Unit","","","","","","","ENTITY","43969"
"hu5384","Handling Unit","","","","","","","ENTITY","43970"
"hu5385","Handling Unit","","","","","","","ENTITY","43971"
"hu5386","Handling Unit","","","","","","","ENTITY","43972"
"hu5390","Handling Unit","","","","","","","ENTITY","43973"
"hu5391","Handling Unit","","","","","","","ENTITY","43974"
"hu5388","Handling Unit","","","","","","","ENTITY","43975"
"hu5393","Handling Unit","","","","","","","ENTITY","43976"
"hu5389","Handling Unit","","","","","","","ENTITY","43977"
"hu5392","Handling Unit","","","","","","","ENTITY","43978"
"hu5399","Handling Unit","","","","","","","ENTITY","43979"
"hu5395","Handling Unit","","","","","","","ENTITY","43980"
"hu5397","Handling Unit","","","","","","","ENTITY","43981"
"hu5394","Handling Unit","","","","","","","ENTITY","43982"
"hu5396","Handling Unit","","","","","","","ENTITY","43983"
"hu5398","Handling Unit","","","","","","","ENTITY","43984"
"hu5404","Handling Unit","","","","","","","ENTITY","43985"
"hu5405","Handling Unit","","","","","","","ENTITY","43986"
"hu5403","Handling Unit","","","","","","","ENTITY","43987"
"hu5402","Handling Unit","","","","","","","ENTITY","43988"
"hu5400","Handling Unit","","","","","","","ENTITY","43989"
"hu5401","Handling Unit","","","","","","","ENTITY","43990"
"hu5410","Handling Unit","","","","","","","ENTITY","43991"
"hu5411","Handling Unit","","","","","","","ENTITY","43992"
"hu5406","Handling Unit","","","","","","","ENTITY","43993"
"hu5407","Handling Unit","","","","","","","ENTITY","43994"
"hu5408","Handling Unit","","","","","","","ENTITY","43995"
"hu5414","Handling Unit","","","","","","","ENTITY","43996"
"hu5416","Handling Unit","","","","","","","ENTITY","43997"
"hu5415","Handling Unit","","","","","","","ENTITY","43998"
"hu5420","Handling Unit","","","","","","","ENTITY","43999"
"hu5418","Handling Unit","","","","","","","ENTITY","44000"
"hu5417","Handling Unit","","","","","","","ENTITY","44001"
"hu5423","Handling Unit","","","","","","","ENTITY","44002"
"hu5419","Handling Unit","","","","","","","ENTITY","44003"
"hu5422","Handling Unit","","","","","","","ENTITY","44004"
"hu5412","Handling Unit","","","","","","","ENTITY","44005"
"hu5421","Handling Unit","","","","","","","ENTITY","44006"
"hu5413","Handling Unit","","","","","","","ENTITY","44007"
"hu5409","Handling Unit","","","","","","","ENTITY","44008"
"hu5426","Handling Unit","","","","","","","ENTITY","44009"
"hu5425","Handling Unit","","","","","","","ENTITY","44010"
"hu5427","Handling Unit","","","","","","","ENTITY","44011"
"hu5428","Handling Unit","","","","","","","ENTITY","44012"
"hu5424","Handling Unit","","","","","","","ENTITY","44013"
"hu5434","Handling Unit","","","","","","","ENTITY","44014"
"hu5435","Handling Unit","","","","","","","ENTITY","44015"
"hu5430","Handling Unit","","","","","","","ENTITY","44016"
"hu5429","Handling Unit","","","","","","","ENTITY","44017"
"hu5432","Handling Unit","","","","","","","ENTITY","44018"
"hu5431","Handling Unit","","","","","","","ENTITY","44019"
"hu5433","Handling Unit","","","","","","","ENTITY","44020"
"hu5436","Handling Unit","","","","","","","ENTITY","44021"
"hu5441","Handling Unit","","","","","","","ENTITY","44022"
"hu5439","Handling Unit","","","","","","","ENTITY","44023"
"hu5440","Handling Unit","","","","","","","ENTITY","44024"
"hu5438","Handling Unit","","","","","","","ENTITY","44025"
"hu5437","Handling Unit","","","","","","","ENTITY","44026"
"hu5442","Handling Unit","","","","","","","ENTITY","44027"
"hu5443","Handling Unit","","","","","","","ENTITY","44028"
"hu5444","Handling Unit","","","","","","","ENTITY","44029"
"hu5448","Handling Unit","","","","","","","ENTITY","44030"
"hu5447","Handling Unit","","","","","","","ENTITY","44031"
"hu5445","Handling Unit","","","","","","","ENTITY","44032"
"hu5446","Handling Unit","","","","","","","ENTITY","44033"
"hu5452","Handling Unit","","","","","","","ENTITY","44034"
"hu5460","Handling Unit","","","","","","","ENTITY","44035"
"hu5458","Handling Unit","","","","","","","ENTITY","44036"
"hu5462","Handling Unit","","","","","","","ENTITY","44037"
"hu5463","Handling Unit","","","","","","","ENTITY","44038"
"hu5454","Handling Unit","","","","","","","ENTITY","44039"
"hu5455","Handling Unit","","","","","","","ENTITY","44040"
"hu5456","Handling Unit","","","","","","","ENTITY","44041"
"hu5451","Handling Unit","","","","","","","ENTITY","44042"
"hu5464","Handling Unit","","","","","","","ENTITY","44043"
"hu5450","Handling Unit","","","","","","","ENTITY","44044"
"hu5465","Handling Unit","","","","","","","ENTITY","44045"
"hu5457","Handling Unit","","","","","","","ENTITY","44046"
"hu5459","Handling Unit","","","","","","","ENTITY","44047"
"hu5449","Handling Unit","","","","","","","ENTITY","44048"
"hu5461","Handling Unit","","","","","","","ENTITY","44049"
"hu5466","Handling Unit","","","","","","","ENTITY","44050"
"hu5453","Handling Unit","","","","","","","ENTITY","44051"
"hu5470","Handling Unit","","","","","","","ENTITY","44052"
"hu5468","Handling Unit","","","","","","","ENTITY","44053"
"hu5467","Handling Unit","","","","","","","ENTITY","44054"
"hu5471","Handling Unit","","","","","","","ENTITY","44055"
"hu5478","Handling Unit","","","","","","","ENTITY","44056"
"hu5472","Handling Unit","","","","","","","ENTITY","44057"
"hu5477","Handling Unit","","","","","","","ENTITY","44058"
"hu5476","Handling Unit","","","","","","","ENTITY","44059"
"hu5475","Handling Unit","","","","","","","ENTITY","44060"
"hu5473","Handling Unit","","","","","","","ENTITY","44061"
"hu5469","Handling Unit","","","","","","","ENTITY","44062"
"hu5474","Handling Unit","","","","","","","ENTITY","44063"
"hu5479","Handling Unit","","","","","","","ENTITY","44064"
"hu5483","Handling Unit","","","","","","","ENTITY","44065"
"hu5480","Handling Unit","","","","","","","ENTITY","44066"
"hu5482","Handling Unit","","","","","","","ENTITY","44067"
"hu5481","Handling Unit","","","","","","","ENTITY","44068"
"hu5484","Handling Unit","","","","","","","ENTITY","44069"
"hu5486","Handling Unit","","","","","","","ENTITY","44070"
"hu5495","Handling Unit","","","","","","","ENTITY","44071"
"hu5487","Handling Unit","","","","","","","ENTITY","44072"
"hu5502","Handling Unit","","","","","","","ENTITY","44073"
"hu5501","Handling Unit","","","","","","","ENTITY","44074"
"hu5488","Handling Unit","","","","","","","ENTITY","44075"
"hu5508","Handling Unit","","","","","","","ENTITY","44076"
"hu5492","Handling Unit","","","","","","","ENTITY","44077"
"hu5504","Handling Unit","","","","","","","ENTITY","44078"
"hu5497","Handling Unit","","","","","","","ENTITY","44079"
"hu5509","Handling Unit","","","","","","","ENTITY","44080"
"hu5503","Handling Unit","","","","","","","ENTITY","44081"
"hu5491","Handling Unit","","","","","","","ENTITY","44082"
"hu5505","Handling Unit","","","","","","","ENTITY","44083"
"hu5494","Handling Unit","","","","","","","ENTITY","44084"
"hu5506","Handling Unit","","","","","","","ENTITY","44085"
"hu5499","Handling Unit","","","","","","","ENTITY","44086"
"hu5493","Handling Unit","","","","","","","ENTITY","44087"
"hu5489","Handling Unit","","","","","","","ENTITY","44088"
"hu5500","Handling Unit","","","","","","","ENTITY","44089"
"hu5490","Handling Unit","","","","","","","ENTITY","44090"
"hu5485","Handling Unit","","","","","","","ENTITY","44091"
"hu5507","Handling Unit","","","","","","","ENTITY","44092"
"hu5498","Handling Unit","","","","","","","ENTITY","44093"
"hu5496","Handling Unit","","","","","","","ENTITY","44094"
"hu5513","Handling Unit","","","","","","","ENTITY","44095"
"hu5520","Handling Unit","","","","","","","ENTITY","44096"
"hu5514","Handling Unit","","","","","","","ENTITY","44097"
"hu5516","Handling Unit","","","","","","","ENTITY","44098"
"hu5517","Handling Unit","","","","","","","ENTITY","44099"
"hu5519","Handling Unit","","","","","","","ENTITY","44100"
"hu5512","Handling Unit","","","","","","","ENTITY","44101"
"hu5518","Handling Unit","","","","","","","ENTITY","44102"
"hu5511","Handling Unit","","","","","","","ENTITY","44103"
"hu5515","Handling Unit","","","","","","","ENTITY","44104"
"hu5510","Handling Unit","","","","","","","ENTITY","44105"
"hu5522","Handling Unit","","","","","","","ENTITY","44106"
"hu5530","Handling Unit","","","","","","","ENTITY","44107"
"hu5523","Handling Unit","","","","","","","ENTITY","44108"
"hu5528","Handling Unit","","","","","","","ENTITY","44109"
"hu5531","Handling Unit","","","","","","","ENTITY","44110"
"hu5527","Handling Unit","","","","","","","ENTITY","44111"
"hu5526","Handling Unit","","","","","","","ENTITY","44112"
"hu5525","Handling Unit","","","","","","","ENTITY","44113"
"hu5521","Handling Unit","","","","","","","ENTITY","44114"
"hu5532","Handling Unit","","","","","","","ENTITY","44115"
"hu5529","Handling Unit","","","","","","","ENTITY","44116"
"hu5524","Handling Unit","","","","","","","ENTITY","44117"
"hu5536","Handling Unit","","","","","","","ENTITY","44118"
"hu5534","Handling Unit","","","","","","","ENTITY","44119"
"hu5541","Handling Unit","","","","","","","ENTITY","44120"
"hu5542","Handling Unit","","","","","","","ENTITY","44121"
"hu5535","Handling Unit","","","","","","","ENTITY","44122"
"hu5533","Handling Unit","","","","","","","ENTITY","44123"
"hu5539","Handling Unit","","","","","","","ENTITY","44124"
"hu5538","Handling Unit","","","","","","","ENTITY","44125"
"hu5537","Handling Unit","","","","","","","ENTITY","44126"
"hu5540","Handling Unit","","","","","","","ENTITY","44127"
"hu5546","Handling Unit","","","","","","","ENTITY","44128"
"hu5543","Handling Unit","","","","","","","ENTITY","44129"
"hu5544","Handling Unit","","","","","","","ENTITY","44130"
"hu5545","Handling Unit","","","","","","","ENTITY","44131"
"hu5547","Handling Unit","","","","","","","ENTITY","44132"
"hu5548","Handling Unit","","","","","","","ENTITY","44133"
"hu5549","Handling Unit","","","","","","","ENTITY","44134"
"hu5554","Handling Unit","","","","","","","ENTITY","44135"
"hu5558","Handling Unit","","","","","","","ENTITY","44136"
"hu5564","Handling Unit","","","","","","","ENTITY","44137"
"hu5567","Handling Unit","","","","","","","ENTITY","44138"
"hu5560","Handling Unit","","","","","","","ENTITY","44139"
"hu5573","Handling Unit","","","","","","","ENTITY","44140"
"hu5551","Handling Unit","","","","","","","ENTITY","44141"
"hu5559","Handling Unit","","","","","","","ENTITY","44142"
"hu5577","Handling Unit","","","","","","","ENTITY","44143"
"hu5565","Handling Unit","","","","","","","ENTITY","44144"
"hu5571","Handling Unit","","","","","","","ENTITY","44145"
"hu5553","Handling Unit","","","","","","","ENTITY","44146"
"hu5557","Handling Unit","","","","","","","ENTITY","44147"
"hu5552","Handling Unit","","","","","","","ENTITY","44148"
"hu5555","Handling Unit","","","","","","","ENTITY","44149"
"hu5562","Handling Unit","","","","","","","ENTITY","44150"
"hu5550","Handling Unit","","","","","","","ENTITY","44151"
"hu5578","Handling Unit","","","","","","","ENTITY","44152"
"hu5569","Handling Unit","","","","","","","ENTITY","44153"
"hu5576","Handling Unit","","","","","","","ENTITY","44154"
"hu5568","Handling Unit","","","","","","","ENTITY","44155"
"hu5579","Handling Unit","","","","","","","ENTITY","44156"
"hu5570","Handling Unit","","","","","","","ENTITY","44157"
"hu5566","Handling Unit","","","","","","","ENTITY","44158"
"hu5572","Handling Unit","","","","","","","ENTITY","44159"
"hu5563","Handling Unit","","","","","","","ENTITY","44160"
"hu5556","Handling Unit","","","","","","","ENTITY","44161"
"hu5584","Handling Unit","","","","","","","ENTITY","44162"
"hu5580","Handling Unit","","","","","","","ENTITY","44163"
"hu5583","Handling Unit","","","","","","","ENTITY","44164"
"hu5575","Handling Unit","","","","","","","ENTITY","44165"
"hu5586","Handling Unit","","","","","","","ENTITY","44166"
"hu5581","Handling Unit","","","","","","","ENTITY","44167"
"hu5574","Handling Unit","","","","","","","ENTITY","44168"
"hu5585","Handling Unit","","","","","","","ENTITY","44169"
"hu5561","Handling Unit","","","","","","","ENTITY","44170"
"hu5582","Handling Unit","","","","","","","ENTITY","44171"
"hu5587","Handling Unit","","","","","","","ENTITY","44172"
"hu5590","Handling Unit","","","","","","","ENTITY","44173"
"hu5589","Handling Unit","","","","","","","ENTITY","44174"
"hu5595","Handling Unit","","","","","","","ENTITY","44175"
"hu5622","Handling Unit","","","","","","","ENTITY","44176"
"hu5597","Handling Unit","","","","","","","ENTITY","44177"
"hu5596","Handling Unit","","","","","","","ENTITY","44178"
"hu5618","Handling Unit","","","","","","","ENTITY","44179"
"hu5614","Handling Unit","","","","","","","ENTITY","44180"
"hu5611","Handling Unit","","","","","","","ENTITY","44181"
"hu5613","Handling Unit","","","","","","","ENTITY","44182"
"hu5599","Handling Unit","","","","","","","ENTITY","44183"
"hu5610","Handling Unit","","","","","","","ENTITY","44184"
"hu5612","Handling Unit","","","","","","","ENTITY","44185"
"hu5591","Handling Unit","","","","","","","ENTITY","44186"
"hu5588","Handling Unit","","","","","","","ENTITY","44187"
"hu5606","Handling Unit","","","","","","","ENTITY","44188"
"hu5593","Handling Unit","","","","","","","ENTITY","44189"
"hu5592","Handling Unit","","","","","","","ENTITY","44190"
"hu5616","Handling Unit","","","","","","","ENTITY","44191"
"hu5605","Handling Unit","","","","","","","ENTITY","44192"
"hu5617","Handling Unit","","","","","","","ENTITY","44193"
"hu5604","Handling Unit","","","","","","","ENTITY","44194"
"hu5608","Handling Unit","","","","","","","ENTITY","44195"
"hu5624","Handling Unit","","","","","","","ENTITY","44196"
"hu5603","Handling Unit","","","","","","","ENTITY","44197"
"hu5598","Handling Unit","","","","","","","ENTITY","44198"
"hu5619","Handling Unit","","","","","","","ENTITY","44199"
"hu5607","Handling Unit","","","","","","","ENTITY","44200"
"hu5620","Handling Unit","","","","","","","ENTITY","44201"
"hu5601","Handling Unit","","","","","","","ENTITY","44202"
"hu5609","Handling Unit","","","","","","","ENTITY","44203"
"hu5602","Handling Unit","","","","","","","ENTITY","44204"
"hu5615","Handling Unit","","","","","","","ENTITY","44205"
"hu5621","Handling Unit","","","","","","","ENTITY","44206"
"hu5623","Handling Unit","","","","","","","ENTITY","44207"
"hu5629","Handling Unit","","","","","","","ENTITY","44208"
"hu5625","Handling Unit","","","","","","","ENTITY","44209"
"hu5633","Handling Unit","","","","","","","ENTITY","44210"
"hu5631","Handling Unit","","","","","","","ENTITY","44211"
"hu5627","Handling Unit","","","","","","","ENTITY","44212"
"hu5594","Handling Unit","","","","","","","ENTITY","44213"
"hu5628","Handling Unit","","","","","","","ENTITY","44214"
"hu5635","Handling Unit","","","","","","","ENTITY","44215"
"hu5632","Handling Unit","","","","","","","ENTITY","44216"
"hu5640","Handling Unit","","","","","","","ENTITY","44217"
"hu5638","Handling Unit","","","","","","","ENTITY","44218"
"hu5600","Handling Unit","","","","","","","ENTITY","44219"
"hu5644","Handling Unit","","","","","","","ENTITY","44220"
"hu5634","Handling Unit","","","","","","","ENTITY","44221"
"hu5637","Handling Unit","","","","","","","ENTITY","44222"
"hu5639","Handling Unit","","","","","","","ENTITY","44223"
"hu5647","Handling Unit","","","","","","","ENTITY","44224"
"hu5642","Handling Unit","","","","","","","ENTITY","44225"
"hu5650","Handling Unit","","","","","","","ENTITY","44226"
"hu5645","Handling Unit","","","","","","","ENTITY","44227"
"hu5630","Handling Unit","","","","","","","ENTITY","44228"
"hu5648","Handling Unit","","","","","","","ENTITY","44229"
"hu5646","Handling Unit","","","","","","","ENTITY","44230"
"hu5641","Handling Unit","","","","","","","ENTITY","44231"
"hu5636","Handling Unit","","","","","","","ENTITY","44232"
"hu5651","Handling Unit","","","","","","","ENTITY","44233"
"hu5653","Handling Unit","","","","","","","ENTITY","44234"
"hu5656","Handling Unit","","","","","","","ENTITY","44235"
"hu5655","Handling Unit","","","","","","","ENTITY","44236"
"hu5649","Handling Unit","","","","","","","ENTITY","44237"
"hu5643","Handling Unit","","","","","","","ENTITY","44238"
"hu5626","Handling Unit","","","","","","","ENTITY","44239"
"hu5654","Handling Unit","","","","","","","ENTITY","44240"
"hu5652","Handling Unit","","","","","","","ENTITY","44241"
"hu5661","Handling Unit","","","","","","","ENTITY","44242"
"hu5657","Handling Unit","","","","","","","ENTITY","44243"
"hu5660","Handling Unit","","","","","","","ENTITY","44244"
"hu5659","Handling Unit","","","","","","","ENTITY","44245"
"hu5662","Handling Unit","","","","","","","ENTITY","44246"
"hu5658","Handling Unit","","","","","","","ENTITY","44247"
"hu5665","Handling Unit","","","","","","","ENTITY","44248"
"hu5666","Handling Unit","","","","","","","ENTITY","44249"
"hu5672","Handling Unit","","","","","","","ENTITY","44250"
"hu5676","Handling Unit","","","","","","","ENTITY","44251"
"hu5674","Handling Unit","","","","","","","ENTITY","44252"
"hu5671","Handling Unit","","","","","","","ENTITY","44253"
"hu5696","Handling Unit","","","","","","","ENTITY","44254"
"hu5663","Handling Unit","","","","","","","ENTITY","44255"
"hu5692","Handling Unit","","","","","","","ENTITY","44256"
"hu5680","Handling Unit","","","","","","","ENTITY","44257"
"hu5679","Handling Unit","","","","","","","ENTITY","44258"
"hu5688","Handling Unit","","","","","","","ENTITY","44259"
"hu5682","Handling Unit","","","","","","","ENTITY","44260"
"hu5685","Handling Unit","","","","","","","ENTITY","44261"
"hu5681","Handling Unit","","","","","","","ENTITY","44262"
"hu5667","Handling Unit","","","","","","","ENTITY","44263"
"hu5677","Handling Unit","","","","","","","ENTITY","44264"
"hu5669","Handling Unit","","","","","","","ENTITY","44265"
"hu5691","Handling Unit","","","","","","","ENTITY","44266"
"hu5686","Handling Unit","","","","","","","ENTITY","44267"
"hu5687","Handling Unit","","","","","","","ENTITY","44268"
"hu5684","Handling Unit","","","","","","","ENTITY","44269"
"hu5689","Handling Unit","","","","","","","ENTITY","44270"
"hu5668","Handling Unit","","","","","","","ENTITY","44271"
"hu5678","Handling Unit","","","","","","","ENTITY","44272"
"hu5683","Handling Unit","","","","","","","ENTITY","44273"
"hu5693","Handling Unit","","","","","","","ENTITY","44274"
"hu5695","Handling Unit","","","","","","","ENTITY","44275"
"hu5670","Handling Unit","","","","","","","ENTITY","44276"
"hu5675","Handling Unit","","","","","","","ENTITY","44277"
"hu5664","Handling Unit","","","","","","","ENTITY","44278"
"hu5673","Handling Unit","","","","","","","ENTITY","44279"
"hu5694","Handling Unit","","","","","","","ENTITY","44280"
"hu5699","Handling Unit","","","","","","","ENTITY","44281"
"hu5697","Handling Unit","","","","","","","ENTITY","44282"
"hu5690","Handling Unit","","","","","","","ENTITY","44283"
"hu5700","Handling Unit","","","","","","","ENTITY","44284"
"hu5701","Handling Unit","","","","","","","ENTITY","44285"
"hu5698","Handling Unit","","","","","","","ENTITY","44286"
"hu5702","Handling Unit","","","","","","","ENTITY","44287"
"hu5704","Handling Unit","","","","","","","ENTITY","44288"
"hu5706","Handling Unit","","","","","","","ENTITY","44289"
"hu5711","Handling Unit","","","","","","","ENTITY","44290"
"hu5716","Handling Unit","","","","","","","ENTITY","44291"
"hu5720","Handling Unit","","","","","","","ENTITY","44292"
"hu5710","Handling Unit","","","","","","","ENTITY","44293"
"hu5709","Handling Unit","","","","","","","ENTITY","44294"
"hu5705","Handling Unit","","","","","","","ENTITY","44295"
"hu5718","Handling Unit","","","","","","","ENTITY","44296"
"hu5719","Handling Unit","","","","","","","ENTITY","44297"
"hu5715","Handling Unit","","","","","","","ENTITY","44298"
"hu5703","Handling Unit","","","","","","","ENTITY","44299"
"hu5713","Handling Unit","","","","","","","ENTITY","44300"
"hu5714","Handling Unit","","","","","","","ENTITY","44301"
"hu5717","Handling Unit","","","","","","","ENTITY","44302"
"hu5712","Handling Unit","","","","","","","ENTITY","44303"
"hu5708","Handling Unit","","","","","","","ENTITY","44304"
"hu5707","Handling Unit","","","","","","","ENTITY","44305"
"hu5721","Handling Unit","","","","","","","ENTITY","44306"
"hu5723","Handling Unit","","","","","","","ENTITY","44307"
"hu5725","Handling Unit","","","","","","","ENTITY","44308"
"hu5722","Handling Unit","","","","","","","ENTITY","44309"
"hu5724","Handling Unit","","","","","","","ENTITY","44310"
"hu5728","Handling Unit","","","","","","","ENTITY","44311"
"hu5726","Handling Unit","","","","","","","ENTITY","44312"
"hu5731","Handling Unit","","","","","","","ENTITY","44313"
"hu5730","Handling Unit","","","","","","","ENTITY","44314"
"hu5737","Handling Unit","","","","","","","ENTITY","44315"
"hu5735","Handling Unit","","","","","","","ENTITY","44316"
"hu5732","Handling Unit","","","","","","","ENTITY","44317"
"hu5729","Handling Unit","","","","","","","ENTITY","44318"
"hu5733","Handling Unit","","","","","","","ENTITY","44319"
"hu5734","Handling Unit","","","","","","","ENTITY","44320"
"hu5727","Handling Unit","","","","","","","ENTITY","44321"
"hu5736","Handling Unit","","","","","","","ENTITY","44322"
"hu5740","Handling Unit","","","","","","","ENTITY","44323"
"hu5748","Handling Unit","","","","","","","ENTITY","44324"
"hu5739","Handling Unit","","","","","","","ENTITY","44325"
"hu5751","Handling Unit","","","","","","","ENTITY","44326"
"hu5758","Handling Unit","","","","","","","ENTITY","44327"
"hu5747","Handling Unit","","","","","","","ENTITY","44328"
"hu5741","Handling Unit","","","","","","","ENTITY","44329"
"hu5745","Handling Unit","","","","","","","ENTITY","44330"
"hu5765","Handling Unit","","","","","","","ENTITY","44331"
"hu5744","Handling Unit","","","","","","","ENTITY","44332"
"hu5760","Handling Unit","","","","","","","ENTITY","44333"
"hu5752","Handling Unit","","","","","","","ENTITY","44334"
"hu5738","Handling Unit","","","","","","","ENTITY","44335"
"hu5749","Handling Unit","","","","","","","ENTITY","44336"
"hu5754","Handling Unit","","","","","","","ENTITY","44337"
"hu5763","Handling Unit","","","","","","","ENTITY","44338"
"hu5757","Handling Unit","","","","","","","ENTITY","44339"
"hu5755","Handling Unit","","","","","","","ENTITY","44340"
"hu5761","Handling Unit","","","","","","","ENTITY","44341"
"hu5753","Handling Unit","","","","","","","ENTITY","44342"
"hu5743","Handling Unit","","","","","","","ENTITY","44343"
"hu5750","Handling Unit","","","","","","","ENTITY","44344"
"hu5742","Handling Unit","","","","","","","ENTITY","44345"
"hu5768","Handling Unit","","","","","","","ENTITY","44346"
"hu5767","Handling Unit","","","","","","","ENTITY","44347"
"hu5764","Handling Unit","","","","","","","ENTITY","44348"
"hu5756","Handling Unit","","","","","","","ENTITY","44349"
"hu5746","Handling Unit","","","","","","","ENTITY","44350"
"hu5762","Handling Unit","","","","","","","ENTITY","44351"
"hu5759","Handling Unit","","","","","","","ENTITY","44352"
"hu5766","Handling Unit","","","","","","","ENTITY","44353"
"hu5770","Handling Unit","","","","","","","ENTITY","44354"
"hu5773","Handling Unit","","","","","","","ENTITY","44355"
"hu5771","Handling Unit","","","","","","","ENTITY","44356"
"hu5772","Handling Unit","","","","","","","ENTITY","44357"
"hu5769","Handling Unit","","","","","","","ENTITY","44358"
"hu5774","Handling Unit","","","","","","","ENTITY","44359"
"hu5775","Handling Unit","","","","","","","ENTITY","44360"
"hu5780","Handling Unit","","","","","","","ENTITY","44361"
"hu5779","Handling Unit","","","","","","","ENTITY","44362"
"hu5777","Handling Unit","","","","","","","ENTITY","44363"
"hu5778","Handling Unit","","","","","","","ENTITY","44364"
"hu5776","Handling Unit","","","","","","","ENTITY","44365"
"hu5784","Handling Unit","","","","","","","ENTITY","44366"
"hu5781","Handling Unit","","","","","","","ENTITY","44367"
"hu5786","Handling Unit","","","","","","","ENTITY","44368"
"hu5783","Handling Unit","","","","","","","ENTITY","44369"
"hu5804","Handling Unit","","","","","","","ENTITY","44370"
"hu5797","Handling Unit","","","","","","","ENTITY","44371"
"hu5799","Handling Unit","","","","","","","ENTITY","44372"
"hu5789","Handling Unit","","","","","","","ENTITY","44373"
"hu5808","Handling Unit","","","","","","","ENTITY","44374"
"hu5809","Handling Unit","","","","","","","ENTITY","44375"
"hu5807","Handling Unit","","","","","","","ENTITY","44376"
"hu5794","Handling Unit","","","","","","","ENTITY","44377"
"hu5813","Handling Unit","","","","","","","ENTITY","44378"
"hu5816","Handling Unit","","","","","","","ENTITY","44379"
"hu5803","Handling Unit","","","","","","","ENTITY","44380"
"hu5814","Handling Unit","","","","","","","ENTITY","44381"
"hu5811","Handling Unit","","","","","","","ENTITY","44382"
"hu5782","Handling Unit","","","","","","","ENTITY","44383"
"hu5800","Handling Unit","","","","","","","ENTITY","44384"
"hu5790","Handling Unit","","","","","","","ENTITY","44385"
"hu5785","Handling Unit","","","","","","","ENTITY","44386"
"hu5815","Handling Unit","","","","","","","ENTITY","44387"
"hu5795","Handling Unit","","","","","","","ENTITY","44388"
"hu5798","Handling Unit","","","","","","","ENTITY","44389"
"hu5788","Handling Unit","","","","","","","ENTITY","44390"
"hu5818","Handling Unit","","","","","","","ENTITY","44391"
"hu5787","Handling Unit","","","","","","","ENTITY","44392"
"hu5806","Handling Unit","","","","","","","ENTITY","44393"
"hu5820","Handling Unit","","","","","","","ENTITY","44394"
"hu5801","Handling Unit","","","","","","","ENTITY","44395"
"hu5812","Handling Unit","","","","","","","ENTITY","44396"
"hu5805","Handling Unit","","","","","","","ENTITY","44397"
"hu5792","Handling Unit","","","","","","","ENTITY","44398"
"hu5796","Handling Unit","","","","","","","ENTITY","44399"
"hu5802","Handling Unit","","","","","","","ENTITY","44400"
"hu5817","Handling Unit","","","","","","","ENTITY","44401"
"hu5810","Handling Unit","","","","","","","ENTITY","44402"
"hu5791","Handling Unit","","","","","","","ENTITY","44403"
"hu5826","Handling Unit","","","","","","","ENTITY","44404"
"hu5824","Handling Unit","","","","","","","ENTITY","44405"
"hu5831","Handling Unit","","","","","","","ENTITY","44406"
"hu5829","Handling Unit","","","","","","","ENTITY","44407"
"hu5822","Handling Unit","","","","","","","ENTITY","44408"
"hu5837","Handling Unit","","","","","","","ENTITY","44409"
"hu5827","Handling Unit","","","","","","","ENTITY","44410"
"hu5793","Handling Unit","","","","","","","ENTITY","44411"
"hu5821","Handling Unit","","","","","","","ENTITY","44412"
"hu5834","Handling Unit","","","","","","","ENTITY","44413"
"hu5839","Handling Unit","","","","","","","ENTITY","44414"
"hu5840","Handling Unit","","","","","","","ENTITY","44415"
"hu5838","Handling Unit","","","","","","","ENTITY","44416"
"hu5845","Handling Unit","","","","","","","ENTITY","44417"
"hu5841","Handling Unit","","","","","","","ENTITY","44418"
"hu5830","Handling Unit","","","","","","","ENTITY","44419"
"hu5832","Handling Unit","","","","","","","ENTITY","44420"
"hu5844","Handling Unit","","","","","","","ENTITY","44421"
"hu5842","Handling Unit","","","","","","","ENTITY","44422"
"hu5825","Handling Unit","","","","","","","ENTITY","44423"
"hu5836","Handling Unit","","","","","","","ENTITY","44424"
"hu5828","Handling Unit","","","","","","","ENTITY","44425"
"hu5819","Handling Unit","","","","","","","ENTITY","44426"
"hu5847","Handling Unit","","","","","","","ENTITY","44427"
"hu5833","Handling Unit","","","","","","","ENTITY","44428"
"hu5823","Handling Unit","","","","","","","ENTITY","44429"
"hu5835","Handling Unit","","","","","","","ENTITY","44430"
"hu5843","Handling Unit","","","","","","","ENTITY","44431"
"hu5850","Handling Unit","","","","","","","ENTITY","44432"
"hu5848","Handling Unit","","","","","","","ENTITY","44433"
"hu5849","Handling Unit","","","","","","","ENTITY","44434"
"hu5852","Handling Unit","","","","","","","ENTITY","44435"
"hu5846","Handling Unit","","","","","","","ENTITY","44436"
"hu5851","Handling Unit","","","","","","","ENTITY","44437"
"hu5853","Handling Unit","","","","","","","ENTITY","44438"
"hu5855","Handling Unit","","","","","","","ENTITY","44439"
"hu5857","Handling Unit","","","","","","","ENTITY","44440"
"hu5864","Handling Unit","","","","","","","ENTITY","44441"
"hu5860","Handling Unit","","","","","","","ENTITY","44442"
"hu5870","Handling Unit","","","","","","","ENTITY","44443"
"hu5867","Handling Unit","","","","","","","ENTITY","44444"
"hu5856","Handling Unit","","","","","","","ENTITY","44445"
"hu5854","Handling Unit","","","","","","","ENTITY","44446"
"hu5869","Handling Unit","","","","","","","ENTITY","44447"
"hu5866","Handling Unit","","","","","","","ENTITY","44448"
"hu5862","Handling Unit","","","","","","","ENTITY","44449"
"hu5868","Handling Unit","","","","","","","ENTITY","44450"
"hu5873","Handling Unit","","","","","","","ENTITY","44451"
"hu5872","Handling Unit","","","","","","","ENTITY","44452"
"hu5865","Handling Unit","","","","","","","ENTITY","44453"
"hu5861","Handling Unit","","","","","","","ENTITY","44454"
"hu5863","Handling Unit","","","","","","","ENTITY","44455"
"hu5859","Handling Unit","","","","","","","ENTITY","44456"
"hu5871","Handling Unit","","","","","","","ENTITY","44457"
"hu5858","Handling Unit","","","","","","","ENTITY","44458"
"hu5876","Handling Unit","","","","","","","ENTITY","44459"
"hu5875","Handling Unit","","","","","","","ENTITY","44460"
"hu5878","Handling Unit","","","","","","","ENTITY","44461"
"hu5879","Handling Unit","","","","","","","ENTITY","44462"
"hu5877","Handling Unit","","","","","","","ENTITY","44463"
"hu5874","Handling Unit","","","","","","","ENTITY","44464"
"hu5881","Handling Unit","","","","","","","ENTITY","44465"
"hu5885","Handling Unit","","","","","","","ENTITY","44466"
"hu5884","Handling Unit","","","","","","","ENTITY","44467"
"hu5882","Handling Unit","","","","","","","ENTITY","44468"
"hu5880","Handling Unit","","","","","","","ENTITY","44469"
"hu5883","Handling Unit","","","","","","","ENTITY","44470"
"hu5887","Handling Unit","","","","","","","ENTITY","44471"
"hu5890","Handling Unit","","","","","","","ENTITY","44472"
"hu5888","Handling Unit","","","","","","","ENTITY","44473"
"hu5892","Handling Unit","","","","","","","ENTITY","44474"
"hu5889","Handling Unit","","","","","","","ENTITY","44475"
"hu5891","Handling Unit","","","","","","","ENTITY","44476"
"hu5886","Handling Unit","","","","","","","ENTITY","44477"
"hu5893","Handling Unit","","","","","","","ENTITY","44478"
"hu5895","Handling Unit","","","","","","","ENTITY","44479"
"hu5896","Handling Unit","","","","","","","ENTITY","44480"
"hu5899","Handling Unit","","","","","","","ENTITY","44481"
"hu5901","Handling Unit","","","","","","","ENTITY","44482"
"hu5894","Handling Unit","","","","","","","ENTITY","44483"
"hu5898","Handling Unit","","","","","","","ENTITY","44484"
"hu5900","Handling Unit","","","","","","","ENTITY","44485"
"hu5897","Handling Unit","","","","","","","ENTITY","44486"
"hu5904","Handling Unit","","","","","","","ENTITY","44487"
"hu5903","Handling Unit","","","","","","","ENTITY","44488"
"hu5905","Handling Unit","","","","","","","ENTITY","44489"
"hu5902","Handling Unit","","","","","","","ENTITY","44490"
"hu5906","Handling Unit","","","","","","","ENTITY","44491"
"hu5907","Handling Unit","","","","","","","ENTITY","44492"
"hu5908","Handling Unit","","","","","","","ENTITY","44493"
"hu5910","Handling Unit","","","","","","","ENTITY","44494"
"hu5911","Handling Unit","","","","","","","ENTITY","44495"
"hu5912","Handling Unit","","","","","","","ENTITY","44496"
"hu5913","Handling Unit","","","","","","","ENTITY","44497"
"hu5909","Handling Unit","","","","","","","ENTITY","44498"
"hu5918","Handling Unit","","","","","","","ENTITY","44499"
"hu5922","Handling Unit","","","","","","","ENTITY","44500"
"hu5919","Handling Unit","","","","","","","ENTITY","44501"
"hu5914","Handling Unit","","","","","","","ENTITY","44502"
"hu5917","Handling Unit","","","","","","","ENTITY","44503"
"hu5923","Handling Unit","","","","","","","ENTITY","44504"
"hu5920","Handling Unit","","","","","","","ENTITY","44505"
"hu5924","Handling Unit","","","","","","","ENTITY","44506"
"hu5915","Handling Unit","","","","","","","ENTITY","44507"
"hu5916","Handling Unit","","","","","","","ENTITY","44508"
"hu5925","Handling Unit","","","","","","","ENTITY","44509"
"hu5921","Handling Unit","","","","","","","ENTITY","44510"
"hu5929","Handling Unit","","","","","","","ENTITY","44511"
"hu5930","Handling Unit","","","","","","","ENTITY","44512"
"hu5927","Handling Unit","","","","","","","ENTITY","44513"
"hu5926","Handling Unit","","","","","","","ENTITY","44514"
"hu5931","Handling Unit","","","","","","","ENTITY","44515"
"hu5928","Handling Unit","","","","","","","ENTITY","44516"
"hu5934","Handling Unit","","","","","","","ENTITY","44517"
"hu5937","Handling Unit","","","","","","","ENTITY","44518"
"hu5936","Handling Unit","","","","","","","ENTITY","44519"
"hu5933","Handling Unit","","","","","","","ENTITY","44520"
"hu5935","Handling Unit","","","","","","","ENTITY","44521"
"hu5932","Handling Unit","","","","","","","ENTITY","44522"
"hu5941","Handling Unit","","","","","","","ENTITY","44523"
"hu5938","Handling Unit","","","","","","","ENTITY","44524"
"hu5942","Handling Unit","","","","","","","ENTITY","44525"
"hu5940","Handling Unit","","","","","","","ENTITY","44526"
"hu5939","Handling Unit","","","","","","","ENTITY","44527"
"hu5948","Handling Unit","","","","","","","ENTITY","44528"
"hu5964","Handling Unit","","","","","","","ENTITY","44529"
"hu5958","Handling Unit","","","","","","","ENTITY","44530"
"hu5943","Handling Unit","","","","","","","ENTITY","44531"
"hu5965","Handling Unit","","","","","","","ENTITY","44532"
"hu5952","Handling Unit","","","","","","","ENTITY","44533"
"hu5951","Handling Unit","","","","","","","ENTITY","44534"
"hu5953","Handling Unit","","","","","","","ENTITY","44535"
"hu5944","Handling Unit","","","","","","","ENTITY","44536"
"hu5957","Handling Unit","","","","","","","ENTITY","44537"
"hu5955","Handling Unit","","","","","","","ENTITY","44538"
"hu5966","Handling Unit","","","","","","","ENTITY","44539"
"hu5949","Handling Unit","","","","","","","ENTITY","44540"
"hu5946","Handling Unit","","","","","","","ENTITY","44541"
"hu5969","Handling Unit","","","","","","","ENTITY","44542"
"hu5972","Handling Unit","","","","","","","ENTITY","44543"
"hu5945","Handling Unit","","","","","","","ENTITY","44544"
"hu5967","Handling Unit","","","","","","","ENTITY","44545"
"hu5968","Handling Unit","","","","","","","ENTITY","44546"
"hu5956","Handling Unit","","","","","","","ENTITY","44547"
"hu5977","Handling Unit","","","","","","","ENTITY","44548"
"hu5971","Handling Unit","","","","","","","ENTITY","44549"
"hu5961","Handling Unit","","","","","","","ENTITY","44550"
"hu5976","Handling Unit","","","","","","","ENTITY","44551"
"hu5970","Handling Unit","","","","","","","ENTITY","44552"
"hu5959","Handling Unit","","","","","","","ENTITY","44553"
"hu5978","Handling Unit","","","","","","","ENTITY","44554"
"hu5975","Handling Unit","","","","","","","ENTITY","44555"
"hu5973","Handling Unit","","","","","","","ENTITY","44556"
"hu5963","Handling Unit","","","","","","","ENTITY","44557"
"hu5983","Handling Unit","","","","","","","ENTITY","44558"
"hu5974","Handling Unit","","","","","","","ENTITY","44559"
"hu5981","Handling Unit","","","","","","","ENTITY","44560"
"hu5984","Handling Unit","","","","","","","ENTITY","44561"
"hu5979","Handling Unit","","","","","","","ENTITY","44562"
"hu5950","Handling Unit","","","","","","","ENTITY","44563"
"hu5980","Handling Unit","","","","","","","ENTITY","44564"
"hu5982","Handling Unit","","","","","","","ENTITY","44565"
"hu5962","Handling Unit","","","","","","","ENTITY","44566"
"hu5954","Handling Unit","","","","","","","ENTITY","44567"
"hu5947","Handling Unit","","","","","","","ENTITY","44568"
"hu5960","Handling Unit","","","","","","","ENTITY","44569"
"hu5987","Handling Unit","","","","","","","ENTITY","44570"
"hu5989","Handling Unit","","","","","","","ENTITY","44571"
"hu5985","Handling Unit","","","","","","","ENTITY","44572"
"hu5986","Handling Unit","","","","","","","ENTITY","44573"
"hu5990","Handling Unit","","","","","","","ENTITY","44574"
"hu5988","Handling Unit","","","","","","","ENTITY","44575"
"hu5994","Handling Unit","","","","","","","ENTITY","44576"
"hu5996","Handling Unit","","","","","","","ENTITY","44577"
"hu6002","Handling Unit","","","","","","","ENTITY","44578"
"hu6004","Handling Unit","","","","","","","ENTITY","44579"
"hu5995","Handling Unit","","","","","","","ENTITY","44580"
"hu6006","Handling Unit","","","","","","","ENTITY","44581"
"hu5999","Handling Unit","","","","","","","ENTITY","44582"
"hu6013","Handling Unit","","","","","","","ENTITY","44583"
"hu6014","Handling Unit","","","","","","","ENTITY","44584"
"hu6007","Handling Unit","","","","","","","ENTITY","44585"
"hu5998","Handling Unit","","","","","","","ENTITY","44586"
"hu5991","Handling Unit","","","","","","","ENTITY","44587"
"hu5997","Handling Unit","","","","","","","ENTITY","44588"
"hu6011","Handling Unit","","","","","","","ENTITY","44589"
"hu6003","Handling Unit","","","","","","","ENTITY","44590"
"hu6010","Handling Unit","","","","","","","ENTITY","44591"
"hu6009","Handling Unit","","","","","","","ENTITY","44592"
"hu6016","Handling Unit","","","","","","","ENTITY","44593"
"hu6012","Handling Unit","","","","","","","ENTITY","44594"
"hu6001","Handling Unit","","","","","","","ENTITY","44595"
"hu6017","Handling Unit","","","","","","","ENTITY","44596"
"hu6008","Handling Unit","","","","","","","ENTITY","44597"
"hu6000","Handling Unit","","","","","","","ENTITY","44598"
"hu5993","Handling Unit","","","","","","","ENTITY","44599"
"hu6019","Handling Unit","","","","","","","ENTITY","44600"
"hu6023","Handling Unit","","","","","","","ENTITY","44601"
"hu6005","Handling Unit","","","","","","","ENTITY","44602"
"hu6025","Handling Unit","","","","","","","ENTITY","44603"
"hu6026","Handling Unit","","","","","","","ENTITY","44604"
"hu6020","Handling Unit","","","","","","","ENTITY","44605"
"hu6024","Handling Unit","","","","","","","ENTITY","44606"
"hu6021","Handling Unit","","","","","","","ENTITY","44607"
"hu6022","Handling Unit","","","","","","","ENTITY","44608"
"hu6018","Handling Unit","","","","","","","ENTITY","44609"
"hu5992","Handling Unit","","","","","","","ENTITY","44610"
"hu6015","Handling Unit","","","","","","","ENTITY","44611"
"hu6032","Handling Unit","","","","","","","ENTITY","44612"
"hu6031","Handling Unit","","","","","","","ENTITY","44613"
"hu6027","Handling Unit","","","","","","","ENTITY","44614"
"hu6028","Handling Unit","","","","","","","ENTITY","44615"
"hu6033","Handling Unit","","","","","","","ENTITY","44616"
"hu6035","Handling Unit","","","","","","","ENTITY","44617"
"hu6034","Handling Unit","","","","","","","ENTITY","44618"
"hu6029","Handling Unit","","","","","","","ENTITY","44619"
"hu6037","Handling Unit","","","","","","","ENTITY","44620"
"hu6038","Handling Unit","","","","","","","ENTITY","44621"
"hu6036","Handling Unit","","","","","","","ENTITY","44622"
"hu6030","Handling Unit","","","","","","","ENTITY","44623"
"hu6041","Handling Unit","","","","","","","ENTITY","44624"
"hu6044","Handling Unit","","","","","","","ENTITY","44625"
"hu6043","Handling Unit","","","","","","","ENTITY","44626"
"hu6042","Handling Unit","","","","","","","ENTITY","44627"
"hu6040","Handling Unit","","","","","","","ENTITY","44628"
"hu6039","Handling Unit","","","","","","","ENTITY","44629"
"hu6050","Handling Unit","","","","","","","ENTITY","44630"
"hu6046","Handling Unit","","","","","","","ENTITY","44631"
"hu6045","Handling Unit","","","","","","","ENTITY","44632"
"hu6048","Handling Unit","","","","","","","ENTITY","44633"
"hu6047","Handling Unit","","","","","","","ENTITY","44634"
"hu6049","Handling Unit","","","","","","","ENTITY","44635"
"hu6052","Handling Unit","","","","","","","ENTITY","44636"
"hu6060","Handling Unit","","","","","","","ENTITY","44637"
"hu6063","Handling Unit","","","","","","","ENTITY","44638"
"hu6068","Handling Unit","","","","","","","ENTITY","44639"
"hu6053","Handling Unit","","","","","","","ENTITY","44640"
"hu6061","Handling Unit","","","","","","","ENTITY","44641"
"hu6069","Handling Unit","","","","","","","ENTITY","44642"
"hu6051","Handling Unit","","","","","","","ENTITY","44643"
"hu6058","Handling Unit","","","","","","","ENTITY","44644"
"hu6072","Handling Unit","","","","","","","ENTITY","44645"
"hu6056","Handling Unit","","","","","","","ENTITY","44646"
"hu6064","Handling Unit","","","","","","","ENTITY","44647"
"hu6070","Handling Unit","","","","","","","ENTITY","44648"
"hu6059","Handling Unit","","","","","","","ENTITY","44649"
"hu6057","Handling Unit","","","","","","","ENTITY","44650"
"hu6073","Handling Unit","","","","","","","ENTITY","44651"
"hu6054","Handling Unit","","","","","","","ENTITY","44652"
"hu6055","Handling Unit","","","","","","","ENTITY","44653"
"hu6071","Handling Unit","","","","","","","ENTITY","44654"
"hu6066","Handling Unit","","","","","","","ENTITY","44655"
"hu6062","Handling Unit","","","","","","","ENTITY","44656"
"hu6067","Handling Unit","","","","","","","ENTITY","44657"
"hu6065","Handling Unit","","","","","","","ENTITY","44658"
"hu6078","Handling Unit","","","","","","","ENTITY","44659"
"hu6075","Handling Unit","","","","","","","ENTITY","44660"
"hu6090","Handling Unit","","","","","","","ENTITY","44661"
"hu6098","Handling Unit","","","","","","","ENTITY","44662"
"hu6101","Handling Unit","","","","","","","ENTITY","44663"
"hu6095","Handling Unit","","","","","","","ENTITY","44664"
"hu6081","Handling Unit","","","","","","","ENTITY","44665"
"hu6077","Handling Unit","","","","","","","ENTITY","44666"
"hu6094","Handling Unit","","","","","","","ENTITY","44667"
"hu6085","Handling Unit","","","","","","","ENTITY","44668"
"hu6074","Handling Unit","","","","","","","ENTITY","44669"
"hu6097","Handling Unit","","","","","","","ENTITY","44670"
"hu6080","Handling Unit","","","","","","","ENTITY","44671"
"hu6089","Handling Unit","","","","","","","ENTITY","44672"
"hu6103","Handling Unit","","","","","","","ENTITY","44673"
"hu6082","Handling Unit","","","","","","","ENTITY","44674"
"hu6093","Handling Unit","","","","","","","ENTITY","44675"
"hu6088","Handling Unit","","","","","","","ENTITY","44676"
"hu6087","Handling Unit","","","","","","","ENTITY","44677"
"hu6086","Handling Unit","","","","","","","ENTITY","44678"
"hu6076","Handling Unit","","","","","","","ENTITY","44679"
"hu6100","Handling Unit","","","","","","","ENTITY","44680"
"hu6092","Handling Unit","","","","","","","ENTITY","44681"
"hu6084","Handling Unit","","","","","","","ENTITY","44682"
"hu6091","Handling Unit","","","","","","","ENTITY","44683"
"hu6099","Handling Unit","","","","","","","ENTITY","44684"
"hu6079","Handling Unit","","","","","","","ENTITY","44685"
"hu6096","Handling Unit","","","","","","","ENTITY","44686"
"hu6102","Handling Unit","","","","","","","ENTITY","44687"
"hu6083","Handling Unit","","","","","","","ENTITY","44688"
"hu6109","Handling Unit","","","","","","","ENTITY","44689"
"hu6106","Handling Unit","","","","","","","ENTITY","44690"
"hu6107","Handling Unit","","","","","","","ENTITY","44691"
"hu6104","Handling Unit","","","","","","","ENTITY","44692"
"hu6108","Handling Unit","","","","","","","ENTITY","44693"
"hu6105","Handling Unit","","","","","","","ENTITY","44694"
"hu6115","Handling Unit","","","","","","","ENTITY","44695"
"hu6114","Handling Unit","","","","","","","ENTITY","44696"
"hu6113","Handling Unit","","","","","","","ENTITY","44697"
"hu6111","Handling Unit","","","","","","","ENTITY","44698"
"hu6112","Handling Unit","","","","","","","ENTITY","44699"
"hu6110","Handling Unit","","","","","","","ENTITY","44700"
"hu6116","Handling Unit","","","","","","","ENTITY","44701"
"hu6140","Handling Unit","","","","","","","ENTITY","44702"
"hu6134","Handling Unit","","","","","","","ENTITY","44703"
"hu6133","Handling Unit","","","","","","","ENTITY","44704"
"hu6137","Handling Unit","","","","","","","ENTITY","44705"
"hu6141","Handling Unit","","","","","","","ENTITY","44706"
"hu6139","Handling Unit","","","","","","","ENTITY","44707"
"hu6136","Handling Unit","","","","","","","ENTITY","44708"
"hu6142","Handling Unit","","","","","","","ENTITY","44709"
"hu6124","Handling Unit","","","","","","","ENTITY","44710"
"hu6119","Handling Unit","","","","","","","ENTITY","44711"
"hu6127","Handling Unit","","","","","","","ENTITY","44712"
"hu6123","Handling Unit","","","","","","","ENTITY","44713"
"hu6130","Handling Unit","","","","","","","ENTITY","44714"
"hu6135","Handling Unit","","","","","","","ENTITY","44715"
"hu6117","Handling Unit","","","","","","","ENTITY","44716"
"hu6120","Handling Unit","","","","","","","ENTITY","44717"
"hu6128","Handling Unit","","","","","","","ENTITY","44718"
"hu6121","Handling Unit","","","","","","","ENTITY","44719"
"hu6132","Handling Unit","","","","","","","ENTITY","44720"
"hu6122","Handling Unit","","","","","","","ENTITY","44721"
"hu6129","Handling Unit","","","","","","","ENTITY","44722"
"hu6145","Handling Unit","","","","","","","ENTITY","44723"
"hu6125","Handling Unit","","","","","","","ENTITY","44724"
"hu6118","Handling Unit","","","","","","","ENTITY","44725"
"hu6138","Handling Unit","","","","","","","ENTITY","44726"
"hu6144","Handling Unit","","","","","","","ENTITY","44727"
"hu6147","Handling Unit","","","","","","","ENTITY","44728"
"hu6150","Handling Unit","","","","","","","ENTITY","44729"
"hu6151","Handling Unit","","","","","","","ENTITY","44730"
"hu6148","Handling Unit","","","","","","","ENTITY","44731"
"hu6143","Handling Unit","","","","","","","ENTITY","44732"
"hu6131","Handling Unit","","","","","","","ENTITY","44733"
"hu6146","Handling Unit","","","","","","","ENTITY","44734"
"hu6152","Handling Unit","","","","","","","ENTITY","44735"
"hu6149","Handling Unit","","","","","","","ENTITY","44736"
"hu6156","Handling Unit","","","","","","","ENTITY","44737"
"hu6162","Handling Unit","","","","","","","ENTITY","44738"
"hu6163","Handling Unit","","","","","","","ENTITY","44739"
"hu6161","Handling Unit","","","","","","","ENTITY","44740"
"hu6175","Handling Unit","","","","","","","ENTITY","44741"
"hu6170","Handling Unit","","","","","","","ENTITY","44742"
"hu6164","Handling Unit","","","","","","","ENTITY","44743"
"hu6166","Handling Unit","","","","","","","ENTITY","44744"
"hu6172","Handling Unit","","","","","","","ENTITY","44745"
"hu6171","Handling Unit","","","","","","","ENTITY","44746"
"hu6173","Handling Unit","","","","","","","ENTITY","44747"
"hu6155","Handling Unit","","","","","","","ENTITY","44748"
"hu6169","Handling Unit","","","","","","","ENTITY","44749"
"hu6168","Handling Unit","","","","","","","ENTITY","44750"
"hu6174","Handling Unit","","","","","","","ENTITY","44751"
"hu6167","Handling Unit","","","","","","","ENTITY","44752"
"hu6160","Handling Unit","","","","","","","ENTITY","44753"
"hu6165","Handling Unit","","","","","","","ENTITY","44754"
"hu6153","Handling Unit","","","","","","","ENTITY","44755"
"hu6154","Handling Unit","","","","","","","ENTITY","44756"
"hu6159","Handling Unit","","","","","","","ENTITY","44757"
"hu6179","Handling Unit","","","","","","","ENTITY","44758"
"hu6182","Handling Unit","","","","","","","ENTITY","44759"
"hu6157","Handling Unit","","","","","","","ENTITY","44760"
"hu6187","Handling Unit","","","","","","","ENTITY","44761"
"hu6176","Handling Unit","","","","","","","ENTITY","44762"
"hu6189","Handling Unit","","","","","","","ENTITY","44763"
"hu6188","Handling Unit","","","","","","","ENTITY","44764"
"hu6186","Handling Unit","","","","","","","ENTITY","44765"
"hu6184","Handling Unit","","","","","","","ENTITY","44766"
"hu6178","Handling Unit","","","","","","","ENTITY","44767"
"hu6158","Handling Unit","","","","","","","ENTITY","44768"
"hu6183","Handling Unit","","","","","","","ENTITY","44769"
"hu6126","Handling Unit","","","","","","","ENTITY","44770"
"hu6190","Handling Unit","","","","","","","ENTITY","44771"
"hu6195","Handling Unit","","","","","","","ENTITY","44772"
"hu6193","Handling Unit","","","","","","","ENTITY","44773"
"hu6192","Handling Unit","","","","","","","ENTITY","44774"
"hu6180","Handling Unit","","","","","","","ENTITY","44775"
"hu6177","Handling Unit","","","","","","","ENTITY","44776"
"hu6196","Handling Unit","","","","","","","ENTITY","44777"
"hu6191","Handling Unit","","","","","","","ENTITY","44778"
"hu6197","Handling Unit","","","","","","","ENTITY","44779"
"hu6181","Handling Unit","","","","","","","ENTITY","44780"
"hu6199","Handling Unit","","","","","","","ENTITY","44781"
"hu6194","Handling Unit","","","","","","","ENTITY","44782"
"hu6198","Handling Unit","","","","","","","ENTITY","44783"
"hu6185","Handling Unit","","","","","","","ENTITY","44784"
"hu6200","Handling Unit","","","","","","","ENTITY","44785"
"hu6202","Handling Unit","","","","","","","ENTITY","44786"
"hu6201","Handling Unit","","","","","","","ENTITY","44787"
"hu6208","Handling Unit","","","","","","","ENTITY","44788"
"hu6203","Handling Unit","","","","","","","ENTITY","44789"
"hu6209","Handling Unit","","","","","","","ENTITY","44790"
"hu6217","Handling Unit","","","","","","","ENTITY","44791"
"hu6219","Handling Unit","","","","","","","ENTITY","44792"
"hu6207","Handling Unit","","","","","","","ENTITY","44793"
"hu6204","Handling Unit","","","","","","","ENTITY","44794"
"hu6213","Handling Unit","","","","","","","ENTITY","44795"
"hu6210","Handling Unit","","","","","","","ENTITY","44796"
"hu6215","Handling Unit","","","","","","","ENTITY","44797"
"hu6211","Handling Unit","","","","","","","ENTITY","44798"
"hu6216","Handling Unit","","","","","","","ENTITY","44799"
"hu6206","Handling Unit","","","","","","","ENTITY","44800"
"hu6226","Handling Unit","","","","","","","ENTITY","44801"
"hu6218","Handling Unit","","","","","","","ENTITY","44802"
"hu6223","Handling Unit","","","","","","","ENTITY","44803"
"hu6221","Handling Unit","","","","","","","ENTITY","44804"
"hu6222","Handling Unit","","","","","","","ENTITY","44805"
"hu6212","Handling Unit","","","","","","","ENTITY","44806"
"hu6205","Handling Unit","","","","","","","ENTITY","44807"
"hu6220","Handling Unit","","","","","","","ENTITY","44808"
"hu6225","Handling Unit","","","","","","","ENTITY","44809"
"hu6224","Handling Unit","","","","","","","ENTITY","44810"
"hu6214","Handling Unit","","","","","","","ENTITY","44811"
"hu6227","Handling Unit","","","","","","","ENTITY","44812"
"hu6231","Handling Unit","","","","","","","ENTITY","44813"
"hu6232","Handling Unit","","","","","","","ENTITY","44814"
"hu6233","Handling Unit","","","","","","","ENTITY","44815"
"hu6229","Handling Unit","","","","","","","ENTITY","44816"
"hu6228","Handling Unit","","","","","","","ENTITY","44817"
"hu6230","Handling Unit","","","","","","","ENTITY","44818"
"hu6237","Handling Unit","","","","","","","ENTITY","44819"
"hu6239","Handling Unit","","","","","","","ENTITY","44820"
"hu6236","Handling Unit","","","","","","","ENTITY","44821"
"hu6246","Handling Unit","","","","","","","ENTITY","44822"
"hu6238","Handling Unit","","","","","","","ENTITY","44823"
"hu6244","Handling Unit","","","","","","","ENTITY","44824"
"hu6250","Handling Unit","","","","","","","ENTITY","44825"
"hu6242","Handling Unit","","","","","","","ENTITY","44826"
"hu6245","Handling Unit","","","","","","","ENTITY","44827"
"hu6234","Handling Unit","","","","","","","ENTITY","44828"
"hu6251","Handling Unit","","","","","","","ENTITY","44829"
"hu6247","Handling Unit","","","","","","","ENTITY","44830"
"hu6249","Handling Unit","","","","","","","ENTITY","44831"
"hu6235","Handling Unit","","","","","","","ENTITY","44832"
"hu6252","Handling Unit","","","","","","","ENTITY","44833"
"hu6243","Handling Unit","","","","","","","ENTITY","44834"
"hu6253","Handling Unit","","","","","","","ENTITY","44835"
"hu6240","Handling Unit","","","","","","","ENTITY","44836"
"hu6254","Handling Unit","","","","","","","ENTITY","44837"
"hu6256","Handling Unit","","","","","","","ENTITY","44838"
"hu6255","Handling Unit","","","","","","","ENTITY","44839"
"hu6248","Handling Unit","","","","","","","ENTITY","44840"
"hu6241","Handling Unit","","","","","","","ENTITY","44841"
"hu6257","Handling Unit","","","","","","","ENTITY","44842"
"hu6260","Handling Unit","","","","","","","ENTITY","44843"
"hu6262","Handling Unit","","","","","","","ENTITY","44844"
"hu6261","Handling Unit","","","","","","","ENTITY","44845"
"hu6259","Handling Unit","","","","","","","ENTITY","44846"
"hu6263","Handling Unit","","","","","","","ENTITY","44847"
"hu6273","Handling Unit","","","","","","","ENTITY","44848"
"hu6265","Handling Unit","","","","","","","ENTITY","44849"
"hu6286","Handling Unit","","","","","","","ENTITY","44850"
"hu6283","Handling Unit","","","","","","","ENTITY","44851"
"hu6272","Handling Unit","","","","","","","ENTITY","44852"
"hu6266","Handling Unit","","","","","","","ENTITY","44853"
"hu6264","Handling Unit","","","","","","","ENTITY","44854"
"hu6289","Handling Unit","","","","","","","ENTITY","44855"
"hu6268","Handling Unit","","","","","","","ENTITY","44856"
"hu6285","Handling Unit","","","","","","","ENTITY","44857"
"hu6292","Handling Unit","","","","","","","ENTITY","44858"
"hu6282","Handling Unit","","","","","","","ENTITY","44859"
"hu6281","Handling Unit","","","","","","","ENTITY","44860"
"hu6293","Handling Unit","","","","","","","ENTITY","44861"
"hu6279","Handling Unit","","","","","","","ENTITY","44862"
"hu6284","Handling Unit","","","","","","","ENTITY","44863"
"hu6278","Handling Unit","","","","","","","ENTITY","44864"
"hu6280","Handling Unit","","","","","","","ENTITY","44865"
"hu6276","Handling Unit","","","","","","","ENTITY","44866"
"hu6277","Handling Unit","","","","","","","ENTITY","44867"
"hu6271","Handling Unit","","","","","","","ENTITY","44868"
"hu6290","Handling Unit","","","","","","","ENTITY","44869"
"hu6270","Handling Unit","","","","","","","ENTITY","44870"
"hu6258","Handling Unit","","","","","","","ENTITY","44871"
"hu6269","Handling Unit","","","","","","","ENTITY","44872"
"hu6275","Handling Unit","","","","","","","ENTITY","44873"
"hu6288","Handling Unit","","","","","","","ENTITY","44874"
"hu6291","Handling Unit","","","","","","","ENTITY","44875"
"hu6287","Handling Unit","","","","","","","ENTITY","44876"
"hu6267","Handling Unit","","","","","","","ENTITY","44877"
"hu6274","Handling Unit","","","","","","","ENTITY","44878"
"hu6296","Handling Unit","","","","","","","ENTITY","44879"
"hu6298","Handling Unit","","","","","","","ENTITY","44880"
"hu6299","Handling Unit","","","","","","","ENTITY","44881"
"hu6295","Handling Unit","","","","","","","ENTITY","44882"
"hu6316","Handling Unit","","","","","","","ENTITY","44883"
"hu6309","Handling Unit","","","","","","","ENTITY","44884"
"hu6312","Handling Unit","","","","","","","ENTITY","44885"
"hu6294","Handling Unit","","","","","","","ENTITY","44886"
"hu6307","Handling Unit","","","","","","","ENTITY","44887"
"hu6310","Handling Unit","","","","","","","ENTITY","44888"
"hu6308","Handling Unit","","","","","","","ENTITY","44889"
"hu6315","Handling Unit","","","","","","","ENTITY","44890"
"hu6313","Handling Unit","","","","","","","ENTITY","44891"
"hu6297","Handling Unit","","","","","","","ENTITY","44892"
"hu6305","Handling Unit","","","","","","","ENTITY","44893"
"hu6322","Handling Unit","","","","","","","ENTITY","44894"
"hu6301","Handling Unit","","","","","","","ENTITY","44895"
"hu6306","Handling Unit","","","","","","","ENTITY","44896"
"hu6324","Handling Unit","","","","","","","ENTITY","44897"
"hu6323","Handling Unit","","","","","","","ENTITY","44898"
"hu6300","Handling Unit","","","","","","","ENTITY","44899"
"hu6320","Handling Unit","","","","","","","ENTITY","44900"
"hu6329","Handling Unit","","","","","","","ENTITY","44901"
"hu6311","Handling Unit","","","","","","","ENTITY","44902"
"hu6328","Handling Unit","","","","","","","ENTITY","44903"
"hu6314","Handling Unit","","","","","","","ENTITY","44904"
"hu6318","Handling Unit","","","","","","","ENTITY","44905"
"hu6326","Handling Unit","","","","","","","ENTITY","44906"
"hu6331","Handling Unit","","","","","","","ENTITY","44907"
"hu6302","Handling Unit","","","","","","","ENTITY","44908"
"hu6303","Handling Unit","","","","","","","ENTITY","44909"
"hu6335","Handling Unit","","","","","","","ENTITY","44910"
"hu6321","Handling Unit","","","","","","","ENTITY","44911"
"hu6317","Handling Unit","","","","","","","ENTITY","44912"
"hu6333","Handling Unit","","","","","","","ENTITY","44913"
"hu6336","Handling Unit","","","","","","","ENTITY","44914"
"hu6332","Handling Unit","","","","","","","ENTITY","44915"
"hu6327","Handling Unit","","","","","","","ENTITY","44916"
"hu6330","Handling Unit","","","","","","","ENTITY","44917"
"hu6304","Handling Unit","","","","","","","ENTITY","44918"
"hu6334","Handling Unit","","","","","","","ENTITY","44919"
"hu6319","Handling Unit","","","","","","","ENTITY","44920"
"hu6325","Handling Unit","","","","","","","ENTITY","44921"
"hu6344","Handling Unit","","","","","","","ENTITY","44922"
"hu6341","Handling Unit","","","","","","","ENTITY","44923"
"hu6340","Handling Unit","","","","","","","ENTITY","44924"
"hu6337","Handling Unit","","","","","","","ENTITY","44925"
"hu6342","Handling Unit","","","","","","","ENTITY","44926"
"hu6343","Handling Unit","","","","","","","ENTITY","44927"
"hu6339","Handling Unit","","","","","","","ENTITY","44928"
"hu6338","Handling Unit","","","","","","","ENTITY","44929"
"hu6345","Handling Unit","","","","","","","ENTITY","44930"
"hu6346","Handling Unit","","","","","","","ENTITY","44931"
"hu6350","Handling Unit","","","","","","","ENTITY","44932"
"hu6349","Handling Unit","","","","","","","ENTITY","44933"
"hu6351","Handling Unit","","","","","","","ENTITY","44934"
"hu6352","Handling Unit","","","","","","","ENTITY","44935"
"hu6363","Handling Unit","","","","","","","ENTITY","44936"
"hu6357","Handling Unit","","","","","","","ENTITY","44937"
"hu6348","Handling Unit","","","","","","","ENTITY","44938"
"hu6354","Handling Unit","","","","","","","ENTITY","44939"
"hu6360","Handling Unit","","","","","","","ENTITY","44940"
"hu6358","Handling Unit","","","","","","","ENTITY","44941"
"hu6361","Handling Unit","","","","","","","ENTITY","44942"
"hu6355","Handling Unit","","","","","","","ENTITY","44943"
"hu6353","Handling Unit","","","","","","","ENTITY","44944"
"hu6356","Handling Unit","","","","","","","ENTITY","44945"
"hu6359","Handling Unit","","","","","","","ENTITY","44946"
"hu6362","Handling Unit","","","","","","","ENTITY","44947"
"hu6347","Handling Unit","","","","","","","ENTITY","44948"
"hu6365","Handling Unit","","","","","","","ENTITY","44949"
"hu6367","Handling Unit","","","","","","","ENTITY","44950"
"hu6371","Handling Unit","","","","","","","ENTITY","44951"
"hu6369","Handling Unit","","","","","","","ENTITY","44952"
"hu6368","Handling Unit","","","","","","","ENTITY","44953"
"hu6366","Handling Unit","","","","","","","ENTITY","44954"
"hu6372","Handling Unit","","","","","","","ENTITY","44955"
"hu6370","Handling Unit","","","","","","","ENTITY","44956"
"hu6364","Handling Unit","","","","","","","ENTITY","44957"
"hu6373","Handling Unit","","","","","","","ENTITY","44958"
"hu6374","Handling Unit","","","","","","","ENTITY","44959"
"hu6377","Handling Unit","","","","","","","ENTITY","44960"
"hu6378","Handling Unit","","","","","","","ENTITY","44961"
"hu6376","Handling Unit","","","","","","","ENTITY","44962"
"hu6375","Handling Unit","","","","","","","ENTITY","44963"
"hu6384","Handling Unit","","","","","","","ENTITY","44964"
"hu6380","Handling Unit","","","","","","","ENTITY","44965"
"hu6381","Handling Unit","","","","","","","ENTITY","44966"
"hu6382","Handling Unit","","","","","","","ENTITY","44967"
"hu6379","Handling Unit","","","","","","","ENTITY","44968"
"hu6383","Handling Unit","","","","","","","ENTITY","44969"
"hu6386","Handling Unit","","","","","","","ENTITY","44970"
"hu6390","Handling Unit","","","","","","","ENTITY","44971"
"hu6389","Handling Unit","","","","","","","ENTITY","44972"
"hu6388","Handling Unit","","","","","","","ENTITY","44973"
"hu6387","Handling Unit","","","","","","","ENTITY","44974"
"hu6385","Handling Unit","","","","","","","ENTITY","44975"
"hu6392","Handling Unit","","","","","","","ENTITY","44976"
"hu6398","Handling Unit","","","","","","","ENTITY","44977"
"hu6404","Handling Unit","","","","","","","ENTITY","44978"
"hu6405","Handling Unit","","","","","","","ENTITY","44979"
"hu6395","Handling Unit","","","","","","","ENTITY","44980"
"hu6406","Handling Unit","","","","","","","ENTITY","44981"
"hu6399","Handling Unit","","","","","","","ENTITY","44982"
"hu6396","Handling Unit","","","","","","","ENTITY","44983"
"hu6391","Handling Unit","","","","","","","ENTITY","44984"
"hu6401","Handling Unit","","","","","","","ENTITY","44985"
"hu6407","Handling Unit","","","","","","","ENTITY","44986"
"hu6393","Handling Unit","","","","","","","ENTITY","44987"
"hu6403","Handling Unit","","","","","","","ENTITY","44988"
"hu6397","Handling Unit","","","","","","","ENTITY","44989"
"hu6394","Handling Unit","","","","","","","ENTITY","44990"
"hu6400","Handling Unit","","","","","","","ENTITY","44991"
"hu6402","Handling Unit","","","","","","","ENTITY","44992"
"hu6408","Handling Unit","","","","","","","ENTITY","44993"
"hu6420","Handling Unit","","","","","","","ENTITY","44994"
"hu6434","Handling Unit","","","","","","","ENTITY","44995"
"hu6435","Handling Unit","","","","","","","ENTITY","44996"
"hu6433","Handling Unit","","","","","","","ENTITY","44997"
"hu6423","Handling Unit","","","","","","","ENTITY","44998"
"hu6432","Handling Unit","","","","","","","ENTITY","44999"
"hu6439","Handling Unit","","","","","","","ENTITY","45000"
"hu6438","Handling Unit","","","","","","","ENTITY","45001"
"hu6443","Handling Unit","","","","","","","ENTITY","45002"
"hu6413","Handling Unit","","","","","","","ENTITY","45003"
"hu6430","Handling Unit","","","","","","","ENTITY","45004"
"hu6414","Handling Unit","","","","","","","ENTITY","45005"
"hu6411","Handling Unit","","","","","","","ENTITY","45006"
"hu6412","Handling Unit","","","","","","","ENTITY","45007"
"hu6436","Handling Unit","","","","","","","ENTITY","45008"
"hu6421","Handling Unit","","","","","","","ENTITY","45009"
"hu6409","Handling Unit","","","","","","","ENTITY","45010"
"hu6429","Handling Unit","","","","","","","ENTITY","45011"
"hu6427","Handling Unit","","","","","","","ENTITY","45012"
"hu6424","Handling Unit","","","","","","","ENTITY","45013"
"hu6442","Handling Unit","","","","","","","ENTITY","45014"
"hu6440","Handling Unit","","","","","","","ENTITY","45015"
"hu6415","Handling Unit","","","","","","","ENTITY","45016"
"hu6437","Handling Unit","","","","","","","ENTITY","45017"
"hu6417","Handling Unit","","","","","","","ENTITY","45018"
"hu6441","Handling Unit","","","","","","","ENTITY","45019"
"hu6410","Handling Unit","","","","","","","ENTITY","45020"
"hu6422","Handling Unit","","","","","","","ENTITY","45021"
"hu6431","Handling Unit","","","","","","","ENTITY","45022"
"hu6418","Handling Unit","","","","","","","ENTITY","45023"
"hu6425","Handling Unit","","","","","","","ENTITY","45024"
"hu6450","Handling Unit","","","","","","","ENTITY","45025"
"hu6419","Handling Unit","","","","","","","ENTITY","45026"
"hu6447","Handling Unit","","","","","","","ENTITY","45027"
"hu6426","Handling Unit","","","","","","","ENTITY","45028"
"hu6428","Handling Unit","","","","","","","ENTITY","45029"
"hu6416","Handling Unit","","","","","","","ENTITY","45030"
"hu6452","Handling Unit","","","","","","","ENTITY","45031"
"hu6448","Handling Unit","","","","","","","ENTITY","45032"
"hu6445","Handling Unit","","","","","","","ENTITY","45033"
"hu6460","Handling Unit","","","","","","","ENTITY","45034"
"hu6464","Handling Unit","","","","","","","ENTITY","45035"
"hu6454","Handling Unit","","","","","","","ENTITY","45036"
"hu6466","Handling Unit","","","","","","","ENTITY","45037"
"hu6467","Handling Unit","","","","","","","ENTITY","45038"
"hu6444","Handling Unit","","","","","","","ENTITY","45039"
"hu6451","Handling Unit","","","","","","","ENTITY","45040"
"hu6472","Handling Unit","","","","","","","ENTITY","45041"
"hu6473","Handling Unit","","","","","","","ENTITY","45042"
"hu6459","Handling Unit","","","","","","","ENTITY","45043"
"hu6446","Handling Unit","","","","","","","ENTITY","45044"
"hu6468","Handling Unit","","","","","","","ENTITY","45045"
"hu6471","Handling Unit","","","","","","","ENTITY","45046"
"hu6461","Handling Unit","","","","","","","ENTITY","45047"
"hu6453","Handling Unit","","","","","","","ENTITY","45048"
"hu6465","Handling Unit","","","","","","","ENTITY","45049"
"hu6470","Handling Unit","","","","","","","ENTITY","45050"
"hu6455","Handling Unit","","","","","","","ENTITY","45051"
"hu6457","Handling Unit","","","","","","","ENTITY","45052"
"hu6449","Handling Unit","","","","","","","ENTITY","45053"
"hu6475","Handling Unit","","","","","","","ENTITY","45054"
"hu6474","Handling Unit","","","","","","","ENTITY","45055"
"hu6463","Handling Unit","","","","","","","ENTITY","45056"
"hu6462","Handling Unit","","","","","","","ENTITY","45057"
"hu6456","Handling Unit","","","","","","","ENTITY","45058"
"hu6469","Handling Unit","","","","","","","ENTITY","45059"
"hu6458","Handling Unit","","","","","","","ENTITY","45060"
"hu6476","Handling Unit","","","","","","","ENTITY","45061"
"hu6477","Handling Unit","","","","","","","ENTITY","45062"
"hu6478","Handling Unit","","","","","","","ENTITY","45063"
"hu6480","Handling Unit","","","","","","","ENTITY","45064"
"hu6494","Handling Unit","","","","","","","ENTITY","45065"
"hu6485","Handling Unit","","","","","","","ENTITY","45066"
"hu6481","Handling Unit","","","","","","","ENTITY","45067"
"hu6498","Handling Unit","","","","","","","ENTITY","45068"
"hu6492","Handling Unit","","","","","","","ENTITY","45069"
"hu6488","Handling Unit","","","","","","","ENTITY","45070"
"hu6487","Handling Unit","","","","","","","ENTITY","45071"
"hu6499","Handling Unit","","","","","","","ENTITY","45072"
"hu6482","Handling Unit","","","","","","","ENTITY","45073"
"hu6495","Handling Unit","","","","","","","ENTITY","45074"
"hu6490","Handling Unit","","","","","","","ENTITY","45075"
"hu6483","Handling Unit","","","","","","","ENTITY","45076"
"hu6484","Handling Unit","","","","","","","ENTITY","45077"
"hu6479","Handling Unit","","","","","","","ENTITY","45078"
"hu6486","Handling Unit","","","","","","","ENTITY","45079"
"hu6497","Handling Unit","","","","","","","ENTITY","45080"
"hu6489","Handling Unit","","","","","","","ENTITY","45081"
"hu6491","Handling Unit","","","","","","","ENTITY","45082"
"hu6496","Handling Unit","","","","","","","ENTITY","45083"
"hu6493","Handling Unit","","","","","","","ENTITY","45084"
"hu6503","Handling Unit","","","","","","","ENTITY","45085"
"hu6501","Handling Unit","","","","","","","ENTITY","45086"
"hu6505","Handling Unit","","","","","","","ENTITY","45087"
"hu6502","Handling Unit","","","","","","","ENTITY","45088"
"hu6500","Handling Unit","","","","","","","ENTITY","45089"
"hu6504","Handling Unit","","","","","","","ENTITY","45090"
"hu6508","Handling Unit","","","","","","","ENTITY","45091"
"hu6507","Handling Unit","","","","","","","ENTITY","45092"
"hu6509","Handling Unit","","","","","","","ENTITY","45093"
"hu6511","Handling Unit","","","","","","","ENTITY","45094"
"hu6510","Handling Unit","","","","","","","ENTITY","45095"
"hu6506","Handling Unit","","","","","","","ENTITY","45096"
"hu6514","Handling Unit","","","","","","","ENTITY","45097"
"hu6517","Handling Unit","","","","","","","ENTITY","45098"
"hu6512","Handling Unit","","","","","","","ENTITY","45099"
"hu6516","Handling Unit","","","","","","","ENTITY","45100"
"hu6513","Handling Unit","","","","","","","ENTITY","45101"
"hu6515","Handling Unit","","","","","","","ENTITY","45102"
"hu6519","Handling Unit","","","","","","","ENTITY","45103"
"hu6520","Handling Unit","","","","","","","ENTITY","45104"
"hu6518","Handling Unit","","","","","","","ENTITY","45105"
"hu6522","Handling Unit","","","","","","","ENTITY","45106"
"hu6526","Handling Unit","","","","","","","ENTITY","45107"
"hu6524","Handling Unit","","","","","","","ENTITY","45108"
"hu6525","Handling Unit","","","","","","","ENTITY","45109"
"hu6523","Handling Unit","","","","","","","ENTITY","45110"
"hu6528","Handling Unit","","","","","","","ENTITY","45111"
"hu6527","Handling Unit","","","","","","","ENTITY","45112"
"hu6521","Handling Unit","","","","","","","ENTITY","45113"
"hu6529","Handling Unit","","","","","","","ENTITY","45114"
"hu6535","Handling Unit","","","","","","","ENTITY","45115"
"hu6531","Handling Unit","","","","","","","ENTITY","45116"
"hu6532","Handling Unit","","","","","","","ENTITY","45117"
"hu6530","Handling Unit","","","","","","","ENTITY","45118"
"hu6549","Handling Unit","","","","","","","ENTITY","45119"
"hu6541","Handling Unit","","","","","","","ENTITY","45120"
"hu6553","Handling Unit","","","","","","","ENTITY","45121"
"hu6552","Handling Unit","","","","","","","ENTITY","45122"
"hu6545","Handling Unit","","","","","","","ENTITY","45123"
"hu6551","Handling Unit","","","","","","","ENTITY","45124"
"hu6534","Handling Unit","","","","","","","ENTITY","45125"
"hu6546","Handling Unit","","","","","","","ENTITY","45126"
"hu6539","Handling Unit","","","","","","","ENTITY","45127"
"hu6536","Handling Unit","","","","","","","ENTITY","45128"
"hu6548","Handling Unit","","","","","","","ENTITY","45129"
"hu6543","Handling Unit","","","","","","","ENTITY","45130"
"hu6550","Handling Unit","","","","","","","ENTITY","45131"
"hu6542","Handling Unit","","","","","","","ENTITY","45132"
"hu6540","Handling Unit","","","","","","","ENTITY","45133"
"hu6538","Handling Unit","","","","","","","ENTITY","45134"
"hu6544","Handling Unit","","","","","","","ENTITY","45135"
"hu6537","Handling Unit","","","","","","","ENTITY","45136"
"hu6533","Handling Unit","","","","","","","ENTITY","45137"
"hu6547","Handling Unit","","","","","","","ENTITY","45138"
"hu6555","Handling Unit","","","","","","","ENTITY","45139"
"hu6562","Handling Unit","","","","","","","ENTITY","45140"
"hu6569","Handling Unit","","","","","","","ENTITY","45141"
"hu6566","Handling Unit","","","","","","","ENTITY","45142"
"hu6568","Handling Unit","","","","","","","ENTITY","45143"
"hu6554","Handling Unit","","","","","","","ENTITY","45144"
"hu6560","Handling Unit","","","","","","","ENTITY","45145"
"hu6557","Handling Unit","","","","","","","ENTITY","45146"
"hu6570","Handling Unit","","","","","","","ENTITY","45147"
"hu6556","Handling Unit","","","","","","","ENTITY","45148"
"hu6564","Handling Unit","","","","","","","ENTITY","45149"
"hu6565","Handling Unit","","","","","","","ENTITY","45150"
"hu6558","Handling Unit","","","","","","","ENTITY","45151"
"hu6559","Handling Unit","","","","","","","ENTITY","45152"
"hu6561","Handling Unit","","","","","","","ENTITY","45153"
"hu6563","Handling Unit","","","","","","","ENTITY","45154"
"hu6571","Handling Unit","","","","","","","ENTITY","45155"
"hu6567","Handling Unit","","","","","","","ENTITY","45156"
"hu6573","Handling Unit","","","","","","","ENTITY","45157"
"hu6572","Handling Unit","","","","","","","ENTITY","45158"
"hu6575","Handling Unit","","","","","","","ENTITY","45159"
"hu6579","Handling Unit","","","","","","","ENTITY","45160"
"hu6574","Handling Unit","","","","","","","ENTITY","45161"
"hu6578","Handling Unit","","","","","","","ENTITY","45162"
"hu6581","Handling Unit","","","","","","","ENTITY","45163"
"hu6577","Handling Unit","","","","","","","ENTITY","45164"
"hu6588","Handling Unit","","","","","","","ENTITY","45165"
"hu6583","Handling Unit","","","","","","","ENTITY","45166"
"hu6593","Handling Unit","","","","","","","ENTITY","45167"
"hu6596","Handling Unit","","","","","","","ENTITY","45168"
"hu6576","Handling Unit","","","","","","","ENTITY","45169"
"hu6585","Handling Unit","","","","","","","ENTITY","45170"
"hu6586","Handling Unit","","","","","","","ENTITY","45171"
"hu6601","Handling Unit","","","","","","","ENTITY","45172"
"hu6589","Handling Unit","","","","","","","ENTITY","45173"
"hu6587","Handling Unit","","","","","","","ENTITY","45174"
"hu6584","Handling Unit","","","","","","","ENTITY","45175"
"hu6592","Handling Unit","","","","","","","ENTITY","45176"
"hu6595","Handling Unit","","","","","","","ENTITY","45177"
"hu6590","Handling Unit","","","","","","","ENTITY","45178"
"hu6598","Handling Unit","","","","","","","ENTITY","45179"
"hu6582","Handling Unit","","","","","","","ENTITY","45180"
"hu6594","Handling Unit","","","","","","","ENTITY","45181"
"hu6599","Handling Unit","","","","","","","ENTITY","45182"
"hu6591","Handling Unit","","","","","","","ENTITY","45183"
"hu6602","Handling Unit","","","","","","","ENTITY","45184"
"hu6600","Handling Unit","","","","","","","ENTITY","45185"
"hu6580","Handling Unit","","","","","","","ENTITY","45186"
"hu6597","Handling Unit","","","","","","","ENTITY","45187"
"hu6607","Handling Unit","","","","","","","ENTITY","45188"
"hu6608","Handling Unit","","","","","","","ENTITY","45189"
"hu6604","Handling Unit","","","","","","","ENTITY","45190"
"hu6606","Handling Unit","","","","","","","ENTITY","45191"
"hu6605","Handling Unit","","","","","","","ENTITY","45192"
"hu6603","Handling Unit","","","","","","","ENTITY","45193"
"hu6609","Handling Unit","","","","","","","ENTITY","45194"
"hu6610","Handling Unit","","","","","","","ENTITY","45195"
"hu6611","Handling Unit","","","","","","","ENTITY","45196"
"hu6617","Handling Unit","","","","","","","ENTITY","45197"
"hu6614","Handling Unit","","","","","","","ENTITY","45198"
"hu6621","Handling Unit","","","","","","","ENTITY","45199"
"hu6612","Handling Unit","","","","","","","ENTITY","45200"
"hu6623","Handling Unit","","","","","","","ENTITY","45201"
"hu6622","Handling Unit","","","","","","","ENTITY","45202"
"hu6624","Handling Unit","","","","","","","ENTITY","45203"
"hu6615","Handling Unit","","","","","","","ENTITY","45204"
"hu6619","Handling Unit","","","","","","","ENTITY","45205"
"hu6618","Handling Unit","","","","","","","ENTITY","45206"
"hu6620","Handling Unit","","","","","","","ENTITY","45207"
"hu6613","Handling Unit","","","","","","","ENTITY","45208"
"hu6616","Handling Unit","","","","","","","ENTITY","45209"
"hu6630","Handling Unit","","","","","","","ENTITY","45210"
"hu6627","Handling Unit","","","","","","","ENTITY","45211"
"hu6628","Handling Unit","","","","","","","ENTITY","45212"
"hu6626","Handling Unit","","","","","","","ENTITY","45213"
"hu6629","Handling Unit","","","","","","","ENTITY","45214"
"hu6625","Handling Unit","","","","","","","ENTITY","45215"
"hu6631","Handling Unit","","","","","","","ENTITY","45216"
"hu6635","Handling Unit","","","","","","","ENTITY","45217"
"hu6632","Handling Unit","","","","","","","ENTITY","45218"
"hu6634","Handling Unit","","","","","","","ENTITY","45219"
"hu6633","Handling Unit","","","","","","","ENTITY","45220"
"hu6636","Handling Unit","","","","","","","ENTITY","45221"
"hu6641","Handling Unit","","","","","","","ENTITY","45222"
"hu6638","Handling Unit","","","","","","","ENTITY","45223"
"hu6639","Handling Unit","","","","","","","ENTITY","45224"
"hu6640","Handling Unit","","","","","","","ENTITY","45225"
"hu6637","Handling Unit","","","","","","","ENTITY","45226"
"hu6642","Handling Unit","","","","","","","ENTITY","45227"
"hu6644","Handling Unit","","","","","","","ENTITY","45228"
"hu6643","Handling Unit","","","","","","","ENTITY","45229"
"hu6650","Handling Unit","","","","","","","ENTITY","45230"
"hu6649","Handling Unit","","","","","","","ENTITY","45231"
"hu6647","Handling Unit","","","","","","","ENTITY","45232"
"hu6648","Handling Unit","","","","","","","ENTITY","45233"
"hu6646","Handling Unit","","","","","","","ENTITY","45234"
"hu6645","Handling Unit","","","","","","","ENTITY","45235"
"hu6651","Handling Unit","","","","","","","ENTITY","45236"
"hu6656","Handling Unit","","","","","","","ENTITY","45237"
"hu6658","Handling Unit","","","","","","","ENTITY","45238"
"hu6654","Handling Unit","","","","","","","ENTITY","45239"
"hu6655","Handling Unit","","","","","","","ENTITY","45240"
"hu6652","Handling Unit","","","","","","","ENTITY","45241"
"hu6657","Handling Unit","","","","","","","ENTITY","45242"
"hu6653","Handling Unit","","","","","","","ENTITY","45243"
"hu6659","Handling Unit","","","","","","","ENTITY","45244"
"hu6661","Handling Unit","","","","","","","ENTITY","45245"
"hu6660","Handling Unit","","","","","","","ENTITY","45246"
"hu6667","Handling Unit","","","","","","","ENTITY","45247"
"hu6663","Handling Unit","","","","","","","ENTITY","45248"
"hu6666","Handling Unit","","","","","","","ENTITY","45249"
"hu6665","Handling Unit","","","","","","","ENTITY","45250"
"hu6664","Handling Unit","","","","","","","ENTITY","45251"
"hu6662","Handling Unit","","","","","","","ENTITY","45252"
"hu6671","Handling Unit","","","","","","","ENTITY","45253"
"hu6672","Handling Unit","","","","","","","ENTITY","45254"
"hu6668","Handling Unit","","","","","","","ENTITY","45255"
"hu6669","Handling Unit","","","","","","","ENTITY","45256"
"hu6670","Handling Unit","","","","","","","ENTITY","45257"
"hu6673","Handling Unit","","","","","","","ENTITY","45258"
"hu6686","Handling Unit","","","","","","","ENTITY","45259"
"hu6681","Handling Unit","","","","","","","ENTITY","45260"
"hu6688","Handling Unit","","","","","","","ENTITY","45261"
"hu6701","Handling Unit","","","","","","","ENTITY","45262"
"hu6696","Handling Unit","","","","","","","ENTITY","45263"
"hu6683","Handling Unit","","","","","","","ENTITY","45264"
"hu6679","Handling Unit","","","","","","","ENTITY","45265"
"hu6695","Handling Unit","","","","","","","ENTITY","45266"
"hu6690","Handling Unit","","","","","","","ENTITY","45267"
"hu6699","Handling Unit","","","","","","","ENTITY","45268"
"hu6674","Handling Unit","","","","","","","ENTITY","45269"
"hu6676","Handling Unit","","","","","","","ENTITY","45270"
"hu6675","Handling Unit","","","","","","","ENTITY","45271"
"hu6693","Handling Unit","","","","","","","ENTITY","45272"
"hu6692","Handling Unit","","","","","","","ENTITY","45273"
"hu6698","Handling Unit","","","","","","","ENTITY","45274"
"hu6685","Handling Unit","","","","","","","ENTITY","45275"
"hu6694","Handling Unit","","","","","","","ENTITY","45276"
"hu6697","Handling Unit","","","","","","","ENTITY","45277"
"hu6677","Handling Unit","","","","","","","ENTITY","45278"
"hu6689","Handling Unit","","","","","","","ENTITY","45279"
"hu6680","Handling Unit","","","","","","","ENTITY","45280"
"hu6678","Handling Unit","","","","","","","ENTITY","45281"
"hu6705","Handling Unit","","","","","","","ENTITY","45282"
"hu6703","Handling Unit","","","","","","","ENTITY","45283"
"hu6715","Handling Unit","","","","","","","ENTITY","45284"
"hu6711","Handling Unit","","","","","","","ENTITY","45285"
"hu6682","Handling Unit","","","","","","","ENTITY","45286"
"hu6702","Handling Unit","","","","","","","ENTITY","45287"
"hu6714","Handling Unit","","","","","","","ENTITY","45288"
"hu6713","Handling Unit","","","","","","","ENTITY","45289"
"hu6710","Handling Unit","","","","","","","ENTITY","45290"
"hu6720","Handling Unit","","","","","","","ENTITY","45291"
"hu6718","Handling Unit","","","","","","","ENTITY","45292"
"hu6687","Handling Unit","","","","","","","ENTITY","45293"
"hu6707","Handling Unit","","","","","","","ENTITY","45294"
"hu6712","Handling Unit","","","","","","","ENTITY","45295"
"hu6721","Handling Unit","","","","","","","ENTITY","45296"
"hu6700","Handling Unit","","","","","","","ENTITY","45297"
"hu6716","Handling Unit","","","","","","","ENTITY","45298"
"hu6717","Handling Unit","","","","","","","ENTITY","45299"
"hu6725","Handling Unit","","","","","","","ENTITY","45300"
"hu6684","Handling Unit","","","","","","","ENTITY","45301"
"hu6706","Handling Unit","","","","","","","ENTITY","45302"
"hu6727","Handling Unit","","","","","","","ENTITY","45303"
"hu6723","Handling Unit","","","","","","","ENTITY","45304"
"hu6732","Handling Unit","","","","","","","ENTITY","45305"
"hu6726","Handling Unit","","","","","","","ENTITY","45306"
"hu6722","Handling Unit","","","","","","","ENTITY","45307"
"hu6730","Handling Unit","","","","","","","ENTITY","45308"
"hu6736","Handling Unit","","","","","","","ENTITY","45309"
"hu6734","Handling Unit","","","","","","","ENTITY","45310"
"hu6724","Handling Unit","","","","","","","ENTITY","45311"
"hu6691","Handling Unit","","","","","","","ENTITY","45312"
"hu6704","Handling Unit","","","","","","","ENTITY","45313"
"hu6738","Handling Unit","","","","","","","ENTITY","45314"
"hu6731","Handling Unit","","","","","","","ENTITY","45315"
"hu6729","Handling Unit","","","","","","","ENTITY","45316"
"hu6728","Handling Unit","","","","","","","ENTITY","45317"
"hu6737","Handling Unit","","","","","","","ENTITY","45318"
"hu6740","Handling Unit","","","","","","","ENTITY","45319"
"hu6708","Handling Unit","","","","","","","ENTITY","45320"
"hu6719","Handling Unit","","","","","","","ENTITY","45321"
"hu6742","Handling Unit","","","","","","","ENTITY","45322"
"hu6747","Handling Unit","","","","","","","ENTITY","45323"
"hu6741","Handling Unit","","","","","","","ENTITY","45324"
"hu6748","Handling Unit","","","","","","","ENTITY","45325"
"hu6746","Handling Unit","","","","","","","ENTITY","45326"
"hu6709","Handling Unit","","","","","","","ENTITY","45327"
"hu6735","Handling Unit","","","","","","","ENTITY","45328"
"hu6750","Handling Unit","","","","","","","ENTITY","45329"
"hu6756","Handling Unit","","","","","","","ENTITY","45330"
"hu6749","Handling Unit","","","","","","","ENTITY","45331"
"hu6739","Handling Unit","","","","","","","ENTITY","45332"
"hu6753","Handling Unit","","","","","","","ENTITY","45333"
"hu6754","Handling Unit","","","","","","","ENTITY","45334"
"hu6755","Handling Unit","","","","","","","ENTITY","45335"
"hu6745","Handling Unit","","","","","","","ENTITY","45336"
"hu6744","Handling Unit","","","","","","","ENTITY","45337"
"hu6743","Handling Unit","","","","","","","ENTITY","45338"
"hu6752","Handling Unit","","","","","","","ENTITY","45339"
"hu6751","Handling Unit","","","","","","","ENTITY","45340"
"hu6733","Handling Unit","","","","","","","ENTITY","45341"
"hu6757","Handling Unit","","","","","","","ENTITY","45342"
"hu6758","Handling Unit","","","","","","","ENTITY","45343"
"hu6765","Handling Unit","","","","","","","ENTITY","45344"
"hu6773","Handling Unit","","","","","","","ENTITY","45345"
"hu6767","Handling Unit","","","","","","","ENTITY","45346"
"hu6770","Handling Unit","","","","","","","ENTITY","45347"
"hu6764","Handling Unit","","","","","","","ENTITY","45348"
"hu6759","Handling Unit","","","","","","","ENTITY","45349"
"hu6766","Handling Unit","","","","","","","ENTITY","45350"
"hu6771","Handling Unit","","","","","","","ENTITY","45351"
"hu6763","Handling Unit","","","","","","","ENTITY","45352"
"hu6762","Handling Unit","","","","","","","ENTITY","45353"
"hu6760","Handling Unit","","","","","","","ENTITY","45354"
"hu6772","Handling Unit","","","","","","","ENTITY","45355"
"hu6774","Handling Unit","","","","","","","ENTITY","45356"
"hu6761","Handling Unit","","","","","","","ENTITY","45357"
"hu6768","Handling Unit","","","","","","","ENTITY","45358"
"hu6769","Handling Unit","","","","","","","ENTITY","45359"
"hu6777","Handling Unit","","","","","","","ENTITY","45360"
"hu6785","Handling Unit","","","","","","","ENTITY","45361"
"hu6783","Handling Unit","","","","","","","ENTITY","45362"
"hu6792","Handling Unit","","","","","","","ENTITY","45363"
"hu6787","Handling Unit","","","","","","","ENTITY","45364"
"hu6778","Handling Unit","","","","","","","ENTITY","45365"
"hu6788","Handling Unit","","","","","","","ENTITY","45366"
"hu6791","Handling Unit","","","","","","","ENTITY","45367"
"hu6782","Handling Unit","","","","","","","ENTITY","45368"
"hu6789","Handling Unit","","","","","","","ENTITY","45369"
"hu6775","Handling Unit","","","","","","","ENTITY","45370"
"hu6786","Handling Unit","","","","","","","ENTITY","45371"
"hu6781","Handling Unit","","","","","","","ENTITY","45372"
"hu6780","Handling Unit","","","","","","","ENTITY","45373"
"hu6779","Handling Unit","","","","","","","ENTITY","45374"
"hu6784","Handling Unit","","","","","","","ENTITY","45375"
"hu6776","Handling Unit","","","","","","","ENTITY","45376"
"hu6790","Handling Unit","","","","","","","ENTITY","45377"
"hu6794","Handling Unit","","","","","","","ENTITY","45378"
"hu6793","Handling Unit","","","","","","","ENTITY","45379"
"hu6797","Handling Unit","","","","","","","ENTITY","45380"
"hu6798","Handling Unit","","","","","","","ENTITY","45381"
"hu6803","Handling Unit","","","","","","","ENTITY","45382"
"hu6799","Handling Unit","","","","","","","ENTITY","45383"
"hu6795","Handling Unit","","","","","","","ENTITY","45384"
"hu6801","Handling Unit","","","","","","","ENTITY","45385"
"hu6796","Handling Unit","","","","","","","ENTITY","45386"
"hu6802","Handling Unit","","","","","","","ENTITY","45387"
"hu6806","Handling Unit","","","","","","","ENTITY","45388"
"hu6812","Handling Unit","","","","","","","ENTITY","45389"
"hu6815","Handling Unit","","","","","","","ENTITY","45390"
"hu6819","Handling Unit","","","","","","","ENTITY","45391"
"hu6816","Handling Unit","","","","","","","ENTITY","45392"
"hu6811","Handling Unit","","","","","","","ENTITY","45393"
"hu6804","Handling Unit","","","","","","","ENTITY","45394"
"hu6817","Handling Unit","","","","","","","ENTITY","45395"
"hu6807","Handling Unit","","","","","","","ENTITY","45396"
"hu6814","Handling Unit","","","","","","","ENTITY","45397"
"hu6800","Handling Unit","","","","","","","ENTITY","45398"
"hu6805","Handling Unit","","","","","","","ENTITY","45399"
"hu6813","Handling Unit","","","","","","","ENTITY","45400"
"hu6818","Handling Unit","","","","","","","ENTITY","45401"
"hu6808","Handling Unit","","","","","","","ENTITY","45402"
"hu6809","Handling Unit","","","","","","","ENTITY","45403"
"hu6820","Handling Unit","","","","","","","ENTITY","45404"
"hu6821","Handling Unit","","","","","","","ENTITY","45405"
"hu6810","Handling Unit","","","","","","","ENTITY","45406"
"hu6827","Handling Unit","","","","","","","ENTITY","45407"
"hu6826","Handling Unit","","","","","","","ENTITY","45408"
"hu6824","Handling Unit","","","","","","","ENTITY","45409"
"hu6823","Handling Unit","","","","","","","ENTITY","45410"
"hu6822","Handling Unit","","","","","","","ENTITY","45411"
"hu6825","Handling Unit","","","","","","","ENTITY","45412"
"hu6829","Handling Unit","","","","","","","ENTITY","45413"
"hu6831","Handling Unit","","","","","","","ENTITY","45414"
"hu6832","Handling Unit","","","","","","","ENTITY","45415"
"hu6828","Handling Unit","","","","","","","ENTITY","45416"
"hu6833","Handling Unit","","","","","","","ENTITY","45417"
"hu6830","Handling Unit","","","","","","","ENTITY","45418"
"hu6838","Handling Unit","","","","","","","ENTITY","45419"
"hu6835","Handling Unit","","","","","","","ENTITY","45420"
"hu6848","Handling Unit","","","","","","","ENTITY","45421"
"hu6850","Handling Unit","","","","","","","ENTITY","45422"
"hu6840","Handling Unit","","","","","","","ENTITY","45423"
"hu6845","Handling Unit","","","","","","","ENTITY","45424"
"hu6847","Handling Unit","","","","","","","ENTITY","45425"
"hu6853","Handling Unit","","","","","","","ENTITY","45426"
"hu6834","Handling Unit","","","","","","","ENTITY","45427"
"hu6843","Handling Unit","","","","","","","ENTITY","45428"
"hu6861","Handling Unit","","","","","","","ENTITY","45429"
"hu6846","Handling Unit","","","","","","","ENTITY","45430"
"hu6837","Handling Unit","","","","","","","ENTITY","45431"
"hu6856","Handling Unit","","","","","","","ENTITY","45432"
"hu6859","Handling Unit","","","","","","","ENTITY","45433"
"hu6852","Handling Unit","","","","","","","ENTITY","45434"
"hu6854","Handling Unit","","","","","","","ENTITY","45435"
"hu6860","Handling Unit","","","","","","","ENTITY","45436"
"hu6842","Handling Unit","","","","","","","ENTITY","45437"
"hu6839","Handling Unit","","","","","","","ENTITY","45438"
"hu6857","Handling Unit","","","","","","","ENTITY","45439"
"hu6836","Handling Unit","","","","","","","ENTITY","45440"
"hu6844","Handling Unit","","","","","","","ENTITY","45441"
"hu6849","Handling Unit","","","","","","","ENTITY","45442"
"hu6841","Handling Unit","","","","","","","ENTITY","45443"
"hu6855","Handling Unit","","","","","","","ENTITY","45444"
"hu6851","Handling Unit","","","","","","","ENTITY","45445"
"hu6858","Handling Unit","","","","","","","ENTITY","45446"
"hu6864","Handling Unit","","","","","","","ENTITY","45447"
"hu6880","Handling Unit","","","","","","","ENTITY","45448"
"hu6863","Handling Unit","","","","","","","ENTITY","45449"
"hu6868","Handling Unit","","","","","","","ENTITY","45450"
"hu6874","Handling Unit","","","","","","","ENTITY","45451"
"hu6882","Handling Unit","","","","","","","ENTITY","45452"
"hu6884","Handling Unit","","","","","","","ENTITY","45453"
"hu6885","Handling Unit","","","","","","","ENTITY","45454"
"hu6888","Handling Unit","","","","","","","ENTITY","45455"
"hu6866","Handling Unit","","","","","","","ENTITY","45456"
"hu6876","Handling Unit","","","","","","","ENTITY","45457"
"hu6870","Handling Unit","","","","","","","ENTITY","45458"
"hu6875","Handling Unit","","","","","","","ENTITY","45459"
"hu6878","Handling Unit","","","","","","","ENTITY","45460"
"hu6872","Handling Unit","","","","","","","ENTITY","45461"
"hu6862","Handling Unit","","","","","","","ENTITY","45462"
"hu6867","Handling Unit","","","","","","","ENTITY","45463"
"hu6881","Handling Unit","","","","","","","ENTITY","45464"
"hu6873","Handling Unit","","","","","","","ENTITY","45465"
"hu6879","Handling Unit","","","","","","","ENTITY","45466"
"hu6883","Handling Unit","","","","","","","ENTITY","45467"
"hu6887","Handling Unit","","","","","","","ENTITY","45468"
"hu6869","Handling Unit","","","","","","","ENTITY","45469"
"hu6865","Handling Unit","","","","","","","ENTITY","45470"
"hu6877","Handling Unit","","","","","","","ENTITY","45471"
"hu6871","Handling Unit","","","","","","","ENTITY","45472"
"hu6886","Handling Unit","","","","","","","ENTITY","45473"
"hu6890","Handling Unit","","","","","","","ENTITY","45474"
"hu6893","Handling Unit","","","","","","","ENTITY","45475"
"hu6891","Handling Unit","","","","","","","ENTITY","45476"
"hu6894","Handling Unit","","","","","","","ENTITY","45477"
"hu6892","Handling Unit","","","","","","","ENTITY","45478"
"hu6889","Handling Unit","","","","","","","ENTITY","45479"
"hu6899","Handling Unit","","","","","","","ENTITY","45480"
"hu6898","Handling Unit","","","","","","","ENTITY","45481"
"hu6900","Handling Unit","","","","","","","ENTITY","45482"
"hu6896","Handling Unit","","","","","","","ENTITY","45483"
"hu6897","Handling Unit","","","","","","","ENTITY","45484"
"hu6895","Handling Unit","","","","","","","ENTITY","45485"
"hu6901","Handling Unit","","","","","","","ENTITY","45486"
"hu6910","Handling Unit","","","","","","","ENTITY","45487"
"hu6922","Handling Unit","","","","","","","ENTITY","45488"
"hu6907","Handling Unit","","","","","","","ENTITY","45489"
"hu6908","Handling Unit","","","","","","","ENTITY","45490"
"hu6916","Handling Unit","","","","","","","ENTITY","45491"
"hu6928","Handling Unit","","","","","","","ENTITY","45492"
"hu6918","Handling Unit","","","","","","","ENTITY","45493"
"hu6923","Handling Unit","","","","","","","ENTITY","45494"
"hu6911","Handling Unit","","","","","","","ENTITY","45495"
"hu6904","Handling Unit","","","","","","","ENTITY","45496"
"hu6929","Handling Unit","","","","","","","ENTITY","45497"
"hu6909","Handling Unit","","","","","","","ENTITY","45498"
"hu6905","Handling Unit","","","","","","","ENTITY","45499"
"hu6902","Handling Unit","","","","","","","ENTITY","45500"
"hu6927","Handling Unit","","","","","","","ENTITY","45501"
"hu6920","Handling Unit","","","","","","","ENTITY","45502"
"hu6926","Handling Unit","","","","","","","ENTITY","45503"
"hu6903","Handling Unit","","","","","","","ENTITY","45504"
"hu6930","Handling Unit","","","","","","","ENTITY","45505"
"hu6906","Handling Unit","","","","","","","ENTITY","45506"
"hu6915","Handling Unit","","","","","","","ENTITY","45507"
"hu6931","Handling Unit","","","","","","","ENTITY","45508"
"hu6919","Handling Unit","","","","","","","ENTITY","45509"
"hu6912","Handling Unit","","","","","","","ENTITY","45510"
"hu6921","Handling Unit","","","","","","","ENTITY","45511"
"hu6924","Handling Unit","","","","","","","ENTITY","45512"
"hu6917","Handling Unit","","","","","","","ENTITY","45513"
"hu6938","Handling Unit","","","","","","","ENTITY","45514"
"hu6933","Handling Unit","","","","","","","ENTITY","45515"
"hu6936","Handling Unit","","","","","","","ENTITY","45516"
"hu6937","Handling Unit","","","","","","","ENTITY","45517"
"hu6913","Handling Unit","","","","","","","ENTITY","45518"
"hu6934","Handling Unit","","","","","","","ENTITY","45519"
"hu6925","Handling Unit","","","","","","","ENTITY","45520"
"hu6914","Handling Unit","","","","","","","ENTITY","45521"
"hu6939","Handling Unit","","","","","","","ENTITY","45522"
"hu6935","Handling Unit","","","","","","","ENTITY","45523"
"hu6932","Handling Unit","","","","","","","ENTITY","45524"
"hu6940","Handling Unit","","","","","","","ENTITY","45525"
"hu6942","Handling Unit","","","","","","","ENTITY","45526"
"hu6941","Handling Unit","","","","","","","ENTITY","45527"
"hu6946","Handling Unit","","","","","","","ENTITY","45528"
"hu6947","Handling Unit","","","","","","","ENTITY","45529"
"hu6944","Handling Unit","","","","","","","ENTITY","45530"
"hu6943","Handling Unit","","","","","","","ENTITY","45531"
"hu6952","Handling Unit","","","","","","","ENTITY","45532"
"hu6954","Handling Unit","","","","","","","ENTITY","45533"
"hu6978","Handling Unit","","","","","","","ENTITY","45534"
"hu6974","Handling Unit","","","","","","","ENTITY","45535"
"hu6975","Handling Unit","","","","","","","ENTITY","45536"
"hu6956","Handling Unit","","","","","","","ENTITY","45537"
"hu6966","Handling Unit","","","","","","","ENTITY","45538"
"hu6968","Handling Unit","","","","","","","ENTITY","45539"
"hu6960","Handling Unit","","","","","","","ENTITY","45540"
"hu6945","Handling Unit","","","","","","","ENTITY","45541"
"hu6967","Handling Unit","","","","","","","ENTITY","45542"
"hu6962","Handling Unit","","","","","","","ENTITY","45543"
"hu6951","Handling Unit","","","","","","","ENTITY","45544"
"hu6973","Handling Unit","","","","","","","ENTITY","45545"
"hu6955","Handling Unit","","","","","","","ENTITY","45546"
"hu6950","Handling Unit","","","","","","","ENTITY","45547"
"hu6949","Handling Unit","","","","","","","ENTITY","45548"
"hu6976","Handling Unit","","","","","","","ENTITY","45549"
"hu6958","Handling Unit","","","","","","","ENTITY","45550"
"hu6964","Handling Unit","","","","","","","ENTITY","45551"
"hu6953","Handling Unit","","","","","","","ENTITY","45552"
"hu6963","Handling Unit","","","","","","","ENTITY","45553"
"hu6961","Handling Unit","","","","","","","ENTITY","45554"
"hu6969","Handling Unit","","","","","","","ENTITY","45555"
"hu6965","Handling Unit","","","","","","","ENTITY","45556"
"hu6972","Handling Unit","","","","","","","ENTITY","45557"
"hu6977","Handling Unit","","","","","","","ENTITY","45558"
"hu6983","Handling Unit","","","","","","","ENTITY","45559"
"hu6982","Handling Unit","","","","","","","ENTITY","45560"
"hu6959","Handling Unit","","","","","","","ENTITY","45561"
"hu6987","Handling Unit","","","","","","","ENTITY","45562"
"hu6981","Handling Unit","","","","","","","ENTITY","45563"
"hu6986","Handling Unit","","","","","","","ENTITY","45564"
"hu6979","Handling Unit","","","","","","","ENTITY","45565"
"hu6970","Handling Unit","","","","","","","ENTITY","45566"
"hu6994","Handling Unit","","","","","","","ENTITY","45567"
"hu6948","Handling Unit","","","","","","","ENTITY","45568"
"hu6990","Handling Unit","","","","","","","ENTITY","45569"
"hu6991","Handling Unit","","","","","","","ENTITY","45570"
"hu6988","Handling Unit","","","","","","","ENTITY","45571"
"hu6985","Handling Unit","","","","","","","ENTITY","45572"
"hu6971","Handling Unit","","","","","","","ENTITY","45573"
"hu6984","Handling Unit","","","","","","","ENTITY","45574"
"hu6995","Handling Unit","","","","","","","ENTITY","45575"
"hu6989","Handling Unit","","","","","","","ENTITY","45576"
"hu6997","Handling Unit","","","","","","","ENTITY","45577"
"hu6993","Handling Unit","","","","","","","ENTITY","45578"
"hu6998","Handling Unit","","","","","","","ENTITY","45579"
"hu6980","Handling Unit","","","","","","","ENTITY","45580"
"hu6996","Handling Unit","","","","","","","ENTITY","45581"
"hu6992","Handling Unit","","","","","","","ENTITY","45582"
"hu6957","Handling Unit","","","","","","","ENTITY","45583"
"hu7000","Handling Unit","","","","","","","ENTITY","45584"
"hu7003","Handling Unit","","","","","","","ENTITY","45585"
"hu7001","Handling Unit","","","","","","","ENTITY","45586"
"hu7005","Handling Unit","","","","","","","ENTITY","45587"
"hu7004","Handling Unit","","","","","","","ENTITY","45588"
"hu6999","Handling Unit","","","","","","","ENTITY","45589"
"hu7006","Handling Unit","","","","","","","ENTITY","45590"
"hu7002","Handling Unit","","","","","","","ENTITY","45591"
"hu7008","Handling Unit","","","","","","","ENTITY","45592"
"hu7007","Handling Unit","","","","","","","ENTITY","45593"
"hu7011","Handling Unit","","","","","","","ENTITY","45594"
"hu7009","Handling Unit","","","","","","","ENTITY","45595"
"hu7010","Handling Unit","","","","","","","ENTITY","45596"
"hu7012","Handling Unit","","","","","","","ENTITY","45597"
"hu7018","Handling Unit","","","","","","","ENTITY","45598"
"hu7017","Handling Unit","","","","","","","ENTITY","45599"
"hu7013","Handling Unit","","","","","","","ENTITY","45600"
"hu7020","Handling Unit","","","","","","","ENTITY","45601"
"hu7014","Handling Unit","","","","","","","ENTITY","45602"
"hu7023","Handling Unit","","","","","","","ENTITY","45603"
"hu7015","Handling Unit","","","","","","","ENTITY","45604"
"hu7019","Handling Unit","","","","","","","ENTITY","45605"
"hu7022","Handling Unit","","","","","","","ENTITY","45606"
"hu7021","Handling Unit","","","","","","","ENTITY","45607"
"hu7016","Handling Unit","","","","","","","ENTITY","45608"
"hu7026","Handling Unit","","","","","","","ENTITY","45609"
"hu7024","Handling Unit","","","","","","","ENTITY","45610"
"hu7025","Handling Unit","","","","","","","ENTITY","45611"
"hu7027","Handling Unit","","","","","","","ENTITY","45612"
"hu7028","Handling Unit","","","","","","","ENTITY","45613"
"hu7031","Handling Unit","","","","","","","ENTITY","45614"
"hu7033","Handling Unit","","","","","","","ENTITY","45615"
"hu7032","Handling Unit","","","","","","","ENTITY","45616"
"hu7030","Handling Unit","","","","","","","ENTITY","45617"
"hu7029","Handling Unit","","","","","","","ENTITY","45618"
"hu7034","Handling Unit","","","","","","","ENTITY","45619"
"hu7042","Handling Unit","","","","","","","ENTITY","45620"
"hu7044","Handling Unit","","","","","","","ENTITY","45621"
"hu7036","Handling Unit","","","","","","","ENTITY","45622"
"hu7037","Handling Unit","","","","","","","ENTITY","45623"
"hu7035","Handling Unit","","","","","","","ENTITY","45624"
"hu7039","Handling Unit","","","","","","","ENTITY","45625"
"hu7045","Handling Unit","","","","","","","ENTITY","45626"
"hu7038","Handling Unit","","","","","","","ENTITY","45627"
"hu7049","Handling Unit","","","","","","","ENTITY","45628"
"hu7041","Handling Unit","","","","","","","ENTITY","45629"
"hu7043","Handling Unit","","","","","","","ENTITY","45630"
"hu7048","Handling Unit","","","","","","","ENTITY","45631"
"hu7040","Handling Unit","","","","","","","ENTITY","45632"
"hu7047","Handling Unit","","","","","","","ENTITY","45633"
"hu7046","Handling Unit","","","","","","","ENTITY","45634"
"hu7050","Handling Unit","","","","","","","ENTITY","45635"
"hu7051","Handling Unit","","","","","","","ENTITY","45636"
"hu7054","Handling Unit","","","","","","","ENTITY","45637"
"hu7057","Handling Unit","","","","","","","ENTITY","45638"
"hu7055","Handling Unit","","","","","","","ENTITY","45639"
"hu7052","Handling Unit","","","","","","","ENTITY","45640"
"hu7056","Handling Unit","","","","","","","ENTITY","45641"
"hu7053","Handling Unit","","","","","","","ENTITY","45642"
"hu7061","Handling Unit","","","","","","","ENTITY","45643"
"hu7078","Handling Unit","","","","","","","ENTITY","45644"
"hu7073","Handling Unit","","","","","","","ENTITY","45645"
"hu7083","Handling Unit","","","","","","","ENTITY","45646"
"hu7069","Handling Unit","","","","","","","ENTITY","45647"
"hu7081","Handling Unit","","","","","","","ENTITY","45648"
"hu7070","Handling Unit","","","","","","","ENTITY","45649"
"hu7085","Handling Unit","","","","","","","ENTITY","45650"
"hu7071","Handling Unit","","","","","","","ENTITY","45651"
"hu7084","Handling Unit","","","","","","","ENTITY","45652"
"hu7086","Handling Unit","","","","","","","ENTITY","45653"
"hu7064","Handling Unit","","","","","","","ENTITY","45654"
"hu7074","Handling Unit","","","","","","","ENTITY","45655"
"hu7076","Handling Unit","","","","","","","ENTITY","45656"
"hu7066","Handling Unit","","","","","","","ENTITY","45657"
"hu7087","Handling Unit","","","","","","","ENTITY","45658"
"hu7075","Handling Unit","","","","","","","ENTITY","45659"
"hu7063","Handling Unit","","","","","","","ENTITY","45660"
"hu7079","Handling Unit","","","","","","","ENTITY","45661"
"hu7067","Handling Unit","","","","","","","ENTITY","45662"
"hu7058","Handling Unit","","","","","","","ENTITY","45663"
"hu7062","Handling Unit","","","","","","","ENTITY","45664"
"hu7068","Handling Unit","","","","","","","ENTITY","45665"
"hu7072","Handling Unit","","","","","","","ENTITY","45666"
"hu7077","Handling Unit","","","","","","","ENTITY","45667"
"hu7089","Handling Unit","","","","","","","ENTITY","45668"
"hu7088","Handling Unit","","","","","","","ENTITY","45669"
"hu7065","Handling Unit","","","","","","","ENTITY","45670"
"hu7096","Handling Unit","","","","","","","ENTITY","45671"
"hu7102","Handling Unit","","","","","","","ENTITY","45672"
"hu7093","Handling Unit","","","","","","","ENTITY","45673"
"hu7059","Handling Unit","","","","","","","ENTITY","45674"
"hu7100","Handling Unit","","","","","","","ENTITY","45675"
"hu7092","Handling Unit","","","","","","","ENTITY","45676"
"hu7103","Handling Unit","","","","","","","ENTITY","45677"
"hu7095","Handling Unit","","","","","","","ENTITY","45678"
"hu7097","Handling Unit","","","","","","","ENTITY","45679"
"hu7094","Handling Unit","","","","","","","ENTITY","45680"
"hu7091","Handling Unit","","","","","","","ENTITY","45681"
"hu7082","Handling Unit","","","","","","","ENTITY","45682"
"hu7090","Handling Unit","","","","","","","ENTITY","45683"
"hu7080","Handling Unit","","","","","","","ENTITY","45684"
"hu7060","Handling Unit","","","","","","","ENTITY","45685"
"hu7115","Handling Unit","","","","","","","ENTITY","45686"
"hu7099","Handling Unit","","","","","","","ENTITY","45687"
"hu7098","Handling Unit","","","","","","","ENTITY","45688"
"hu7110","Handling Unit","","","","","","","ENTITY","45689"
"hu7111","Handling Unit","","","","","","","ENTITY","45690"
"hu7133","Handling Unit","","","","","","","ENTITY","45691"
"hu7127","Handling Unit","","","","","","","ENTITY","45692"
"hu7109","Handling Unit","","","","","","","ENTITY","45693"
"hu7116","Handling Unit","","","","","","","ENTITY","45694"
"hu7113","Handling Unit","","","","","","","ENTITY","45695"
"hu7125","Handling Unit","","","","","","","ENTITY","45696"
"hu7114","Handling Unit","","","","","","","ENTITY","45697"
"hu7121","Handling Unit","","","","","","","ENTITY","45698"
"hu7104","Handling Unit","","","","","","","ENTITY","45699"
"hu7112","Handling Unit","","","","","","","ENTITY","45700"
"hu7119","Handling Unit","","","","","","","ENTITY","45701"
"hu7128","Handling Unit","","","","","","","ENTITY","45702"
"hu7124","Handling Unit","","","","","","","ENTITY","45703"
"hu7131","Handling Unit","","","","","","","ENTITY","45704"
"hu7107","Handling Unit","","","","","","","ENTITY","45705"
"hu7101","Handling Unit","","","","","","","ENTITY","45706"
"hu7132","Handling Unit","","","","","","","ENTITY","45707"
"hu7126","Handling Unit","","","","","","","ENTITY","45708"
"hu7129","Handling Unit","","","","","","","ENTITY","45709"
"hu7118","Handling Unit","","","","","","","ENTITY","45710"
"hu7137","Handling Unit","","","","","","","ENTITY","45711"
"hu7130","Handling Unit","","","","","","","ENTITY","45712"
"hu7123","Handling Unit","","","","","","","ENTITY","45713"
"hu7117","Handling Unit","","","","","","","ENTITY","45714"
"hu7105","Handling Unit","","","","","","","ENTITY","45715"
"hu7144","Handling Unit","","","","","","","ENTITY","45716"
"hu7143","Handling Unit","","","","","","","ENTITY","45717"
"hu7148","Handling Unit","","","","","","","ENTITY","45718"
"hu7145","Handling Unit","","","","","","","ENTITY","45719"
"hu7146","Handling Unit","","","","","","","ENTITY","45720"
"hu7140","Handling Unit","","","","","","","ENTITY","45721"
"hu7149","Handling Unit","","","","","","","ENTITY","45722"
"hu7134","Handling Unit","","","","","","","ENTITY","45723"
"hu7138","Handling Unit","","","","","","","ENTITY","45724"
"hu7136","Handling Unit","","","","","","","ENTITY","45725"
"hu7120","Handling Unit","","","","","","","ENTITY","45726"
"hu7122","Handling Unit","","","","","","","ENTITY","45727"
"hu7108","Handling Unit","","","","","","","ENTITY","45728"
"hu7150","Handling Unit","","","","","","","ENTITY","45729"
"hu7139","Handling Unit","","","","","","","ENTITY","45730"
"hu7147","Handling Unit","","","","","","","ENTITY","45731"
"hu7142","Handling Unit","","","","","","","ENTITY","45732"
"hu7156","Handling Unit","","","","","","","ENTITY","45733"
"hu7141","Handling Unit","","","","","","","ENTITY","45734"
"hu7151","Handling Unit","","","","","","","ENTITY","45735"
"hu7106","Handling Unit","","","","","","","ENTITY","45736"
"hu7155","Handling Unit","","","","","","","ENTITY","45737"
"hu7152","Handling Unit","","","","","","","ENTITY","45738"
"hu7158","Handling Unit","","","","","","","ENTITY","45739"
"hu7154","Handling Unit","","","","","","","ENTITY","45740"
"hu7153","Handling Unit","","","","","","","ENTITY","45741"
"hu7157","Handling Unit","","","","","","","ENTITY","45742"
"hu7135","Handling Unit","","","","","","","ENTITY","45743"
"hu7162","Handling Unit","","","","","","","ENTITY","45744"
"hu7168","Handling Unit","","","","","","","ENTITY","45745"
"hu7169","Handling Unit","","","","","","","ENTITY","45746"
"hu7166","Handling Unit","","","","","","","ENTITY","45747"
"hu7161","Handling Unit","","","","","","","ENTITY","45748"
"hu7160","Handling Unit","","","","","","","ENTITY","45749"
"hu7163","Handling Unit","","","","","","","ENTITY","45750"
"hu7164","Handling Unit","","","","","","","ENTITY","45751"
"hu7165","Handling Unit","","","","","","","ENTITY","45752"
"hu7159","Handling Unit","","","","","","","ENTITY","45753"
"hu7170","Handling Unit","","","","","","","ENTITY","45754"
"hu7167","Handling Unit","","","","","","","ENTITY","45755"
"hu7176","Handling Unit","","","","","","","ENTITY","45756"
"hu7175","Handling Unit","","","","","","","ENTITY","45757"
"hu7172","Handling Unit","","","","","","","ENTITY","45758"
"hu7173","Handling Unit","","","","","","","ENTITY","45759"
"hu7171","Handling Unit","","","","","","","ENTITY","45760"
"hu7174","Handling Unit","","","","","","","ENTITY","45761"
"hu7178","Handling Unit","","","","","","","ENTITY","45762"
"hu7182","Handling Unit","","","","","","","ENTITY","45763"
"hu7181","Handling Unit","","","","","","","ENTITY","45764"
"hu7179","Handling Unit","","","","","","","ENTITY","45765"
"hu7177","Handling Unit","","","","","","","ENTITY","45766"
"hu7180","Handling Unit","","","","","","","ENTITY","45767"
"hu7186","Handling Unit","","","","","","","ENTITY","45768"
"hu7183","Handling Unit","","","","","","","ENTITY","45769"
"hu7184","Handling Unit","","","","","","","ENTITY","45770"
"hu7185","Handling Unit","","","","","","","ENTITY","45771"
"hu7187","Handling Unit","","","","","","","ENTITY","45772"
"hu7188","Handling Unit","","","","","","","ENTITY","45773"
"hu7193","Handling Unit","","","","","","","ENTITY","45774"
"hu7190","Handling Unit","","","","","","","ENTITY","45775"
"hu7196","Handling Unit","","","","","","","ENTITY","45776"
"hu7198","Handling Unit","","","","","","","ENTITY","45777"
"hu7194","Handling Unit","","","","","","","ENTITY","45778"
"hu7191","Handling Unit","","","","","","","ENTITY","45779"
"hu7202","Handling Unit","","","","","","","ENTITY","45780"
"hu7189","Handling Unit","","","","","","","ENTITY","45781"
"hu7195","Handling Unit","","","","","","","ENTITY","45782"
"hu7199","Handling Unit","","","","","","","ENTITY","45783"
"hu7192","Handling Unit","","","","","","","ENTITY","45784"
"hu7197","Handling Unit","","","","","","","ENTITY","45785"
"hu7206","Handling Unit","","","","","","","ENTITY","45786"
"hu7205","Handling Unit","","","","","","","ENTITY","45787"
"hu7208","Handling Unit","","","","","","","ENTITY","45788"
"hu7204","Handling Unit","","","","","","","ENTITY","45789"
"hu7203","Handling Unit","","","","","","","ENTITY","45790"
"hu7200","Handling Unit","","","","","","","ENTITY","45791"
"hu7211","Handling Unit","","","","","","","ENTITY","45792"
"hu7213","Handling Unit","","","","","","","ENTITY","45793"
"hu7214","Handling Unit","","","","","","","ENTITY","45794"
"hu7207","Handling Unit","","","","","","","ENTITY","45795"
"hu7201","Handling Unit","","","","","","","ENTITY","45796"
"hu7209","Handling Unit","","","","","","","ENTITY","45797"
"hu7212","Handling Unit","","","","","","","ENTITY","45798"
"hu7210","Handling Unit","","","","","","","ENTITY","45799"
"hu7215","Handling Unit","","","","","","","ENTITY","45800"
"hu7218","Handling Unit","","","","","","","ENTITY","45801"
"hu7216","Handling Unit","","","","","","","ENTITY","45802"
"hu7220","Handling Unit","","","","","","","ENTITY","45803"
"hu7219","Handling Unit","","","","","","","ENTITY","45804"
"hu7217","Handling Unit","","","","","","","ENTITY","45805"
"hu7221","Handling Unit","","","","","","","ENTITY","45806"
"hu7223","Handling Unit","","","","","","","ENTITY","45807"
"hu7222","Handling Unit","","","","","","","ENTITY","45808"
"hu7224","Handling Unit","","","","","","","ENTITY","45809"
"hu7226","Handling Unit","","","","","","","ENTITY","45810"
"hu7230","Handling Unit","","","","","","","ENTITY","45811"
"hu7227","Handling Unit","","","","","","","ENTITY","45812"
"hu7229","Handling Unit","","","","","","","ENTITY","45813"
"hu7228","Handling Unit","","","","","","","ENTITY","45814"
"hu7225","Handling Unit","","","","","","","ENTITY","45815"
"hu7234","Handling Unit","","","","","","","ENTITY","45816"
"hu7236","Handling Unit","","","","","","","ENTITY","45817"
"hu7235","Handling Unit","","","","","","","ENTITY","45818"
"hu7233","Handling Unit","","","","","","","ENTITY","45819"
"hu7231","Handling Unit","","","","","","","ENTITY","45820"
"hu7232","Handling Unit","","","","","","","ENTITY","45821"
"hu7238","Handling Unit","","","","","","","ENTITY","45822"
"hu7239","Handling Unit","","","","","","","ENTITY","45823"
"hu7237","Handling Unit","","","","","","","ENTITY","45824"
"hu7240","Handling Unit","","","","","","","ENTITY","45825"
"hu7241","Handling Unit","","","","","","","ENTITY","45826"
"hu7243","Handling Unit","","","","","","","ENTITY","45827"
"hu7248","Handling Unit","","","","","","","ENTITY","45828"
"hu7246","Handling Unit","","","","","","","ENTITY","45829"
"hu7252","Handling Unit","","","","","","","ENTITY","45830"
"hu7250","Handling Unit","","","","","","","ENTITY","45831"
"hu7257","Handling Unit","","","","","","","ENTITY","45832"
"hu7249","Handling Unit","","","","","","","ENTITY","45833"
"hu7247","Handling Unit","","","","","","","ENTITY","45834"
"hu7254","Handling Unit","","","","","","","ENTITY","45835"
"hu7261","Handling Unit","","","","","","","ENTITY","45836"
"hu7264","Handling Unit","","","","","","","ENTITY","45837"
"hu7266","Handling Unit","","","","","","","ENTITY","45838"
"hu7251","Handling Unit","","","","","","","ENTITY","45839"
"hu7263","Handling Unit","","","","","","","ENTITY","45840"
"hu7253","Handling Unit","","","","","","","ENTITY","45841"
"hu7242","Handling Unit","","","","","","","ENTITY","45842"
"hu7259","Handling Unit","","","","","","","ENTITY","45843"
"hu7265","Handling Unit","","","","","","","ENTITY","45844"
"hu7262","Handling Unit","","","","","","","ENTITY","45845"
"hu7245","Handling Unit","","","","","","","ENTITY","45846"
"hu7258","Handling Unit","","","","","","","ENTITY","45847"
"hu7260","Handling Unit","","","","","","","ENTITY","45848"
"hu7255","Handling Unit","","","","","","","ENTITY","45849"
"hu7256","Handling Unit","","","","","","","ENTITY","45850"
"hu7244","Handling Unit","","","","","","","ENTITY","45851"
"hu7268","Handling Unit","","","","","","","ENTITY","45852"
"hu7267","Handling Unit","","","","","","","ENTITY","45853"
"hu7289","Handling Unit","","","","","","","ENTITY","45854"
"hu7273","Handling Unit","","","","","","","ENTITY","45855"
"hu7276","Handling Unit","","","","","","","ENTITY","45856"
"hu7280","Handling Unit","","","","","","","ENTITY","45857"
"hu7285","Handling Unit","","","","","","","ENTITY","45858"
"hu7274","Handling Unit","","","","","","","ENTITY","45859"
"hu7291","Handling Unit","","","","","","","ENTITY","45860"
"hu7279","Handling Unit","","","","","","","ENTITY","45861"
"hu7295","Handling Unit","","","","","","","ENTITY","45862"
"hu7272","Handling Unit","","","","","","","ENTITY","45863"
"hu7286","Handling Unit","","","","","","","ENTITY","45864"
"hu7270","Handling Unit","","","","","","","ENTITY","45865"
"hu7282","Handling Unit","","","","","","","ENTITY","45866"
"hu7278","Handling Unit","","","","","","","ENTITY","45867"
"hu7284","Handling Unit","","","","","","","ENTITY","45868"
"hu7281","Handling Unit","","","","","","","ENTITY","45869"
"hu7275","Handling Unit","","","","","","","ENTITY","45870"
"hu7287","Handling Unit","","","","","","","ENTITY","45871"
"hu7271","Handling Unit","","","","","","","ENTITY","45872"
"hu7292","Handling Unit","","","","","","","ENTITY","45873"
"hu7302","Handling Unit","","","","","","","ENTITY","45874"
"hu7299","Handling Unit","","","","","","","ENTITY","45875"
"hu7298","Handling Unit","","","","","","","ENTITY","45876"
"hu7290","Handling Unit","","","","","","","ENTITY","45877"
"hu7288","Handling Unit","","","","","","","ENTITY","45878"
"hu7277","Handling Unit","","","","","","","ENTITY","45879"
"hu7294","Handling Unit","","","","","","","ENTITY","45880"
"hu7269","Handling Unit","","","","","","","ENTITY","45881"
"hu7301","Handling Unit","","","","","","","ENTITY","45882"
"hu7297","Handling Unit","","","","","","","ENTITY","45883"
"hu7296","Handling Unit","","","","","","","ENTITY","45884"
"hu7283","Handling Unit","","","","","","","ENTITY","45885"
"hu7293","Handling Unit","","","","","","","ENTITY","45886"
"hu7300","Handling Unit","","","","","","","ENTITY","45887"
"hu7307","Handling Unit","","","","","","","ENTITY","45888"
"hu7308","Handling Unit","","","","","","","ENTITY","45889"
"hu7304","Handling Unit","","","","","","","ENTITY","45890"
"hu7306","Handling Unit","","","","","","","ENTITY","45891"
"hu7305","Handling Unit","","","","","","","ENTITY","45892"
"hu7303","Handling Unit","","","","","","","ENTITY","45893"
"hu7313","Handling Unit","","","","","","","ENTITY","45894"
"hu7310","Handling Unit","","","","","","","ENTITY","45895"
"hu7311","Handling Unit","","","","","","","ENTITY","45896"
"hu7314","Handling Unit","","","","","","","ENTITY","45897"
"hu7309","Handling Unit","","","","","","","ENTITY","45898"
"hu7312","Handling Unit","","","","","","","ENTITY","45899"
"hu7316","Handling Unit","","","","","","","ENTITY","45900"
"hu7319","Handling Unit","","","","","","","ENTITY","45901"
"hu7317","Handling Unit","","","","","","","ENTITY","45902"
"hu7320","Handling Unit","","","","","","","ENTITY","45903"
"hu7315","Handling Unit","","","","","","","ENTITY","45904"
"hu7332","Handling Unit","","","","","","","ENTITY","45905"
"hu7347","Handling Unit","","","","","","","ENTITY","45906"
"hu7341","Handling Unit","","","","","","","ENTITY","45907"
"hu7346","Handling Unit","","","","","","","ENTITY","45908"
"hu7325","Handling Unit","","","","","","","ENTITY","45909"
"hu7329","Handling Unit","","","","","","","ENTITY","45910"
"hu7340","Handling Unit","","","","","","","ENTITY","45911"
"hu7334","Handling Unit","","","","","","","ENTITY","45912"
"hu7339","Handling Unit","","","","","","","ENTITY","45913"
"hu7330","Handling Unit","","","","","","","ENTITY","45914"
"hu7318","Handling Unit","","","","","","","ENTITY","45915"
"hu7335","Handling Unit","","","","","","","ENTITY","45916"
"hu7342","Handling Unit","","","","","","","ENTITY","45917"
"hu7331","Handling Unit","","","","","","","ENTITY","45918"
"hu7321","Handling Unit","","","","","","","ENTITY","45919"
"hu7324","Handling Unit","","","","","","","ENTITY","45920"
"hu7344","Handling Unit","","","","","","","ENTITY","45921"
"hu7326","Handling Unit","","","","","","","ENTITY","45922"
"hu7338","Handling Unit","","","","","","","ENTITY","45923"
"hu7322","Handling Unit","","","","","","","ENTITY","45924"
"hu7345","Handling Unit","","","","","","","ENTITY","45925"
"hu7328","Handling Unit","","","","","","","ENTITY","45926"
"hu7337","Handling Unit","","","","","","","ENTITY","45927"
"hu7343","Handling Unit","","","","","","","ENTITY","45928"
"hu7323","Handling Unit","","","","","","","ENTITY","45929"
"hu7327","Handling Unit","","","","","","","ENTITY","45930"
"hu7336","Handling Unit","","","","","","","ENTITY","45931"
"hu7333","Handling Unit","","","","","","","ENTITY","45932"
"hu7355","Handling Unit","","","","","","","ENTITY","45933"
"hu7350","Handling Unit","","","","","","","ENTITY","45934"
"hu7366","Handling Unit","","","","","","","ENTITY","45935"
"hu7374","Handling Unit","","","","","","","ENTITY","45936"
"hu7375","Handling Unit","","","","","","","ENTITY","45937"
"hu7351","Handling Unit","","","","","","","ENTITY","45938"
"hu7372","Handling Unit","","","","","","","ENTITY","45939"
"hu7349","Handling Unit","","","","","","","ENTITY","45940"
"hu7369","Handling Unit","","","","","","","ENTITY","45941"
"hu7376","Handling Unit","","","","","","","ENTITY","45942"
"hu7348","Handling Unit","","","","","","","ENTITY","45943"
"hu7360","Handling Unit","","","","","","","ENTITY","45944"
"hu7356","Handling Unit","","","","","","","ENTITY","45945"
"hu7358","Handling Unit","","","","","","","ENTITY","45946"
"hu7357","Handling Unit","","","","","","","ENTITY","45947"
"hu7364","Handling Unit","","","","","","","ENTITY","45948"
"hu7359","Handling Unit","","","","","","","ENTITY","45949"
"hu7353","Handling Unit","","","","","","","ENTITY","45950"
"hu7365","Handling Unit","","","","","","","ENTITY","45951"
"hu7377","Handling Unit","","","","","","","ENTITY","45952"
"hu7367","Handling Unit","","","","","","","ENTITY","45953"
"hu7362","Handling Unit","","","","","","","ENTITY","45954"
"hu7373","Handling Unit","","","","","","","ENTITY","45955"
"hu7378","Handling Unit","","","","","","","ENTITY","45956"
"hu7363","Handling Unit","","","","","","","ENTITY","45957"
"hu7368","Handling Unit","","","","","","","ENTITY","45958"
"hu7361","Handling Unit","","","","","","","ENTITY","45959"
"hu7352","Handling Unit","","","","","","","ENTITY","45960"
"hu7354","Handling Unit","","","","","","","ENTITY","45961"
"hu7371","Handling Unit","","","","","","","ENTITY","45962"
"hu7370","Handling Unit","","","","","","","ENTITY","45963"
"hu7379","Handling Unit","","","","","","","ENTITY","45964"
"hu7381","Handling Unit","","","","","","","ENTITY","45965"
"hu7384","Handling Unit","","","","","","","ENTITY","45966"
"hu7382","Handling Unit","","","","","","","ENTITY","45967"
"hu7385","Handling Unit","","","","","","","ENTITY","45968"
"hu7383","Handling Unit","","","","","","","ENTITY","45969"
"hu7380","Handling Unit","","","","","","","ENTITY","45970"
"hu7387","Handling Unit","","","","","","","ENTITY","45971"
"hu7386","Handling Unit","","","","","","","ENTITY","45972"
"hu7389","Handling Unit","","","","","","","ENTITY","45973"
"hu7391","Handling Unit","","","","","","","ENTITY","45974"
"hu7388","Handling Unit","","","","","","","ENTITY","45975"
"hu7392","Handling Unit","","","","","","","ENTITY","45976"
"hu7395","Handling Unit","","","","","","","ENTITY","45977"
"hu7390","Handling Unit","","","","","","","ENTITY","45978"
"hu7393","Handling Unit","","","","","","","ENTITY","45979"
"hu7394","Handling Unit","","","","","","","ENTITY","45980"
"hu7396","Handling Unit","","","","","","","ENTITY","45981"
"hu7397","Handling Unit","","","","","","","ENTITY","45982"
"hu7412","Handling Unit","","","","","","","ENTITY","45983"
"hu7401","Handling Unit","","","","","","","ENTITY","45984"
"hu7406","Handling Unit","","","","","","","ENTITY","45985"
"hu7413","Handling Unit","","","","","","","ENTITY","45986"
"hu7416","Handling Unit","","","","","","","ENTITY","45987"
"hu7418","Handling Unit","","","","","","","ENTITY","45988"
"hu7422","Handling Unit","","","","","","","ENTITY","45989"
"hu7419","Handling Unit","","","","","","","ENTITY","45990"
"hu7402","Handling Unit","","","","","","","ENTITY","45991"
"hu7408","Handling Unit","","","","","","","ENTITY","45992"
"hu7420","Handling Unit","","","","","","","ENTITY","45993"
"hu7400","Handling Unit","","","","","","","ENTITY","45994"
"hu7407","Handling Unit","","","","","","","ENTITY","45995"
"hu7427","Handling Unit","","","","","","","ENTITY","45996"
"hu7399","Handling Unit","","","","","","","ENTITY","45997"
"hu7424","Handling Unit","","","","","","","ENTITY","45998"
"hu7405","Handling Unit","","","","","","","ENTITY","45999"
"hu7428","Handling Unit","","","","","","","ENTITY","46000"
"hu7423","Handling Unit","","","","","","","ENTITY","46001"
"hu7421","Handling Unit","","","","","","","ENTITY","46002"
"hu7415","Handling Unit","","","","","","","ENTITY","46003"
"hu7417","Handling Unit","","","","","","","ENTITY","46004"
"hu7410","Handling Unit","","","","","","","ENTITY","46005"
"hu7426","Handling Unit","","","","","","","ENTITY","46006"
"hu7429","Handling Unit","","","","","","","ENTITY","46007"
"hu7398","Handling Unit","","","","","","","ENTITY","46008"
"hu7433","Handling Unit","","","","","","","ENTITY","46009"
"hu7430","Handling Unit","","","","","","","ENTITY","46010"
"hu7425","Handling Unit","","","","","","","ENTITY","46011"
"hu7432","Handling Unit","","","","","","","ENTITY","46012"
"hu7431","Handling Unit","","","","","","","ENTITY","46013"
"hu7409","Handling Unit","","","","","","","ENTITY","46014"
"hu7404","Handling Unit","","","","","","","ENTITY","46015"
"hu7411","Handling Unit","","","","","","","ENTITY","46016"
"hu7403","Handling Unit","","","","","","","ENTITY","46017"
"hu7435","Handling Unit","","","","","","","ENTITY","46018"
"hu7434","Handling Unit","","","","","","","ENTITY","46019"
"hu7414","Handling Unit","","","","","","","ENTITY","46020"
"hu7436","Handling Unit","","","","","","","ENTITY","46021"
"hu7439","Handling Unit","","","","","","","ENTITY","46022"
"hu7459","Handling Unit","","","","","","","ENTITY","46023"
"hu7453","Handling Unit","","","","","","","ENTITY","46024"
"hu7460","Handling Unit","","","","","","","ENTITY","46025"
"hu7452","Handling Unit","","","","","","","ENTITY","46026"
"hu7457","Handling Unit","","","","","","","ENTITY","46027"
"hu7446","Handling Unit","","","","","","","ENTITY","46028"
"hu7442","Handling Unit","","","","","","","ENTITY","46029"
"hu7449","Handling Unit","","","","","","","ENTITY","46030"
"hu7441","Handling Unit","","","","","","","ENTITY","46031"
"hu7444","Handling Unit","","","","","","","ENTITY","46032"
"hu7458","Handling Unit","","","","","","","ENTITY","46033"
"hu7440","Handling Unit","","","","","","","ENTITY","46034"
"hu7455","Handling Unit","","","","","","","ENTITY","46035"
"hu7443","Handling Unit","","","","","","","ENTITY","46036"
"hu7456","Handling Unit","","","","","","","ENTITY","46037"
"hu7454","Handling Unit","","","","","","","ENTITY","46038"
"hu7451","Handling Unit","","","","","","","ENTITY","46039"
"hu7447","Handling Unit","","","","","","","ENTITY","46040"
"hu7438","Handling Unit","","","","","","","ENTITY","46041"
"hu7445","Handling Unit","","","","","","","ENTITY","46042"
"hu7437","Handling Unit","","","","","","","ENTITY","46043"
"hu7450","Handling Unit","","","","","","","ENTITY","46044"
"hu7448","Handling Unit","","","","","","","ENTITY","46045"
"hu7464","Handling Unit","","","","","","","ENTITY","46046"
"hu7462","Handling Unit","","","","","","","ENTITY","46047"
"hu7465","Handling Unit","","","","","","","ENTITY","46048"
"hu7463","Handling Unit","","","","","","","ENTITY","46049"
"hu7461","Handling Unit","","","","","","","ENTITY","46050"
"hu7466","Handling Unit","","","","","","","ENTITY","46051"
"hu7471","Handling Unit","","","","","","","ENTITY","46052"
"hu7469","Handling Unit","","","","","","","ENTITY","46053"
"hu7468","Handling Unit","","","","","","","ENTITY","46054"
"hu7482","Handling Unit","","","","","","","ENTITY","46055"
"hu7474","Handling Unit","","","","","","","ENTITY","46056"
"hu7470","Handling Unit","","","","","","","ENTITY","46057"
"hu7473","Handling Unit","","","","","","","ENTITY","46058"
"hu7483","Handling Unit","","","","","","","ENTITY","46059"
"hu7485","Handling Unit","","","","","","","ENTITY","46060"
"hu7480","Handling Unit","","","","","","","ENTITY","46061"
"hu7486","Handling Unit","","","","","","","ENTITY","46062"
"hu7472","Handling Unit","","","","","","","ENTITY","46063"
"hu7476","Handling Unit","","","","","","","ENTITY","46064"
"hu7467","Handling Unit","","","","","","","ENTITY","46065"
"hu7487","Handling Unit","","","","","","","ENTITY","46066"
"hu7477","Handling Unit","","","","","","","ENTITY","46067"
"hu7479","Handling Unit","","","","","","","ENTITY","46068"
"hu7475","Handling Unit","","","","","","","ENTITY","46069"
"hu7484","Handling Unit","","","","","","","ENTITY","46070"
"hu7481","Handling Unit","","","","","","","ENTITY","46071"
"hu7488","Handling Unit","","","","","","","ENTITY","46072"
"hu7478","Handling Unit","","","","","","","ENTITY","46073"
"hu7489","Handling Unit","","","","","","","ENTITY","46074"
"hu7491","Handling Unit","","","","","","","ENTITY","46075"
"hu7499","Handling Unit","","","","","","","ENTITY","46076"
"hu7490","Handling Unit","","","","","","","ENTITY","46077"
"hu7495","Handling Unit","","","","","","","ENTITY","46078"
"hu7513","Handling Unit","","","","","","","ENTITY","46079"
"hu7498","Handling Unit","","","","","","","ENTITY","46080"
"hu7510","Handling Unit","","","","","","","ENTITY","46081"
"hu7509","Handling Unit","","","","","","","ENTITY","46082"
"hu7494","Handling Unit","","","","","","","ENTITY","46083"
"hu7511","Handling Unit","","","","","","","ENTITY","46084"
"hu7507","Handling Unit","","","","","","","ENTITY","46085"
"hu7502","Handling Unit","","","","","","","ENTITY","46086"
"hu7512","Handling Unit","","","","","","","ENTITY","46087"
"hu7497","Handling Unit","","","","","","","ENTITY","46088"
"hu7508","Handling Unit","","","","","","","ENTITY","46089"
"hu7496","Handling Unit","","","","","","","ENTITY","46090"
"hu7501","Handling Unit","","","","","","","ENTITY","46091"
"hu7504","Handling Unit","","","","","","","ENTITY","46092"
"hu7492","Handling Unit","","","","","","","ENTITY","46093"
"hu7503","Handling Unit","","","","","","","ENTITY","46094"
"hu7493","Handling Unit","","","","","","","ENTITY","46095"
"hu7506","Handling Unit","","","","","","","ENTITY","46096"
"hu7500","Handling Unit","","","","","","","ENTITY","46097"
"hu7505","Handling Unit","","","","","","","ENTITY","46098"
"hu7515","Handling Unit","","","","","","","ENTITY","46099"
"hu7514","Handling Unit","","","","","","","ENTITY","46100"
"hu7516","Handling Unit","","","","","","","ENTITY","46101"
"hu7525","Handling Unit","","","","","","","ENTITY","46102"
"hu7524","Handling Unit","","","","","","","ENTITY","46103"
"hu7520","Handling Unit","","","","","","","ENTITY","46104"
"hu7523","Handling Unit","","","","","","","ENTITY","46105"
"hu7522","Handling Unit","","","","","","","ENTITY","46106"
"hu7517","Handling Unit","","","","","","","ENTITY","46107"
"hu7519","Handling Unit","","","","","","","ENTITY","46108"
"hu7521","Handling Unit","","","","","","","ENTITY","46109"
"hu7518","Handling Unit","","","","","","","ENTITY","46110"
"hu7530","Handling Unit","","","","","","","ENTITY","46111"
"hu7526","Handling Unit","","","","","","","ENTITY","46112"
"hu7531","Handling Unit","","","","","","","ENTITY","46113"
"hu7528","Handling Unit","","","","","","","ENTITY","46114"
"hu7527","Handling Unit","","","","","","","ENTITY","46115"
"hu7529","Handling Unit","","","","","","","ENTITY","46116"
"hu7532","Handling Unit","","","","","","","ENTITY","46117"
"hu7534","Handling Unit","","","","","","","ENTITY","46118"
"hu7533","Handling Unit","","","","","","","ENTITY","46119"
"hu7535","Handling Unit","","","","","","","ENTITY","46120"
"hu7538","Handling Unit","","","","","","","ENTITY","46121"
"hu7536","Handling Unit","","","","","","","ENTITY","46122"
"hu7539","Handling Unit","","","","","","","ENTITY","46123"
"hu7545","Handling Unit","","","","","","","ENTITY","46124"
"hu7544","Handling Unit","","","","","","","ENTITY","46125"
"hu7546","Handling Unit","","","","","","","ENTITY","46126"
"hu7542","Handling Unit","","","","","","","ENTITY","46127"
"hu7540","Handling Unit","","","","","","","ENTITY","46128"
"hu7537","Handling Unit","","","","","","","ENTITY","46129"
"hu7543","Handling Unit","","","","","","","ENTITY","46130"
"hu7541","Handling Unit","","","","","","","ENTITY","46131"
"hu7548","Handling Unit","","","","","","","ENTITY","46132"
"hu7564","Handling Unit","","","","","","","ENTITY","46133"
"hu7549","Handling Unit","","","","","","","ENTITY","46134"
"hu7556","Handling Unit","","","","","","","ENTITY","46135"
"hu7558","Handling Unit","","","","","","","ENTITY","46136"
"hu7565","Handling Unit","","","","","","","ENTITY","46137"
"hu7550","Handling Unit","","","","","","","ENTITY","46138"
"hu7547","Handling Unit","","","","","","","ENTITY","46139"
"hu7576","Handling Unit","","","","","","","ENTITY","46140"
"hu7561","Handling Unit","","","","","","","ENTITY","46141"
"hu7562","Handling Unit","","","","","","","ENTITY","46142"
"hu7557","Handling Unit","","","","","","","ENTITY","46143"
"hu7573","Handling Unit","","","","","","","ENTITY","46144"
"hu7552","Handling Unit","","","","","","","ENTITY","46145"
"hu7559","Handling Unit","","","","","","","ENTITY","46146"
"hu7571","Handling Unit","","","","","","","ENTITY","46147"
"hu7569","Handling Unit","","","","","","","ENTITY","46148"
"hu7570","Handling Unit","","","","","","","ENTITY","46149"
"hu7572","Handling Unit","","","","","","","ENTITY","46150"
"hu7575","Handling Unit","","","","","","","ENTITY","46151"
"hu7567","Handling Unit","","","","","","","ENTITY","46152"
"hu7560","Handling Unit","","","","","","","ENTITY","46153"
"hu7577","Handling Unit","","","","","","","ENTITY","46154"
"hu7574","Handling Unit","","","","","","","ENTITY","46155"
"hu7583","Handling Unit","","","","","","","ENTITY","46156"
"hu7581","Handling Unit","","","","","","","ENTITY","46157"
"hu7563","Handling Unit","","","","","","","ENTITY","46158"
"hu7587","Handling Unit","","","","","","","ENTITY","46159"
"hu7584","Handling Unit","","","","","","","ENTITY","46160"
"hu7582","Handling Unit","","","","","","","ENTITY","46161"
"hu7579","Handling Unit","","","","","","","ENTITY","46162"
"hu7580","Handling Unit","","","","","","","ENTITY","46163"
"hu7589","Handling Unit","","","","","","","ENTITY","46164"
"hu7553","Handling Unit","","","","","","","ENTITY","46165"
"hu7585","Handling Unit","","","","","","","ENTITY","46166"
"hu7588","Handling Unit","","","","","","","ENTITY","46167"
"hu7551","Handling Unit","","","","","","","ENTITY","46168"
"hu7578","Handling Unit","","","","","","","ENTITY","46169"
"hu7566","Handling Unit","","","","","","","ENTITY","46170"
"hu7568","Handling Unit","","","","","","","ENTITY","46171"
"hu7595","Handling Unit","","","","","","","ENTITY","46172"
"hu7591","Handling Unit","","","","","","","ENTITY","46173"
"hu7593","Handling Unit","","","","","","","ENTITY","46174"
"hu7605","Handling Unit","","","","","","","ENTITY","46175"
"hu7594","Handling Unit","","","","","","","ENTITY","46176"
"hu7601","Handling Unit","","","","","","","ENTITY","46177"
"hu7600","Handling Unit","","","","","","","ENTITY","46178"
"hu7602","Handling Unit","","","","","","","ENTITY","46179"
"hu7554","Handling Unit","","","","","","","ENTITY","46180"
"hu7606","Handling Unit","","","","","","","ENTITY","46181"
"hu7597","Handling Unit","","","","","","","ENTITY","46182"
"hu7607","Handling Unit","","","","","","","ENTITY","46183"
"hu7596","Handling Unit","","","","","","","ENTITY","46184"
"hu7603","Handling Unit","","","","","","","ENTITY","46185"
"hu7599","Handling Unit","","","","","","","ENTITY","46186"
"hu7613","Handling Unit","","","","","","","ENTITY","46187"
"hu7604","Handling Unit","","","","","","","ENTITY","46188"
"hu7608","Handling Unit","","","","","","","ENTITY","46189"
"hu7590","Handling Unit","","","","","","","ENTITY","46190"
"hu7610","Handling Unit","","","","","","","ENTITY","46191"
"hu7592","Handling Unit","","","","","","","ENTITY","46192"
"hu7611","Handling Unit","","","","","","","ENTITY","46193"
"hu7586","Handling Unit","","","","","","","ENTITY","46194"
"hu7598","Handling Unit","","","","","","","ENTITY","46195"
"hu7618","Handling Unit","","","","","","","ENTITY","46196"
"hu7615","Handling Unit","","","","","","","ENTITY","46197"
"hu7614","Handling Unit","","","","","","","ENTITY","46198"
"hu7617","Handling Unit","","","","","","","ENTITY","46199"
"hu7619","Handling Unit","","","","","","","ENTITY","46200"
"hu7623","Handling Unit","","","","","","","ENTITY","46201"
"hu7621","Handling Unit","","","","","","","ENTITY","46202"
"hu7625","Handling Unit","","","","","","","ENTITY","46203"
"hu7626","Handling Unit","","","","","","","ENTITY","46204"
"hu7637","Handling Unit","","","","","","","ENTITY","46205"
"hu7635","Handling Unit","","","","","","","ENTITY","46206"
"hu7636","Handling Unit","","","","","","","ENTITY","46207"
"hu7555","Handling Unit","","","","","","","ENTITY","46208"
"hu7629","Handling Unit","","","","","","","ENTITY","46209"
"hu7624","Handling Unit","","","","","","","ENTITY","46210"
"hu7622","Handling Unit","","","","","","","ENTITY","46211"
"hu7639","Handling Unit","","","","","","","ENTITY","46212"
"hu7612","Handling Unit","","","","","","","ENTITY","46213"
"hu7633","Handling Unit","","","","","","","ENTITY","46214"
"hu7640","Handling Unit","","","","","","","ENTITY","46215"
"hu7616","Handling Unit","","","","","","","ENTITY","46216"
"hu7627","Handling Unit","","","","","","","ENTITY","46217"
"hu7643","Handling Unit","","","","","","","ENTITY","46218"
"hu7642","Handling Unit","","","","","","","ENTITY","46219"
"hu7641","Handling Unit","","","","","","","ENTITY","46220"
"hu7638","Handling Unit","","","","","","","ENTITY","46221"
"hu7620","Handling Unit","","","","","","","ENTITY","46222"
"hu7631","Handling Unit","","","","","","","ENTITY","46223"
"hu7609","Handling Unit","","","","","","","ENTITY","46224"
"hu7648","Handling Unit","","","","","","","ENTITY","46225"
"hu7632","Handling Unit","","","","","","","ENTITY","46226"
"hu7630","Handling Unit","","","","","","","ENTITY","46227"
"hu7647","Handling Unit","","","","","","","ENTITY","46228"
"hu7653","Handling Unit","","","","","","","ENTITY","46229"
"hu7628","Handling Unit","","","","","","","ENTITY","46230"
"hu7644","Handling Unit","","","","","","","ENTITY","46231"
"hu7650","Handling Unit","","","","","","","ENTITY","46232"
"hu7656","Handling Unit","","","","","","","ENTITY","46233"
"hu7661","Handling Unit","","","","","","","ENTITY","46234"
"hu7652","Handling Unit","","","","","","","ENTITY","46235"
"hu7657","Handling Unit","","","","","","","ENTITY","46236"
"hu7655","Handling Unit","","","","","","","ENTITY","46237"
"hu7663","Handling Unit","","","","","","","ENTITY","46238"
"hu7634","Handling Unit","","","","","","","ENTITY","46239"
"hu7649","Handling Unit","","","","","","","ENTITY","46240"
"hu7669","Handling Unit","","","","","","","ENTITY","46241"
"hu7645","Handling Unit","","","","","","","ENTITY","46242"
"hu7664","Handling Unit","","","","","","","ENTITY","46243"
"hu7654","Handling Unit","","","","","","","ENTITY","46244"
"hu7668","Handling Unit","","","","","","","ENTITY","46245"
"hu7666","Handling Unit","","","","","","","ENTITY","46246"
"hu7667","Handling Unit","","","","","","","ENTITY","46247"
"hu7665","Handling Unit","","","","","","","ENTITY","46248"
"hu7660","Handling Unit","","","","","","","ENTITY","46249"
"hu7675","Handling Unit","","","","","","","ENTITY","46250"
"hu7672","Handling Unit","","","","","","","ENTITY","46251"
"hu7646","Handling Unit","","","","","","","ENTITY","46252"
"hu7662","Handling Unit","","","","","","","ENTITY","46253"
"hu7659","Handling Unit","","","","","","","ENTITY","46254"
"hu7671","Handling Unit","","","","","","","ENTITY","46255"
"hu7673","Handling Unit","","","","","","","ENTITY","46256"
"hu7674","Handling Unit","","","","","","","ENTITY","46257"
"hu7670","Handling Unit","","","","","","","ENTITY","46258"
"hu7658","Handling Unit","","","","","","","ENTITY","46259"
"hu7651","Handling Unit","","","","","","","ENTITY","46260"
"hu7681","Handling Unit","","","","","","","ENTITY","46261"
"hu7679","Handling Unit","","","","","","","ENTITY","46262"
"hu7677","Handling Unit","","","","","","","ENTITY","46263"
"hu7678","Handling Unit","","","","","","","ENTITY","46264"
"hu7676","Handling Unit","","","","","","","ENTITY","46265"
"hu7680","Handling Unit","","","","","","","ENTITY","46266"
"hu7685","Handling Unit","","","","","","","ENTITY","46267"
"hu7686","Handling Unit","","","","","","","ENTITY","46268"
"hu7683","Handling Unit","","","","","","","ENTITY","46269"
"hu7684","Handling Unit","","","","","","","ENTITY","46270"
"hu7687","Handling Unit","","","","","","","ENTITY","46271"
"hu7682","Handling Unit","","","","","","","ENTITY","46272"
"hu7691","Handling Unit","","","","","","","ENTITY","46273"
"hu7690","Handling Unit","","","","","","","ENTITY","46274"
"hu7696","Handling Unit","","","","","","","ENTITY","46275"
"hu7695","Handling Unit","","","","","","","ENTITY","46276"
"hu7689","Handling Unit","","","","","","","ENTITY","46277"
"hu7693","Handling Unit","","","","","","","ENTITY","46278"
"hu7702","Handling Unit","","","","","","","ENTITY","46279"
"hu7688","Handling Unit","","","","","","","ENTITY","46280"
"hu7699","Handling Unit","","","","","","","ENTITY","46281"
"hu7694","Handling Unit","","","","","","","ENTITY","46282"
"hu7704","Handling Unit","","","","","","","ENTITY","46283"
"hu7697","Handling Unit","","","","","","","ENTITY","46284"
"hu7698","Handling Unit","","","","","","","ENTITY","46285"
"hu7703","Handling Unit","","","","","","","ENTITY","46286"
"hu7692","Handling Unit","","","","","","","ENTITY","46287"
"hu7701","Handling Unit","","","","","","","ENTITY","46288"
"hu7700","Handling Unit","","","","","","","ENTITY","46289"
"hu7705","Handling Unit","","","","","","","ENTITY","46290"
"hu7708","Handling Unit","","","","","","","ENTITY","46291"
"hu7709","Handling Unit","","","","","","","ENTITY","46292"
"hu7706","Handling Unit","","","","","","","ENTITY","46293"
"hu7715","Handling Unit","","","","","","","ENTITY","46294"
"hu7738","Handling Unit","","","","","","","ENTITY","46295"
"hu7731","Handling Unit","","","","","","","ENTITY","46296"
"hu7723","Handling Unit","","","","","","","ENTITY","46297"
"hu7710","Handling Unit","","","","","","","ENTITY","46298"
"hu7725","Handling Unit","","","","","","","ENTITY","46299"
"hu7732","Handling Unit","","","","","","","ENTITY","46300"
"hu7730","Handling Unit","","","","","","","ENTITY","46301"
"hu7719","Handling Unit","","","","","","","ENTITY","46302"
"hu7713","Handling Unit","","","","","","","ENTITY","46303"
"hu7735","Handling Unit","","","","","","","ENTITY","46304"
"hu7724","Handling Unit","","","","","","","ENTITY","46305"
"hu7716","Handling Unit","","","","","","","ENTITY","46306"
"hu7718","Handling Unit","","","","","","","ENTITY","46307"
"hu7733","Handling Unit","","","","","","","ENTITY","46308"
"hu7707","Handling Unit","","","","","","","ENTITY","46309"
"hu7734","Handling Unit","","","","","","","ENTITY","46310"
"hu7737","Handling Unit","","","","","","","ENTITY","46311"
"hu7721","Handling Unit","","","","","","","ENTITY","46312"
"hu7717","Handling Unit","","","","","","","ENTITY","46313"
"hu7714","Handling Unit","","","","","","","ENTITY","46314"
"hu7720","Handling Unit","","","","","","","ENTITY","46315"
"hu7711","Handling Unit","","","","","","","ENTITY","46316"
"hu7726","Handling Unit","","","","","","","ENTITY","46317"
"hu7740","Handling Unit","","","","","","","ENTITY","46318"
"hu7739","Handling Unit","","","","","","","ENTITY","46319"
"hu7728","Handling Unit","","","","","","","ENTITY","46320"
"hu7727","Handling Unit","","","","","","","ENTITY","46321"
"hu7746","Handling Unit","","","","","","","ENTITY","46322"
"hu7748","Handling Unit","","","","","","","ENTITY","46323"
"hu7743","Handling Unit","","","","","","","ENTITY","46324"
"hu7736","Handling Unit","","","","","","","ENTITY","46325"
"hu7749","Handling Unit","","","","","","","ENTITY","46326"
"hu7742","Handling Unit","","","","","","","ENTITY","46327"
"hu7712","Handling Unit","","","","","","","ENTITY","46328"
"hu7753","Handling Unit","","","","","","","ENTITY","46329"
"hu7754","Handling Unit","","","","","","","ENTITY","46330"
"hu7722","Handling Unit","","","","","","","ENTITY","46331"
"hu7744","Handling Unit","","","","","","","ENTITY","46332"
"hu7729","Handling Unit","","","","","","","ENTITY","46333"
"hu7755","Handling Unit","","","","","","","ENTITY","46334"
"hu7747","Handling Unit","","","","","","","ENTITY","46335"
"hu7741","Handling Unit","","","","","","","ENTITY","46336"
"hu7759","Handling Unit","","","","","","","ENTITY","46337"
"hu7752","Handling Unit","","","","","","","ENTITY","46338"
"hu7757","Handling Unit","","","","","","","ENTITY","46339"
"hu7758","Handling Unit","","","","","","","ENTITY","46340"
"hu7751","Handling Unit","","","","","","","ENTITY","46341"
"hu7750","Handling Unit","","","","","","","ENTITY","46342"
"hu7745","Handling Unit","","","","","","","ENTITY","46343"
"hu7760","Handling Unit","","","","","","","ENTITY","46344"
"hu7762","Handling Unit","","","","","","","ENTITY","46345"
"hu7761","Handling Unit","","","","","","","ENTITY","46346"
"hu7766","Handling Unit","","","","","","","ENTITY","46347"
"hu7767","Handling Unit","","","","","","","ENTITY","46348"
"hu7772","Handling Unit","","","","","","","ENTITY","46349"
"hu7778","Handling Unit","","","","","","","ENTITY","46350"
"hu7768","Handling Unit","","","","","","","ENTITY","46351"
"hu7779","Handling Unit","","","","","","","ENTITY","46352"
"hu7770","Handling Unit","","","","","","","ENTITY","46353"
"hu7783","Handling Unit","","","","","","","ENTITY","46354"
"hu7784","Handling Unit","","","","","","","ENTITY","46355"
"hu7781","Handling Unit","","","","","","","ENTITY","46356"
"hu7765","Handling Unit","","","","","","","ENTITY","46357"
"hu7782","Handling Unit","","","","","","","ENTITY","46358"
"hu7764","Handling Unit","","","","","","","ENTITY","46359"
"hu7790","Handling Unit","","","","","","","ENTITY","46360"
"hu7763","Handling Unit","","","","","","","ENTITY","46361"
"hu7777","Handling Unit","","","","","","","ENTITY","46362"
"hu7773","Handling Unit","","","","","","","ENTITY","46363"
"hu7769","Handling Unit","","","","","","","ENTITY","46364"
"hu7789","Handling Unit","","","","","","","ENTITY","46365"
"hu7774","Handling Unit","","","","","","","ENTITY","46366"
"hu7756","Handling Unit","","","","","","","ENTITY","46367"
"hu7776","Handling Unit","","","","","","","ENTITY","46368"
"hu7771","Handling Unit","","","","","","","ENTITY","46369"
"hu7792","Handling Unit","","","","","","","ENTITY","46370"
"hu7796","Handling Unit","","","","","","","ENTITY","46371"
"hu7786","Handling Unit","","","","","","","ENTITY","46372"
"hu7785","Handling Unit","","","","","","","ENTITY","46373"
"hu7787","Handling Unit","","","","","","","ENTITY","46374"
"hu7780","Handling Unit","","","","","","","ENTITY","46375"
"hu7775","Handling Unit","","","","","","","ENTITY","46376"
"hu7800","Handling Unit","","","","","","","ENTITY","46377"
"hu7799","Handling Unit","","","","","","","ENTITY","46378"
"hu7795","Handling Unit","","","","","","","ENTITY","46379"
"hu7793","Handling Unit","","","","","","","ENTITY","46380"
"hu7802","Handling Unit","","","","","","","ENTITY","46381"
"hu7807","Handling Unit","","","","","","","ENTITY","46382"
"hu7791","Handling Unit","","","","","","","ENTITY","46383"
"hu7804","Handling Unit","","","","","","","ENTITY","46384"
"hu7794","Handling Unit","","","","","","","ENTITY","46385"
"hu7806","Handling Unit","","","","","","","ENTITY","46386"
"hu7797","Handling Unit","","","","","","","ENTITY","46387"
"hu7808","Handling Unit","","","","","","","ENTITY","46388"
"hu7810","Handling Unit","","","","","","","ENTITY","46389"
"hu7816","Handling Unit","","","","","","","ENTITY","46390"
"hu7809","Handling Unit","","","","","","","ENTITY","46391"
"hu7823","Handling Unit","","","","","","","ENTITY","46392"
"hu7811","Handling Unit","","","","","","","ENTITY","46393"
"hu7803","Handling Unit","","","","","","","ENTITY","46394"
"hu7824","Handling Unit","","","","","","","ENTITY","46395"
"hu7798","Handling Unit","","","","","","","ENTITY","46396"
"hu7820","Handling Unit","","","","","","","ENTITY","46397"
"hu7812","Handling Unit","","","","","","","ENTITY","46398"
"hu7821","Handling Unit","","","","","","","ENTITY","46399"
"hu7805","Handling Unit","","","","","","","ENTITY","46400"
"hu7818","Handling Unit","","","","","","","ENTITY","46401"
"hu7813","Handling Unit","","","","","","","ENTITY","46402"
"hu7801","Handling Unit","","","","","","","ENTITY","46403"
"hu7788","Handling Unit","","","","","","","ENTITY","46404"
"hu7827","Handling Unit","","","","","","","ENTITY","46405"
"hu7822","Handling Unit","","","","","","","ENTITY","46406"
"hu7814","Handling Unit","","","","","","","ENTITY","46407"
"hu7826","Handling Unit","","","","","","","ENTITY","46408"
"hu7831","Handling Unit","","","","","","","ENTITY","46409"
"hu7846","Handling Unit","","","","","","","ENTITY","46410"
"hu7835","Handling Unit","","","","","","","ENTITY","46411"
"hu7838","Handling Unit","","","","","","","ENTITY","46412"
"hu7836","Handling Unit","","","","","","","ENTITY","46413"
"hu7845","Handling Unit","","","","","","","ENTITY","46414"
"hu7819","Handling Unit","","","","","","","ENTITY","46415"
"hu7834","Handling Unit","","","","","","","ENTITY","46416"
"hu7839","Handling Unit","","","","","","","ENTITY","46417"
"hu7840","Handling Unit","","","","","","","ENTITY","46418"
"hu7843","Handling Unit","","","","","","","ENTITY","46419"
"hu7825","Handling Unit","","","","","","","ENTITY","46420"
"hu7849","Handling Unit","","","","","","","ENTITY","46421"
"hu7847","Handling Unit","","","","","","","ENTITY","46422"
"hu7832","Handling Unit","","","","","","","ENTITY","46423"
"hu7829","Handling Unit","","","","","","","ENTITY","46424"
"hu7851","Handling Unit","","","","","","","ENTITY","46425"
"hu7830","Handling Unit","","","","","","","ENTITY","46426"
"hu7852","Handling Unit","","","","","","","ENTITY","46427"
"hu7841","Handling Unit","","","","","","","ENTITY","46428"
"hu7848","Handling Unit","","","","","","","ENTITY","46429"
"hu7817","Handling Unit","","","","","","","ENTITY","46430"
"hu7850","Handling Unit","","","","","","","ENTITY","46431"
"hu7844","Handling Unit","","","","","","","ENTITY","46432"
"hu7853","Handling Unit","","","","","","","ENTITY","46433"
"hu7842","Handling Unit","","","","","","","ENTITY","46434"
"hu7854","Handling Unit","","","","","","","ENTITY","46435"
"hu7833","Handling Unit","","","","","","","ENTITY","46436"
"hu7837","Handling Unit","","","","","","","ENTITY","46437"
"hu7815","Handling Unit","","","","","","","ENTITY","46438"
"hu7828","Handling Unit","","","","","","","ENTITY","46439"
"hu7858","Handling Unit","","","","","","","ENTITY","46440"
"hu7855","Handling Unit","","","","","","","ENTITY","46441"
"hu7856","Handling Unit","","","","","","","ENTITY","46442"
"hu7860","Handling Unit","","","","","","","ENTITY","46443"
"hu7859","Handling Unit","","","","","","","ENTITY","46444"
"hu7857","Handling Unit","","","","","","","ENTITY","46445"
"hu7861","Handling Unit","","","","","","","ENTITY","46446"
"hu7864","Handling Unit","","","","","","","ENTITY","46447"
"hu7865","Handling Unit","","","","","","","ENTITY","46448"
"hu7878","Handling Unit","","","","","","","ENTITY","46449"
"hu7876","Handling Unit","","","","","","","ENTITY","46450"
"hu7868","Handling Unit","","","","","","","ENTITY","46451"
"hu7877","Handling Unit","","","","","","","ENTITY","46452"
"hu7863","Handling Unit","","","","","","","ENTITY","46453"
"hu7882","Handling Unit","","","","","","","ENTITY","46454"
"hu7874","Handling Unit","","","","","","","ENTITY","46455"
"hu7884","Handling Unit","","","","","","","ENTITY","46456"
"hu7880","Handling Unit","","","","","","","ENTITY","46457"
"hu7862","Handling Unit","","","","","","","ENTITY","46458"
"hu7866","Handling Unit","","","","","","","ENTITY","46459"
"hu7883","Handling Unit","","","","","","","ENTITY","46460"
"hu7875","Handling Unit","","","","","","","ENTITY","46461"
"hu7870","Handling Unit","","","","","","","ENTITY","46462"
"hu7873","Handling Unit","","","","","","","ENTITY","46463"
"hu7867","Handling Unit","","","","","","","ENTITY","46464"
"hu7871","Handling Unit","","","","","","","ENTITY","46465"
"hu7881","Handling Unit","","","","","","","ENTITY","46466"
"hu7869","Handling Unit","","","","","","","ENTITY","46467"
"hu7879","Handling Unit","","","","","","","ENTITY","46468"
"hu7872","Handling Unit","","","","","","","ENTITY","46469"
"hu7887","Handling Unit","","","","","","","ENTITY","46470"
"hu7895","Handling Unit","","","","","","","ENTITY","46471"
"hu7891","Handling Unit","","","","","","","ENTITY","46472"
"hu7896","Handling Unit","","","","","","","ENTITY","46473"
"hu7905","Handling Unit","","","","","","","ENTITY","46474"
"hu7900","Handling Unit","","","","","","","ENTITY","46475"
"hu7913","Handling Unit","","","","","","","ENTITY","46476"
"hu7907","Handling Unit","","","","","","","ENTITY","46477"
"hu7909","Handling Unit","","","","","","","ENTITY","46478"
"hu7901","Handling Unit","","","","","","","ENTITY","46479"
"hu7885","Handling Unit","","","","","","","ENTITY","46480"
"hu7906","Handling Unit","","","","","","","ENTITY","46481"
"hu7886","Handling Unit","","","","","","","ENTITY","46482"
"hu7916","Handling Unit","","","","","","","ENTITY","46483"
"hu7893","Handling Unit","","","","","","","ENTITY","46484"
"hu7915","Handling Unit","","","","","","","ENTITY","46485"
"hu7919","Handling Unit","","","","","","","ENTITY","46486"
"hu7903","Handling Unit","","","","","","","ENTITY","46487"
"hu7904","Handling Unit","","","","","","","ENTITY","46488"
"hu7897","Handling Unit","","","","","","","ENTITY","46489"
"hu7910","Handling Unit","","","","","","","ENTITY","46490"
"hu7894","Handling Unit","","","","","","","ENTITY","46491"
"hu7899","Handling Unit","","","","","","","ENTITY","46492"
"hu7912","Handling Unit","","","","","","","ENTITY","46493"
"hu7908","Handling Unit","","","","","","","ENTITY","46494"
"hu7892","Handling Unit","","","","","","","ENTITY","46495"
"hu7917","Handling Unit","","","","","","","ENTITY","46496"
"hu7918","Handling Unit","","","","","","","ENTITY","46497"
"hu7902","Handling Unit","","","","","","","ENTITY","46498"
"hu7889","Handling Unit","","","","","","","ENTITY","46499"
"hu7890","Handling Unit","","","","","","","ENTITY","46500"
"hu7898","Handling Unit","","","","","","","ENTITY","46501"
"hu7920","Handling Unit","","","","","","","ENTITY","46502"
"hu7922","Handling Unit","","","","","","","ENTITY","46503"
"hu7911","Handling Unit","","","","","","","ENTITY","46504"
"hu7921","Handling Unit","","","","","","","ENTITY","46505"
"hu7914","Handling Unit","","","","","","","ENTITY","46506"
"hu7888","Handling Unit","","","","","","","ENTITY","46507"
"hu7924","Handling Unit","","","","","","","ENTITY","46508"
"hu7923","Handling Unit","","","","","","","ENTITY","46509"
"hu7926","Handling Unit","","","","","","","ENTITY","46510"
"hu7927","Handling Unit","","","","","","","ENTITY","46511"
"hu7925","Handling Unit","","","","","","","ENTITY","46512"
"hu7930","Handling Unit","","","","","","","ENTITY","46513"
"hu7929","Handling Unit","","","","","","","ENTITY","46514"
"hu7928","Handling Unit","","","","","","","ENTITY","46515"
"hu7932","Handling Unit","","","","","","","ENTITY","46516"
"hu7940","Handling Unit","","","","","","","ENTITY","46517"
"hu7947","Handling Unit","","","","","","","ENTITY","46518"
"hu7936","Handling Unit","","","","","","","ENTITY","46519"
"hu7945","Handling Unit","","","","","","","ENTITY","46520"
"hu7946","Handling Unit","","","","","","","ENTITY","46521"
"hu7941","Handling Unit","","","","","","","ENTITY","46522"
"hu7931","Handling Unit","","","","","","","ENTITY","46523"
"hu7954","Handling Unit","","","","","","","ENTITY","46524"
"hu7944","Handling Unit","","","","","","","ENTITY","46525"
"hu7938","Handling Unit","","","","","","","ENTITY","46526"
"hu7953","Handling Unit","","","","","","","ENTITY","46527"
"hu7960","Handling Unit","","","","","","","ENTITY","46528"
"hu7957","Handling Unit","","","","","","","ENTITY","46529"
"hu7955","Handling Unit","","","","","","","ENTITY","46530"
"hu7933","Handling Unit","","","","","","","ENTITY","46531"
"hu7948","Handling Unit","","","","","","","ENTITY","46532"
"hu7956","Handling Unit","","","","","","","ENTITY","46533"
"hu7958","Handling Unit","","","","","","","ENTITY","46534"
"hu7951","Handling Unit","","","","","","","ENTITY","46535"
"hu7937","Handling Unit","","","","","","","ENTITY","46536"
"hu7952","Handling Unit","","","","","","","ENTITY","46537"
"hu7942","Handling Unit","","","","","","","ENTITY","46538"
"hu7950","Handling Unit","","","","","","","ENTITY","46539"
"hu7934","Handling Unit","","","","","","","ENTITY","46540"
"hu7959","Handling Unit","","","","","","","ENTITY","46541"
"hu7935","Handling Unit","","","","","","","ENTITY","46542"
"hu7949","Handling Unit","","","","","","","ENTITY","46543"
"hu7939","Handling Unit","","","","","","","ENTITY","46544"
"hu7943","Handling Unit","","","","","","","ENTITY","46545"
"hu7961","Handling Unit","","","","","","","ENTITY","46546"
"hu7963","Handling Unit","","","","","","","ENTITY","46547"
"hu7962","Handling Unit","","","","","","","ENTITY","46548"
"hu7968","Handling Unit","","","","","","","ENTITY","46549"
"hu7965","Handling Unit","","","","","","","ENTITY","46550"
"hu7966","Handling Unit","","","","","","","ENTITY","46551"
"hu7976","Handling Unit","","","","","","","ENTITY","46552"
"hu7972","Handling Unit","","","","","","","ENTITY","46553"
"hu7973","Handling Unit","","","","","","","ENTITY","46554"
"hu7978","Handling Unit","","","","","","","ENTITY","46555"
"hu7980","Handling Unit","","","","","","","ENTITY","46556"
"hu7975","Handling Unit","","","","","","","ENTITY","46557"
"hu7964","Handling Unit","","","","","","","ENTITY","46558"
"hu7981","Handling Unit","","","","","","","ENTITY","46559"
"hu7982","Handling Unit","","","","","","","ENTITY","46560"
"hu7977","Handling Unit","","","","","","","ENTITY","46561"
"hu7974","Handling Unit","","","","","","","ENTITY","46562"
"hu7984","Handling Unit","","","","","","","ENTITY","46563"
"hu7979","Handling Unit","","","","","","","ENTITY","46564"
"hu7970","Handling Unit","","","","","","","ENTITY","46565"
"hu7969","Handling Unit","","","","","","","ENTITY","46566"
"hu7967","Handling Unit","","","","","","","ENTITY","46567"
"hu7983","Handling Unit","","","","","","","ENTITY","46568"
"hu7971","Handling Unit","","","","","","","ENTITY","46569"
"hu7988","Handling Unit","","","","","","","ENTITY","46570"
"hu7985","Handling Unit","","","","","","","ENTITY","46571"
"hu7991","Handling Unit","","","","","","","ENTITY","46572"
"hu7989","Handling Unit","","","","","","","ENTITY","46573"
"hu7993","Handling Unit","","","","","","","ENTITY","46574"
"hu7996","Handling Unit","","","","","","","ENTITY","46575"
"hu7995","Handling Unit","","","","","","","ENTITY","46576"
"hu7987","Handling Unit","","","","","","","ENTITY","46577"
"hu7992","Handling Unit","","","","","","","ENTITY","46578"
"hu7990","Handling Unit","","","","","","","ENTITY","46579"
"hu7994","Handling Unit","","","","","","","ENTITY","46580"
"hu7986","Handling Unit","","","","","","","ENTITY","46581"
"hu8000","Handling Unit","","","","","","","ENTITY","46582"
"hu7998","Handling Unit","","","","","","","ENTITY","46583"
"hu8001","Handling Unit","","","","","","","ENTITY","46584"
"hu7999","Handling Unit","","","","","","","ENTITY","46585"
"hu8002","Handling Unit","","","","","","","ENTITY","46586"
"hu7997","Handling Unit","","","","","","","ENTITY","46587"
"hu8008","Handling Unit","","","","","","","ENTITY","46588"
"hu8003","Handling Unit","","","","","","","ENTITY","46589"
"hu8019","Handling Unit","","","","","","","ENTITY","46590"
"hu8009","Handling Unit","","","","","","","ENTITY","46591"
"hu8005","Handling Unit","","","","","","","ENTITY","46592"
"hu8016","Handling Unit","","","","","","","ENTITY","46593"
"hu8014","Handling Unit","","","","","","","ENTITY","46594"
"hu8018","Handling Unit","","","","","","","ENTITY","46595"
"hu8006","Handling Unit","","","","","","","ENTITY","46596"
"hu8004","Handling Unit","","","","","","","ENTITY","46597"
"hu8010","Handling Unit","","","","","","","ENTITY","46598"
"hu8020","Handling Unit","","","","","","","ENTITY","46599"
"hu8013","Handling Unit","","","","","","","ENTITY","46600"
"hu8011","Handling Unit","","","","","","","ENTITY","46601"
"hu8007","Handling Unit","","","","","","","ENTITY","46602"
"hu8015","Handling Unit","","","","","","","ENTITY","46603"
"hu8017","Handling Unit","","","","","","","ENTITY","46604"
"hu8012","Handling Unit","","","","","","","ENTITY","46605"
"hu8021","Handling Unit","","","","","","","ENTITY","46606"
"hu8022","Handling Unit","","","","","","","ENTITY","46607"
"hu8025","Handling Unit","","","","","","","ENTITY","46608"
"hu8023","Handling Unit","","","","","","","ENTITY","46609"
"hu8026","Handling Unit","","","","","","","ENTITY","46610"
"hu8027","Handling Unit","","","","","","","ENTITY","46611"
"hu8024","Handling Unit","","","","","","","ENTITY","46612"
"hu8028","Handling Unit","","","","","","","ENTITY","46613"
"hu8030","Handling Unit","","","","","","","ENTITY","46614"
"hu8032","Handling Unit","","","","","","","ENTITY","46615"
"hu8033","Handling Unit","","","","","","","ENTITY","46616"
"hu8029","Handling Unit","","","","","","","ENTITY","46617"
"hu8031","Handling Unit","","","","","","","ENTITY","46618"
"hu8034","Handling Unit","","","","","","","ENTITY","46619"
"hu8038","Handling Unit","","","","","","","ENTITY","46620"
"hu8057","Handling Unit","","","","","","","ENTITY","46621"
"hu8040","Handling Unit","","","","","","","ENTITY","46622"
"hu8049","Handling Unit","","","","","","","ENTITY","46623"
"hu8035","Handling Unit","","","","","","","ENTITY","46624"
"hu8060","Handling Unit","","","","","","","ENTITY","46625"
"hu8041","Handling Unit","","","","","","","ENTITY","46626"
"hu8054","Handling Unit","","","","","","","ENTITY","46627"
"hu8036","Handling Unit","","","","","","","ENTITY","46628"
"hu8042","Handling Unit","","","","","","","ENTITY","46629"
"hu8056","Handling Unit","","","","","","","ENTITY","46630"
"hu8053","Handling Unit","","","","","","","ENTITY","46631"
"hu8048","Handling Unit","","","","","","","ENTITY","46632"
"hu8052","Handling Unit","","","","","","","ENTITY","46633"
"hu8044","Handling Unit","","","","","","","ENTITY","46634"
"hu8043","Handling Unit","","","","","","","ENTITY","46635"
"hu8045","Handling Unit","","","","","","","ENTITY","46636"
"hu8062","Handling Unit","","","","","","","ENTITY","46637"
"hu8046","Handling Unit","","","","","","","ENTITY","46638"
"hu8047","Handling Unit","","","","","","","ENTITY","46639"
"hu8051","Handling Unit","","","","","","","ENTITY","46640"
"hu8063","Handling Unit","","","","","","","ENTITY","46641"
"hu8058","Handling Unit","","","","","","","ENTITY","46642"
"hu8037","Handling Unit","","","","","","","ENTITY","46643"
"hu8039","Handling Unit","","","","","","","ENTITY","46644"
"hu8055","Handling Unit","","","","","","","ENTITY","46645"
"hu8067","Handling Unit","","","","","","","ENTITY","46646"
"hu8071","Handling Unit","","","","","","","ENTITY","46647"
"hu8074","Handling Unit","","","","","","","ENTITY","46648"
"hu8073","Handling Unit","","","","","","","ENTITY","46649"
"hu8070","Handling Unit","","","","","","","ENTITY","46650"
"hu8075","Handling Unit","","","","","","","ENTITY","46651"
"hu8061","Handling Unit","","","","","","","ENTITY","46652"
"hu8076","Handling Unit","","","","","","","ENTITY","46653"
"hu8068","Handling Unit","","","","","","","ENTITY","46654"
"hu8050","Handling Unit","","","","","","","ENTITY","46655"
"hu8065","Handling Unit","","","","","","","ENTITY","46656"
"hu8077","Handling Unit","","","","","","","ENTITY","46657"
"hu8059","Handling Unit","","","","","","","ENTITY","46658"
"hu8064","Handling Unit","","","","","","","ENTITY","46659"
"hu8078","Handling Unit","","","","","","","ENTITY","46660"
"hu8066","Handling Unit","","","","","","","ENTITY","46661"
"hu8069","Handling Unit","","","","","","","ENTITY","46662"
"hu8079","Handling Unit","","","","","","","ENTITY","46663"
"hu8080","Handling Unit","","","","","","","ENTITY","46664"
"hu8087","Handling Unit","","","","","","","ENTITY","46665"
"hu8099","Handling Unit","","","","","","","ENTITY","46666"
"hu8090","Handling Unit","","","","","","","ENTITY","46667"
"hu8088","Handling Unit","","","","","","","ENTITY","46668"
"hu8101","Handling Unit","","","","","","","ENTITY","46669"
"hu8089","Handling Unit","","","","","","","ENTITY","46670"
"hu8103","Handling Unit","","","","","","","ENTITY","46671"
"hu8110","Handling Unit","","","","","","","ENTITY","46672"
"hu8102","Handling Unit","","","","","","","ENTITY","46673"
"hu8095","Handling Unit","","","","","","","ENTITY","46674"
"hu8084","Handling Unit","","","","","","","ENTITY","46675"
"hu8082","Handling Unit","","","","","","","ENTITY","46676"
"hu8086","Handling Unit","","","","","","","ENTITY","46677"
"hu8105","Handling Unit","","","","","","","ENTITY","46678"
"hu8097","Handling Unit","","","","","","","ENTITY","46679"
"hu8085","Handling Unit","","","","","","","ENTITY","46680"
"hu8109","Handling Unit","","","","","","","ENTITY","46681"
"hu8106","Handling Unit","","","","","","","ENTITY","46682"
"hu8107","Handling Unit","","","","","","","ENTITY","46683"
"hu8081","Handling Unit","","","","","","","ENTITY","46684"
"hu8096","Handling Unit","","","","","","","ENTITY","46685"
"hu8104","Handling Unit","","","","","","","ENTITY","46686"
"hu8072","Handling Unit","","","","","","","ENTITY","46687"
"hu8092","Handling Unit","","","","","","","ENTITY","46688"
"hu8094","Handling Unit","","","","","","","ENTITY","46689"
"hu8093","Handling Unit","","","","","","","ENTITY","46690"
"hu8091","Handling Unit","","","","","","","ENTITY","46691"
"hu8100","Handling Unit","","","","","","","ENTITY","46692"
"hu8108","Handling Unit","","","","","","","ENTITY","46693"
"hu8098","Handling Unit","","","","","","","ENTITY","46694"
"hu8083","Handling Unit","","","","","","","ENTITY","46695"
"hu8114","Handling Unit","","","","","","","ENTITY","46696"
"hu8113","Handling Unit","","","","","","","ENTITY","46697"
"hu8133","Handling Unit","","","","","","","ENTITY","46698"
"hu8112","Handling Unit","","","","","","","ENTITY","46699"
"hu8132","Handling Unit","","","","","","","ENTITY","46700"
"hu8115","Handling Unit","","","","","","","ENTITY","46701"
"hu8124","Handling Unit","","","","","","","ENTITY","46702"
"hu8120","Handling Unit","","","","","","","ENTITY","46703"
"hu8126","Handling Unit","","","","","","","ENTITY","46704"
"hu8119","Handling Unit","","","","","","","ENTITY","46705"
"hu8131","Handling Unit","","","","","","","ENTITY","46706"
"hu8118","Handling Unit","","","","","","","ENTITY","46707"
"hu8130","Handling Unit","","","","","","","ENTITY","46708"
"hu8121","Handling Unit","","","","","","","ENTITY","46709"
"hu8134","Handling Unit","","","","","","","ENTITY","46710"
"hu8116","Handling Unit","","","","","","","ENTITY","46711"
"hu8136","Handling Unit","","","","","","","ENTITY","46712"
"hu8117","Handling Unit","","","","","","","ENTITY","46713"
"hu8140","Handling Unit","","","","","","","ENTITY","46714"
"hu8142","Handling Unit","","","","","","","ENTITY","46715"
"hu8137","Handling Unit","","","","","","","ENTITY","46716"
"hu8138","Handling Unit","","","","","","","ENTITY","46717"
"hu8135","Handling Unit","","","","","","","ENTITY","46718"
"hu8123","Handling Unit","","","","","","","ENTITY","46719"
"hu8127","Handling Unit","","","","","","","ENTITY","46720"
"hu8125","Handling Unit","","","","","","","ENTITY","46721"
"hu8146","Handling Unit","","","","","","","ENTITY","46722"
"hu8128","Handling Unit","","","","","","","ENTITY","46723"
"hu8139","Handling Unit","","","","","","","ENTITY","46724"
"hu8147","Handling Unit","","","","","","","ENTITY","46725"
"hu8122","Handling Unit","","","","","","","ENTITY","46726"
"hu8143","Handling Unit","","","","","","","ENTITY","46727"
"hu8148","Handling Unit","","","","","","","ENTITY","46728"
"hu8145","Handling Unit","","","","","","","ENTITY","46729"
"hu8129","Handling Unit","","","","","","","ENTITY","46730"
"hu8111","Handling Unit","","","","","","","ENTITY","46731"
"hu8144","Handling Unit","","","","","","","ENTITY","46732"
"hu8141","Handling Unit","","","","","","","ENTITY","46733"
"hu8149","Handling Unit","","","","","","","ENTITY","46734"
"hu8156","Handling Unit","","","","","","","ENTITY","46735"
"hu8152","Handling Unit","","","","","","","ENTITY","46736"
"hu8164","Handling Unit","","","","","","","ENTITY","46737"
"hu8151","Handling Unit","","","","","","","ENTITY","46738"
"hu8153","Handling Unit","","","","","","","ENTITY","46739"
"hu8159","Handling Unit","","","","","","","ENTITY","46740"
"hu8162","Handling Unit","","","","","","","ENTITY","46741"
"hu8158","Handling Unit","","","","","","","ENTITY","46742"
"hu8160","Handling Unit","","","","","","","ENTITY","46743"
"hu8157","Handling Unit","","","","","","","ENTITY","46744"
"hu8165","Handling Unit","","","","","","","ENTITY","46745"
"hu8166","Handling Unit","","","","","","","ENTITY","46746"
"hu8168","Handling Unit","","","","","","","ENTITY","46747"
"hu8163","Handling Unit","","","","","","","ENTITY","46748"
"hu8171","Handling Unit","","","","","","","ENTITY","46749"
"hu8176","Handling Unit","","","","","","","ENTITY","46750"
"hu8167","Handling Unit","","","","","","","ENTITY","46751"
"hu8161","Handling Unit","","","","","","","ENTITY","46752"
"hu8177","Handling Unit","","","","","","","ENTITY","46753"
"hu8154","Handling Unit","","","","","","","ENTITY","46754"
"hu8174","Handling Unit","","","","","","","ENTITY","46755"
"hu8172","Handling Unit","","","","","","","ENTITY","46756"
"hu8179","Handling Unit","","","","","","","ENTITY","46757"
"hu8175","Handling Unit","","","","","","","ENTITY","46758"
"hu8155","Handling Unit","","","","","","","ENTITY","46759"
"hu8180","Handling Unit","","","","","","","ENTITY","46760"
"hu8178","Handling Unit","","","","","","","ENTITY","46761"
"hu8169","Handling Unit","","","","","","","ENTITY","46762"
"hu8170","Handling Unit","","","","","","","ENTITY","46763"
"hu8150","Handling Unit","","","","","","","ENTITY","46764"
"hu8173","Handling Unit","","","","","","","ENTITY","46765"
"hu8186","Handling Unit","","","","","","","ENTITY","46766"
"hu8183","Handling Unit","","","","","","","ENTITY","46767"
"hu8182","Handling Unit","","","","","","","ENTITY","46768"
"hu8185","Handling Unit","","","","","","","ENTITY","46769"
"hu8189","Handling Unit","","","","","","","ENTITY","46770"
"hu8187","Handling Unit","","","","","","","ENTITY","46771"
"hu8192","Handling Unit","","","","","","","ENTITY","46772"
"hu8181","Handling Unit","","","","","","","ENTITY","46773"
"hu8191","Handling Unit","","","","","","","ENTITY","46774"
"hu8184","Handling Unit","","","","","","","ENTITY","46775"
"hu8188","Handling Unit","","","","","","","ENTITY","46776"
"hu8190","Handling Unit","","","","","","","ENTITY","46777"
"hu8197","Handling Unit","","","","","","","ENTITY","46778"
"hu8195","Handling Unit","","","","","","","ENTITY","46779"
"hu8194","Handling Unit","","","","","","","ENTITY","46780"
"hu8196","Handling Unit","","","","","","","ENTITY","46781"
"hu8193","Handling Unit","","","","","","","ENTITY","46782"
"hu8198","Handling Unit","","","","","","","ENTITY","46783"
"hu8205","Handling Unit","","","","","","","ENTITY","46784"
"hu8200","Handling Unit","","","","","","","ENTITY","46785"
"hu8209","Handling Unit","","","","","","","ENTITY","46786"
"hu8201","Handling Unit","","","","","","","ENTITY","46787"
"hu8199","Handling Unit","","","","","","","ENTITY","46788"
"hu8206","Handling Unit","","","","","","","ENTITY","46789"
"hu8208","Handling Unit","","","","","","","ENTITY","46790"
"hu8204","Handling Unit","","","","","","","ENTITY","46791"
"hu8202","Handling Unit","","","","","","","ENTITY","46792"
"hu8203","Handling Unit","","","","","","","ENTITY","46793"
"hu8207","Handling Unit","","","","","","","ENTITY","46794"
"hu8215","Handling Unit","","","","","","","ENTITY","46795"
"hu8213","Handling Unit","","","","","","","ENTITY","46796"
"hu8214","Handling Unit","","","","","","","ENTITY","46797"
"hu8210","Handling Unit","","","","","","","ENTITY","46798"
"hu8212","Handling Unit","","","","","","","ENTITY","46799"
"hu8211","Handling Unit","","","","","","","ENTITY","46800"
"hu8216","Handling Unit","","","","","","","ENTITY","46801"
"hu8217","Handling Unit","","","","","","","ENTITY","46802"
"hu8218","Handling Unit","","","","","","","ENTITY","46803"
"hu8222","Handling Unit","","","","","","","ENTITY","46804"
"hu8221","Handling Unit","","","","","","","ENTITY","46805"
"hu8228","Handling Unit","","","","","","","ENTITY","46806"
"hu8219","Handling Unit","","","","","","","ENTITY","46807"
"hu8227","Handling Unit","","","","","","","ENTITY","46808"
"hu8220","Handling Unit","","","","","","","ENTITY","46809"
"hu8236","Handling Unit","","","","","","","ENTITY","46810"
"hu8224","Handling Unit","","","","","","","ENTITY","46811"
"hu8237","Handling Unit","","","","","","","ENTITY","46812"
"hu8247","Handling Unit","","","","","","","ENTITY","46813"
"hu8243","Handling Unit","","","","","","","ENTITY","46814"
"hu8225","Handling Unit","","","","","","","ENTITY","46815"
"hu8239","Handling Unit","","","","","","","ENTITY","46816"
"hu8231","Handling Unit","","","","","","","ENTITY","46817"
"hu8241","Handling Unit","","","","","","","ENTITY","46818"
"hu8230","Handling Unit","","","","","","","ENTITY","46819"
"hu8229","Handling Unit","","","","","","","ENTITY","46820"
"hu8249","Handling Unit","","","","","","","ENTITY","46821"
"hu8252","Handling Unit","","","","","","","ENTITY","46822"
"hu8242","Handling Unit","","","","","","","ENTITY","46823"
"hu8244","Handling Unit","","","","","","","ENTITY","46824"
"hu8250","Handling Unit","","","","","","","ENTITY","46825"
"hu8233","Handling Unit","","","","","","","ENTITY","46826"
"hu8245","Handling Unit","","","","","","","ENTITY","46827"
"hu8232","Handling Unit","","","","","","","ENTITY","46828"
"hu8254","Handling Unit","","","","","","","ENTITY","46829"
"hu8223","Handling Unit","","","","","","","ENTITY","46830"
"hu8226","Handling Unit","","","","","","","ENTITY","46831"
"hu8248","Handling Unit","","","","","","","ENTITY","46832"
"hu8253","Handling Unit","","","","","","","ENTITY","46833"
"hu8240","Handling Unit","","","","","","","ENTITY","46834"
"hu8238","Handling Unit","","","","","","","ENTITY","46835"
"hu8234","Handling Unit","","","","","","","ENTITY","46836"
"hu8251","Handling Unit","","","","","","","ENTITY","46837"
"hu8246","Handling Unit","","","","","","","ENTITY","46838"
"hu8235","Handling Unit","","","","","","","ENTITY","46839"
"hu8259","Handling Unit","","","","","","","ENTITY","46840"
"hu8257","Handling Unit","","","","","","","ENTITY","46841"
"hu8258","Handling Unit","","","","","","","ENTITY","46842"
"hu8274","Handling Unit","","","","","","","ENTITY","46843"
"hu8284","Handling Unit","","","","","","","ENTITY","46844"
"hu8263","Handling Unit","","","","","","","ENTITY","46845"
"hu8270","Handling Unit","","","","","","","ENTITY","46846"
"hu8280","Handling Unit","","","","","","","ENTITY","46847"
"hu8265","Handling Unit","","","","","","","ENTITY","46848"
"hu8281","Handling Unit","","","","","","","ENTITY","46849"
"hu8264","Handling Unit","","","","","","","ENTITY","46850"
"hu8255","Handling Unit","","","","","","","ENTITY","46851"
"hu8285","Handling Unit","","","","","","","ENTITY","46852"
"hu8276","Handling Unit","","","","","","","ENTITY","46853"
"hu8283","Handling Unit","","","","","","","ENTITY","46854"
"hu8269","Handling Unit","","","","","","","ENTITY","46855"
"hu8271","Handling Unit","","","","","","","ENTITY","46856"
"hu8279","Handling Unit","","","","","","","ENTITY","46857"
"hu8267","Handling Unit","","","","","","","ENTITY","46858"
"hu8282","Handling Unit","","","","","","","ENTITY","46859"
"hu8273","Handling Unit","","","","","","","ENTITY","46860"
"hu8256","Handling Unit","","","","","","","ENTITY","46861"
"hu8277","Handling Unit","","","","","","","ENTITY","46862"
"hu8268","Handling Unit","","","","","","","ENTITY","46863"
"hu8272","Handling Unit","","","","","","","ENTITY","46864"
"hu8261","Handling Unit","","","","","","","ENTITY","46865"
"hu8266","Handling Unit","","","","","","","ENTITY","46866"
"hu8278","Handling Unit","","","","","","","ENTITY","46867"
"hu8288","Handling Unit","","","","","","","ENTITY","46868"
"hu8290","Handling Unit","","","","","","","ENTITY","46869"
"hu8286","Handling Unit","","","","","","","ENTITY","46870"
"hu8260","Handling Unit","","","","","","","ENTITY","46871"
"hu8275","Handling Unit","","","","","","","ENTITY","46872"
"hu8289","Handling Unit","","","","","","","ENTITY","46873"
"hu8294","Handling Unit","","","","","","","ENTITY","46874"
"hu8295","Handling Unit","","","","","","","ENTITY","46875"
"hu8297","Handling Unit","","","","","","","ENTITY","46876"
"hu8296","Handling Unit","","","","","","","ENTITY","46877"
"hu8298","Handling Unit","","","","","","","ENTITY","46878"
"hu8262","Handling Unit","","","","","","","ENTITY","46879"
"hu8291","Handling Unit","","","","","","","ENTITY","46880"
"hu8304","Handling Unit","","","","","","","ENTITY","46881"
"hu8300","Handling Unit","","","","","","","ENTITY","46882"
"hu8311","Handling Unit","","","","","","","ENTITY","46883"
"hu8301","Handling Unit","","","","","","","ENTITY","46884"
"hu8306","Handling Unit","","","","","","","ENTITY","46885"
"hu8305","Handling Unit","","","","","","","ENTITY","46886"
"hu8302","Handling Unit","","","","","","","ENTITY","46887"
"hu8312","Handling Unit","","","","","","","ENTITY","46888"
"hu8309","Handling Unit","","","","","","","ENTITY","46889"
"hu8307","Handling Unit","","","","","","","ENTITY","46890"
"hu8299","Handling Unit","","","","","","","ENTITY","46891"
"hu8293","Handling Unit","","","","","","","ENTITY","46892"
"hu8308","Handling Unit","","","","","","","ENTITY","46893"
"hu8292","Handling Unit","","","","","","","ENTITY","46894"
"hu8310","Handling Unit","","","","","","","ENTITY","46895"
"hu8320","Handling Unit","","","","","","","ENTITY","46896"
"hu8313","Handling Unit","","","","","","","ENTITY","46897"
"hu8287","Handling Unit","","","","","","","ENTITY","46898"
"hu8321","Handling Unit","","","","","","","ENTITY","46899"
"hu8325","Handling Unit","","","","","","","ENTITY","46900"
"hu8334","Handling Unit","","","","","","","ENTITY","46901"
"hu8317","Handling Unit","","","","","","","ENTITY","46902"
"hu8338","Handling Unit","","","","","","","ENTITY","46903"
"hu8333","Handling Unit","","","","","","","ENTITY","46904"
"hu8327","Handling Unit","","","","","","","ENTITY","46905"
"hu8315","Handling Unit","","","","","","","ENTITY","46906"
"hu8329","Handling Unit","","","","","","","ENTITY","46907"
"hu8330","Handling Unit","","","","","","","ENTITY","46908"
"hu8337","Handling Unit","","","","","","","ENTITY","46909"
"hu8319","Handling Unit","","","","","","","ENTITY","46910"
"hu8316","Handling Unit","","","","","","","ENTITY","46911"
"hu8318","Handling Unit","","","","","","","ENTITY","46912"
"hu8340","Handling Unit","","","","","","","ENTITY","46913"
"hu8322","Handling Unit","","","","","","","ENTITY","46914"
"hu8339","Handling Unit","","","","","","","ENTITY","46915"
"hu8331","Handling Unit","","","","","","","ENTITY","46916"
"hu8323","Handling Unit","","","","","","","ENTITY","46917"
"hu8303","Handling Unit","","","","","","","ENTITY","46918"
"hu8342","Handling Unit","","","","","","","ENTITY","46919"
"hu8344","Handling Unit","","","","","","","ENTITY","46920"
"hu8314","Handling Unit","","","","","","","ENTITY","46921"
"hu8341","Handling Unit","","","","","","","ENTITY","46922"
"hu8328","Handling Unit","","","","","","","ENTITY","46923"
"hu8332","Handling Unit","","","","","","","ENTITY","46924"
"hu8326","Handling Unit","","","","","","","ENTITY","46925"
"hu8343","Handling Unit","","","","","","","ENTITY","46926"
"hu8346","Handling Unit","","","","","","","ENTITY","46927"
"hu8336","Handling Unit","","","","","","","ENTITY","46928"
"hu8345","Handling Unit","","","","","","","ENTITY","46929"
"hu8324","Handling Unit","","","","","","","ENTITY","46930"
"hu8335","Handling Unit","","","","","","","ENTITY","46931"
"hu8348","Handling Unit","","","","","","","ENTITY","46932"
"hu8354","Handling Unit","","","","","","","ENTITY","46933"
"hu8358","Handling Unit","","","","","","","ENTITY","46934"
"hu8360","Handling Unit","","","","","","","ENTITY","46935"
"hu8363","Handling Unit","","","","","","","ENTITY","46936"
"hu8356","Handling Unit","","","","","","","ENTITY","46937"
"hu8353","Handling Unit","","","","","","","ENTITY","46938"
"hu8361","Handling Unit","","","","","","","ENTITY","46939"
"hu8367","Handling Unit","","","","","","","ENTITY","46940"
"hu8368","Handling Unit","","","","","","","ENTITY","46941"
"hu8355","Handling Unit","","","","","","","ENTITY","46942"
"hu8352","Handling Unit","","","","","","","ENTITY","46943"
"hu8347","Handling Unit","","","","","","","ENTITY","46944"
"hu8366","Handling Unit","","","","","","","ENTITY","46945"
"hu8349","Handling Unit","","","","","","","ENTITY","46946"
"hu8365","Handling Unit","","","","","","","ENTITY","46947"
"hu8362","Handling Unit","","","","","","","ENTITY","46948"
"hu8357","Handling Unit","","","","","","","ENTITY","46949"
"hu8370","Handling Unit","","","","","","","ENTITY","46950"
"hu8351","Handling Unit","","","","","","","ENTITY","46951"
"hu8373","Handling Unit","","","","","","","ENTITY","46952"
"hu8369","Handling Unit","","","","","","","ENTITY","46953"
"hu8371","Handling Unit","","","","","","","ENTITY","46954"
"hu8350","Handling Unit","","","","","","","ENTITY","46955"
"hu8372","Handling Unit","","","","","","","ENTITY","46956"
"hu8374","Handling Unit","","","","","","","ENTITY","46957"
"hu8364","Handling Unit","","","","","","","ENTITY","46958"
"hu8359","Handling Unit","","","","","","","ENTITY","46959"
"hu8378","Handling Unit","","","","","","","ENTITY","46960"
"hu8376","Handling Unit","","","","","","","ENTITY","46961"
"hu8375","Handling Unit","","","","","","","ENTITY","46962"
"hu8379","Handling Unit","","","","","","","ENTITY","46963"
"hu8377","Handling Unit","","","","","","","ENTITY","46964"
"hu8380","Handling Unit","","","","","","","ENTITY","46965"
"hu8382","Handling Unit","","","","","","","ENTITY","46966"
"hu8383","Handling Unit","","","","","","","ENTITY","46967"
"hu8381","Handling Unit","","","","","","","ENTITY","46968"
"hu8386","Handling Unit","","","","","","","ENTITY","46969"
"hu8384","Handling Unit","","","","","","","ENTITY","46970"
"hu8385","Handling Unit","","","","","","","ENTITY","46971"
"hu8390","Handling Unit","","","","","","","ENTITY","46972"
"hu8391","Handling Unit","","","","","","","ENTITY","46973"
"hu8388","Handling Unit","","","","","","","ENTITY","46974"
"hu8389","Handling Unit","","","","","","","ENTITY","46975"
"hu8387","Handling Unit","","","","","","","ENTITY","46976"
"hu8392","Handling Unit","","","","","","","ENTITY","46977"
"hu8398","Handling Unit","","","","","","","ENTITY","46978"
"hu8400","Handling Unit","","","","","","","ENTITY","46979"
"hu8402","Handling Unit","","","","","","","ENTITY","46980"
"hu8395","Handling Unit","","","","","","","ENTITY","46981"
"hu8399","Handling Unit","","","","","","","ENTITY","46982"
"hu8396","Handling Unit","","","","","","","ENTITY","46983"
"hu8401","Handling Unit","","","","","","","ENTITY","46984"
"hu8393","Handling Unit","","","","","","","ENTITY","46985"
"hu8407","Handling Unit","","","","","","","ENTITY","46986"
"hu8406","Handling Unit","","","","","","","ENTITY","46987"
"hu8397","Handling Unit","","","","","","","ENTITY","46988"
"hu8403","Handling Unit","","","","","","","ENTITY","46989"
"hu8404","Handling Unit","","","","","","","ENTITY","46990"
"hu8405","Handling Unit","","","","","","","ENTITY","46991"
"hu8394","Handling Unit","","","","","","","ENTITY","46992"
"hu8409","Handling Unit","","","","","","","ENTITY","46993"
"hu8411","Handling Unit","","","","","","","ENTITY","46994"
"hu8413","Handling Unit","","","","","","","ENTITY","46995"
"hu8408","Handling Unit","","","","","","","ENTITY","46996"
"hu8410","Handling Unit","","","","","","","ENTITY","46997"
"hu8412","Handling Unit","","","","","","","ENTITY","46998"
"hu8418","Handling Unit","","","","","","","ENTITY","46999"
"hu8426","Handling Unit","","","","","","","ENTITY","47000"
"hu8419","Handling Unit","","","","","","","ENTITY","47001"
"hu8429","Handling Unit","","","","","","","ENTITY","47002"
"hu8424","Handling Unit","","","","","","","ENTITY","47003"
"hu8420","Handling Unit","","","","","","","ENTITY","47004"
"hu8436","Handling Unit","","","","","","","ENTITY","47005"
"hu8423","Handling Unit","","","","","","","ENTITY","47006"
"hu8431","Handling Unit","","","","","","","ENTITY","47007"
"hu8422","Handling Unit","","","","","","","ENTITY","47008"
"hu8430","Handling Unit","","","","","","","ENTITY","47009"
"hu8421","Handling Unit","","","","","","","ENTITY","47010"
"hu8439","Handling Unit","","","","","","","ENTITY","47011"
"hu8440","Handling Unit","","","","","","","ENTITY","47012"
"hu8435","Handling Unit","","","","","","","ENTITY","47013"
"hu8434","Handling Unit","","","","","","","ENTITY","47014"
"hu8437","Handling Unit","","","","","","","ENTITY","47015"
"hu8441","Handling Unit","","","","","","","ENTITY","47016"
"hu8425","Handling Unit","","","","","","","ENTITY","47017"
"hu8414","Handling Unit","","","","","","","ENTITY","47018"
"hu8415","Handling Unit","","","","","","","ENTITY","47019"
"hu8416","Handling Unit","","","","","","","ENTITY","47020"
"hu8450","Handling Unit","","","","","","","ENTITY","47021"
"hu8442","Handling Unit","","","","","","","ENTITY","47022"
"hu8448","Handling Unit","","","","","","","ENTITY","47023"
"hu8433","Handling Unit","","","","","","","ENTITY","47024"
"hu8443","Handling Unit","","","","","","","ENTITY","47025"
"hu8417","Handling Unit","","","","","","","ENTITY","47026"
"hu8449","Handling Unit","","","","","","","ENTITY","47027"
"hu8453","Handling Unit","","","","","","","ENTITY","47028"
"hu8428","Handling Unit","","","","","","","ENTITY","47029"
"hu8444","Handling Unit","","","","","","","ENTITY","47030"
"hu8432","Handling Unit","","","","","","","ENTITY","47031"
"hu8445","Handling Unit","","","","","","","ENTITY","47032"
"hu8438","Handling Unit","","","","","","","ENTITY","47033"
"hu8447","Handling Unit","","","","","","","ENTITY","47034"
"hu8452","Handling Unit","","","","","","","ENTITY","47035"
"hu8446","Handling Unit","","","","","","","ENTITY","47036"
"hu8427","Handling Unit","","","","","","","ENTITY","47037"
"hu8451","Handling Unit","","","","","","","ENTITY","47038"
"hu8464","Handling Unit","","","","","","","ENTITY","47039"
"hu8463","Handling Unit","","","","","","","ENTITY","47040"
"hu8456","Handling Unit","","","","","","","ENTITY","47041"
"hu8461","Handling Unit","","","","","","","ENTITY","47042"
"hu8458","Handling Unit","","","","","","","ENTITY","47043"
"hu8459","Handling Unit","","","","","","","ENTITY","47044"
"hu8460","Handling Unit","","","","","","","ENTITY","47045"
"hu8455","Handling Unit","","","","","","","ENTITY","47046"
"hu8462","Handling Unit","","","","","","","ENTITY","47047"
"hu8457","Handling Unit","","","","","","","ENTITY","47048"
"hu8454","Handling Unit","","","","","","","ENTITY","47049"
"hu8465","Handling Unit","","","","","","","ENTITY","47050"
"hu8466","Handling Unit","","","","","","","ENTITY","47051"
"hu8469","Handling Unit","","","","","","","ENTITY","47052"
"hu8467","Handling Unit","","","","","","","ENTITY","47053"
"hu8471","Handling Unit","","","","","","","ENTITY","47054"
"hu8474","Handling Unit","","","","","","","ENTITY","47055"
"hu8470","Handling Unit","","","","","","","ENTITY","47056"
"hu8480","Handling Unit","","","","","","","ENTITY","47057"
"hu8481","Handling Unit","","","","","","","ENTITY","47058"
"hu8478","Handling Unit","","","","","","","ENTITY","47059"
"hu8476","Handling Unit","","","","","","","ENTITY","47060"
"hu8472","Handling Unit","","","","","","","ENTITY","47061"
"hu8485","Handling Unit","","","","","","","ENTITY","47062"
"hu8479","Handling Unit","","","","","","","ENTITY","47063"
"hu8473","Handling Unit","","","","","","","ENTITY","47064"
"hu8482","Handling Unit","","","","","","","ENTITY","47065"
"hu8475","Handling Unit","","","","","","","ENTITY","47066"
"hu8468","Handling Unit","","","","","","","ENTITY","47067"
"hu8477","Handling Unit","","","","","","","ENTITY","47068"
"hu8487","Handling Unit","","","","","","","ENTITY","47069"
"hu8483","Handling Unit","","","","","","","ENTITY","47070"
"hu8484","Handling Unit","","","","","","","ENTITY","47071"
"hu8486","Handling Unit","","","","","","","ENTITY","47072"
"hu8492","Handling Unit","","","","","","","ENTITY","47073"
"hu8489","Handling Unit","","","","","","","ENTITY","47074"
"hu8497","Handling Unit","","","","","","","ENTITY","47075"
"hu8495","Handling Unit","","","","","","","ENTITY","47076"
"hu8506","Handling Unit","","","","","","","ENTITY","47077"
"hu8502","Handling Unit","","","","","","","ENTITY","47078"
"hu8510","Handling Unit","","","","","","","ENTITY","47079"
"hu8491","Handling Unit","","","","","","","ENTITY","47080"
"hu8493","Handling Unit","","","","","","","ENTITY","47081"
"hu8500","Handling Unit","","","","","","","ENTITY","47082"
"hu8499","Handling Unit","","","","","","","ENTITY","47083"
"hu8508","Handling Unit","","","","","","","ENTITY","47084"
"hu8498","Handling Unit","","","","","","","ENTITY","47085"
"hu8490","Handling Unit","","","","","","","ENTITY","47086"
"hu8504","Handling Unit","","","","","","","ENTITY","47087"
"hu8488","Handling Unit","","","","","","","ENTITY","47088"
"hu8494","Handling Unit","","","","","","","ENTITY","47089"
"hu8507","Handling Unit","","","","","","","ENTITY","47090"
"hu8501","Handling Unit","","","","","","","ENTITY","47091"
"hu8496","Handling Unit","","","","","","","ENTITY","47092"
"hu8503","Handling Unit","","","","","","","ENTITY","47093"
"hu8505","Handling Unit","","","","","","","ENTITY","47094"
"hu8509","Handling Unit","","","","","","","ENTITY","47095"
"hu8511","Handling Unit","","","","","","","ENTITY","47096"
"hu8512","Handling Unit","","","","","","","ENTITY","47097"
"hu8513","Handling Unit","","","","","","","ENTITY","47098"
"hu8514","Handling Unit","","","","","","","ENTITY","47099"
"hu8515","Handling Unit","","","","","","","ENTITY","47100"
"hu8518","Handling Unit","","","","","","","ENTITY","47101"
"hu8517","Handling Unit","","","","","","","ENTITY","47102"
"hu8516","Handling Unit","","","","","","","ENTITY","47103"
"hu8523","Handling Unit","","","","","","","ENTITY","47104"
"hu8524","Handling Unit","","","","","","","ENTITY","47105"
"hu8522","Handling Unit","","","","","","","ENTITY","47106"
"hu8519","Handling Unit","","","","","","","ENTITY","47107"
"hu8520","Handling Unit","","","","","","","ENTITY","47108"
"hu8521","Handling Unit","","","","","","","ENTITY","47109"
"hu8527","Handling Unit","","","","","","","ENTITY","47110"
"hu8528","Handling Unit","","","","","","","ENTITY","47111"
"hu8545","Handling Unit","","","","","","","ENTITY","47112"
"hu8531","Handling Unit","","","","","","","ENTITY","47113"
"hu8530","Handling Unit","","","","","","","ENTITY","47114"
"hu8542","Handling Unit","","","","","","","ENTITY","47115"
"hu8526","Handling Unit","","","","","","","ENTITY","47116"
"hu8535","Handling Unit","","","","","","","ENTITY","47117"
"hu8544","Handling Unit","","","","","","","ENTITY","47118"
"hu8534","Handling Unit","","","","","","","ENTITY","47119"
"hu8541","Handling Unit","","","","","","","ENTITY","47120"
"hu8539","Handling Unit","","","","","","","ENTITY","47121"
"hu8543","Handling Unit","","","","","","","ENTITY","47122"
"hu8529","Handling Unit","","","","","","","ENTITY","47123"
"hu8537","Handling Unit","","","","","","","ENTITY","47124"
"hu8532","Handling Unit","","","","","","","ENTITY","47125"
"hu8538","Handling Unit","","","","","","","ENTITY","47126"
"hu8533","Handling Unit","","","","","","","ENTITY","47127"
"hu8536","Handling Unit","","","","","","","ENTITY","47128"
"hu8525","Handling Unit","","","","","","","ENTITY","47129"
"hu8540","Handling Unit","","","","","","","ENTITY","47130"
"hu8547","Handling Unit","","","","","","","ENTITY","47131"
"hu8546","Handling Unit","","","","","","","ENTITY","47132"
"hu8551","Handling Unit","","","","","","","ENTITY","47133"
"hu8548","Handling Unit","","","","","","","ENTITY","47134"
"hu8553","Handling Unit","","","","","","","ENTITY","47135"
"hu8552","Handling Unit","","","","","","","ENTITY","47136"
"hu8549","Handling Unit","","","","","","","ENTITY","47137"
"hu8550","Handling Unit","","","","","","","ENTITY","47138"
"hu8557","Handling Unit","","","","","","","ENTITY","47139"
"hu8574","Handling Unit","","","","","","","ENTITY","47140"
"hu8556","Handling Unit","","","","","","","ENTITY","47141"
"hu8563","Handling Unit","","","","","","","ENTITY","47142"
"hu8565","Handling Unit","","","","","","","ENTITY","47143"
"hu8558","Handling Unit","","","","","","","ENTITY","47144"
"hu8569","Handling Unit","","","","","","","ENTITY","47145"
"hu8554","Handling Unit","","","","","","","ENTITY","47146"
"hu8573","Handling Unit","","","","","","","ENTITY","47147"
"hu8571","Handling Unit","","","","","","","ENTITY","47148"
"hu8559","Handling Unit","","","","","","","ENTITY","47149"
"hu8566","Handling Unit","","","","","","","ENTITY","47150"
"hu8578","Handling Unit","","","","","","","ENTITY","47151"
"hu8582","Handling Unit","","","","","","","ENTITY","47152"
"hu8560","Handling Unit","","","","","","","ENTITY","47153"
"hu8575","Handling Unit","","","","","","","ENTITY","47154"
"hu8564","Handling Unit","","","","","","","ENTITY","47155"
"hu8562","Handling Unit","","","","","","","ENTITY","47156"
"hu8579","Handling Unit","","","","","","","ENTITY","47157"
"hu8570","Handling Unit","","","","","","","ENTITY","47158"
"hu8576","Handling Unit","","","","","","","ENTITY","47159"
"hu8577","Handling Unit","","","","","","","ENTITY","47160"
"hu8580","Handling Unit","","","","","","","ENTITY","47161"
"hu8555","Handling Unit","","","","","","","ENTITY","47162"
"hu8581","Handling Unit","","","","","","","ENTITY","47163"
"hu8568","Handling Unit","","","","","","","ENTITY","47164"
"hu8572","Handling Unit","","","","","","","ENTITY","47165"
"hu8561","Handling Unit","","","","","","","ENTITY","47166"
"hu8584","Handling Unit","","","","","","","ENTITY","47167"
"hu8586","Handling Unit","","","","","","","ENTITY","47168"
"hu8591","Handling Unit","","","","","","","ENTITY","47169"
"hu8585","Handling Unit","","","","","","","ENTITY","47170"
"hu8590","Handling Unit","","","","","","","ENTITY","47171"
"hu8589","Handling Unit","","","","","","","ENTITY","47172"
"hu8606","Handling Unit","","","","","","","ENTITY","47173"
"hu8593","Handling Unit","","","","","","","ENTITY","47174"
"hu8592","Handling Unit","","","","","","","ENTITY","47175"
"hu8610","Handling Unit","","","","","","","ENTITY","47176"
"hu8604","Handling Unit","","","","","","","ENTITY","47177"
"hu8609","Handling Unit","","","","","","","ENTITY","47178"
"hu8588","Handling Unit","","","","","","","ENTITY","47179"
"hu8567","Handling Unit","","","","","","","ENTITY","47180"
"hu8601","Handling Unit","","","","","","","ENTITY","47181"
"hu8600","Handling Unit","","","","","","","ENTITY","47182"
"hu8603","Handling Unit","","","","","","","ENTITY","47183"
"hu8583","Handling Unit","","","","","","","ENTITY","47184"
"hu8595","Handling Unit","","","","","","","ENTITY","47185"
"hu8594","Handling Unit","","","","","","","ENTITY","47186"
"hu8599","Handling Unit","","","","","","","ENTITY","47187"
"hu8608","Handling Unit","","","","","","","ENTITY","47188"
"hu8607","Handling Unit","","","","","","","ENTITY","47189"
"hu8597","Handling Unit","","","","","","","ENTITY","47190"
"hu8602","Handling Unit","","","","","","","ENTITY","47191"
"hu8598","Handling Unit","","","","","","","ENTITY","47192"
"hu8605","Handling Unit","","","","","","","ENTITY","47193"
"hu8596","Handling Unit","","","","","","","ENTITY","47194"
"hu8614","Handling Unit","","","","","","","ENTITY","47195"
"hu8613","Handling Unit","","","","","","","ENTITY","47196"
"hu8622","Handling Unit","","","","","","","ENTITY","47197"
"hu8629","Handling Unit","","","","","","","ENTITY","47198"
"hu8626","Handling Unit","","","","","","","ENTITY","47199"
"hu8634","Handling Unit","","","","","","","ENTITY","47200"
"hu8616","Handling Unit","","","","","","","ENTITY","47201"
"hu8611","Handling Unit","","","","","","","ENTITY","47202"
"hu8620","Handling Unit","","","","","","","ENTITY","47203"
"hu8630","Handling Unit","","","","","","","ENTITY","47204"
"hu8623","Handling Unit","","","","","","","ENTITY","47205"
"hu8625","Handling Unit","","","","","","","ENTITY","47206"
"hu8615","Handling Unit","","","","","","","ENTITY","47207"
"hu8627","Handling Unit","","","","","","","ENTITY","47208"
"hu8617","Handling Unit","","","","","","","ENTITY","47209"
"hu8619","Handling Unit","","","","","","","ENTITY","47210"
"hu8618","Handling Unit","","","","","","","ENTITY","47211"
"hu8612","Handling Unit","","","","","","","ENTITY","47212"
"hu8624","Handling Unit","","","","","","","ENTITY","47213"
"hu8628","Handling Unit","","","","","","","ENTITY","47214"
"hu8631","Handling Unit","","","","","","","ENTITY","47215"
"hu8587","Handling Unit","","","","","","","ENTITY","47216"
"hu8636","Handling Unit","","","","","","","ENTITY","47217"
"hu8637","Handling Unit","","","","","","","ENTITY","47218"
"hu8632","Handling Unit","","","","","","","ENTITY","47219"
"hu8633","Handling Unit","","","","","","","ENTITY","47220"
"hu8645","Handling Unit","","","","","","","ENTITY","47221"
"hu8635","Handling Unit","","","","","","","ENTITY","47222"
"hu8639","Handling Unit","","","","","","","ENTITY","47223"
"hu8652","Handling Unit","","","","","","","ENTITY","47224"
"hu8649","Handling Unit","","","","","","","ENTITY","47225"
"hu8648","Handling Unit","","","","","","","ENTITY","47226"
"hu8651","Handling Unit","","","","","","","ENTITY","47227"
"hu8643","Handling Unit","","","","","","","ENTITY","47228"
"hu8646","Handling Unit","","","","","","","ENTITY","47229"
"hu8621","Handling Unit","","","","","","","ENTITY","47230"
"hu8642","Handling Unit","","","","","","","ENTITY","47231"
"hu8644","Handling Unit","","","","","","","ENTITY","47232"
"hu8640","Handling Unit","","","","","","","ENTITY","47233"
"hu8647","Handling Unit","","","","","","","ENTITY","47234"
"hu8638","Handling Unit","","","","","","","ENTITY","47235"
"hu8641","Handling Unit","","","","","","","ENTITY","47236"
"hu8650","Handling Unit","","","","","","","ENTITY","47237"
"hu8654","Handling Unit","","","","","","","ENTITY","47238"
"hu8657","Handling Unit","","","","","","","ENTITY","47239"
"hu8656","Handling Unit","","","","","","","ENTITY","47240"
"hu8658","Handling Unit","","","","","","","ENTITY","47241"
"hu8653","Handling Unit","","","","","","","ENTITY","47242"
"hu8655","Handling Unit","","","","","","","ENTITY","47243"
"hu8660","Handling Unit","","","","","","","ENTITY","47244"
"hu8659","Handling Unit","","","","","","","ENTITY","47245"
"hu8663","Handling Unit","","","","","","","ENTITY","47246"
"hu8664","Handling Unit","","","","","","","ENTITY","47247"
"hu8661","Handling Unit","","","","","","","ENTITY","47248"
"hu8662","Handling Unit","","","","","","","ENTITY","47249"
"hu8666","Handling Unit","","","","","","","ENTITY","47250"
"hu8667","Handling Unit","","","","","","","ENTITY","47251"
"hu8668","Handling Unit","","","","","","","ENTITY","47252"
"hu8665","Handling Unit","","","","","","","ENTITY","47253"
"hu8669","Handling Unit","","","","","","","ENTITY","47254"
"hu8670","Handling Unit","","","","","","","ENTITY","47255"
"hu8671","Handling Unit","","","","","","","ENTITY","47256"
"hu8673","Handling Unit","","","","","","","ENTITY","47257"
"hu8676","Handling Unit","","","","","","","ENTITY","47258"
"hu8672","Handling Unit","","","","","","","ENTITY","47259"
"hu8674","Handling Unit","","","","","","","ENTITY","47260"
"hu8675","Handling Unit","","","","","","","ENTITY","47261"
"hu8678","Handling Unit","","","","","","","ENTITY","47262"
"hu8684","Handling Unit","","","","","","","ENTITY","47263"
"hu8679","Handling Unit","","","","","","","ENTITY","47264"
"hu8680","Handling Unit","","","","","","","ENTITY","47265"
"hu8693","Handling Unit","","","","","","","ENTITY","47266"
"hu8683","Handling Unit","","","","","","","ENTITY","47267"
"hu8692","Handling Unit","","","","","","","ENTITY","47268"
"hu8689","Handling Unit","","","","","","","ENTITY","47269"
"hu8691","Handling Unit","","","","","","","ENTITY","47270"
"hu8695","Handling Unit","","","","","","","ENTITY","47271"
"hu8694","Handling Unit","","","","","","","ENTITY","47272"
"hu8696","Handling Unit","","","","","","","ENTITY","47273"
"hu8687","Handling Unit","","","","","","","ENTITY","47274"
"hu8690","Handling Unit","","","","","","","ENTITY","47275"
"hu8685","Handling Unit","","","","","","","ENTITY","47276"
"hu8682","Handling Unit","","","","","","","ENTITY","47277"
"hu8688","Handling Unit","","","","","","","ENTITY","47278"
"hu8681","Handling Unit","","","","","","","ENTITY","47279"
"hu8697","Handling Unit","","","","","","","ENTITY","47280"
"hu8686","Handling Unit","","","","","","","ENTITY","47281"
"hu8677","Handling Unit","","","","","","","ENTITY","47282"
"hu8698","Handling Unit","","","","","","","ENTITY","47283"
"hu8703","Handling Unit","","","","","","","ENTITY","47284"
"hu8713","Handling Unit","","","","","","","ENTITY","47285"
"hu8699","Handling Unit","","","","","","","ENTITY","47286"
"hu8714","Handling Unit","","","","","","","ENTITY","47287"
"hu8702","Handling Unit","","","","","","","ENTITY","47288"
"hu8701","Handling Unit","","","","","","","ENTITY","47289"
"hu8704","Handling Unit","","","","","","","ENTITY","47290"
"hu8721","Handling Unit","","","","","","","ENTITY","47291"
"hu8709","Handling Unit","","","","","","","ENTITY","47292"
"hu8715","Handling Unit","","","","","","","ENTITY","47293"
"hu8711","Handling Unit","","","","","","","ENTITY","47294"
"hu8716","Handling Unit","","","","","","","ENTITY","47295"
"hu8720","Handling Unit","","","","","","","ENTITY","47296"
"hu8717","Handling Unit","","","","","","","ENTITY","47297"
"hu8710","Handling Unit","","","","","","","ENTITY","47298"
"hu8700","Handling Unit","","","","","","","ENTITY","47299"
"hu8719","Handling Unit","","","","","","","ENTITY","47300"
"hu8705","Handling Unit","","","","","","","ENTITY","47301"
"hu8712","Handling Unit","","","","","","","ENTITY","47302"
"hu8722","Handling Unit","","","","","","","ENTITY","47303"
"hu8718","Handling Unit","","","","","","","ENTITY","47304"
"hu8706","Handling Unit","","","","","","","ENTITY","47305"
"hu8707","Handling Unit","","","","","","","ENTITY","47306"
"hu8708","Handling Unit","","","","","","","ENTITY","47307"
"hu8724","Handling Unit","","","","","","","ENTITY","47308"
"hu8723","Handling Unit","","","","","","","ENTITY","47309"
"hu8726","Handling Unit","","","","","","","ENTITY","47310"
"hu8727","Handling Unit","","","","","","","ENTITY","47311"
"hu8728","Handling Unit","","","","","","","ENTITY","47312"
"hu8725","Handling Unit","","","","","","","ENTITY","47313"
"hu8729","Handling Unit","","","","","","","ENTITY","47314"
"hu8732","Handling Unit","","","","","","","ENTITY","47315"
"hu8733","Handling Unit","","","","","","","ENTITY","47316"
"hu8734","Handling Unit","","","","","","","ENTITY","47317"
"hu8730","Handling Unit","","","","","","","ENTITY","47318"
"hu8731","Handling Unit","","","","","","","ENTITY","47319"
"hu8739","Handling Unit","","","","","","","ENTITY","47320"
"hu8740","Handling Unit","","","","","","","ENTITY","47321"
"hu8738","Handling Unit","","","","","","","ENTITY","47322"
"hu8736","Handling Unit","","","","","","","ENTITY","47323"
"hu8737","Handling Unit","","","","","","","ENTITY","47324"
"hu8735","Handling Unit","","","","","","","ENTITY","47325"
"hu8744","Handling Unit","","","","","","","ENTITY","47326"
"hu8746","Handling Unit","","","","","","","ENTITY","47327"
"hu8745","Handling Unit","","","","","","","ENTITY","47328"
"hu8741","Handling Unit","","","","","","","ENTITY","47329"
"hu8743","Handling Unit","","","","","","","ENTITY","47330"
"hu8742","Handling Unit","","","","","","","ENTITY","47331"
"hu8747","Handling Unit","","","","","","","ENTITY","47332"
"hu8748","Handling Unit","","","","","","","ENTITY","47333"
"hu8749","Handling Unit","","","","","","","ENTITY","47334"
"hu8755","Handling Unit","","","","","","","ENTITY","47335"
"hu8753","Handling Unit","","","","","","","ENTITY","47336"
"hu8761","Handling Unit","","","","","","","ENTITY","47337"
"hu8760","Handling Unit","","","","","","","ENTITY","47338"
"hu8756","Handling Unit","","","","","","","ENTITY","47339"
"hu8754","Handling Unit","","","","","","","ENTITY","47340"
"hu8759","Handling Unit","","","","","","","ENTITY","47341"
"hu8750","Handling Unit","","","","","","","ENTITY","47342"
"hu8757","Handling Unit","","","","","","","ENTITY","47343"
"hu8758","Handling Unit","","","","","","","ENTITY","47344"
"hu8752","Handling Unit","","","","","","","ENTITY","47345"
"hu8751","Handling Unit","","","","","","","ENTITY","47346"
"hu8763","Handling Unit","","","","","","","ENTITY","47347"
"hu8764","Handling Unit","","","","","","","ENTITY","47348"
"hu8769","Handling Unit","","","","","","","ENTITY","47349"
"hu8771","Handling Unit","","","","","","","ENTITY","47350"
"hu8767","Handling Unit","","","","","","","ENTITY","47351"
"hu8775","Handling Unit","","","","","","","ENTITY","47352"
"hu8783","Handling Unit","","","","","","","ENTITY","47353"
"hu8770","Handling Unit","","","","","","","ENTITY","47354"
"hu8780","Handling Unit","","","","","","","ENTITY","47355"
"hu8778","Handling Unit","","","","","","","ENTITY","47356"
"hu8768","Handling Unit","","","","","","","ENTITY","47357"
"hu8782","Handling Unit","","","","","","","ENTITY","47358"
"hu8766","Handling Unit","","","","","","","ENTITY","47359"
"hu8777","Handling Unit","","","","","","","ENTITY","47360"
"hu8774","Handling Unit","","","","","","","ENTITY","47361"
"hu8776","Handling Unit","","","","","","","ENTITY","47362"
"hu8773","Handling Unit","","","","","","","ENTITY","47363"
"hu8772","Handling Unit","","","","","","","ENTITY","47364"
"hu8786","Handling Unit","","","","","","","ENTITY","47365"
"hu8785","Handling Unit","","","","","","","ENTITY","47366"
"hu8788","Handling Unit","","","","","","","ENTITY","47367"
"hu8784","Handling Unit","","","","","","","ENTITY","47368"
"hu8787","Handling Unit","","","","","","","ENTITY","47369"
"hu8762","Handling Unit","","","","","","","ENTITY","47370"
"hu8765","Handling Unit","","","","","","","ENTITY","47371"
"hu8789","Handling Unit","","","","","","","ENTITY","47372"
"hu8779","Handling Unit","","","","","","","ENTITY","47373"
"hu8781","Handling Unit","","","","","","","ENTITY","47374"
"hu8794","Handling Unit","","","","","","","ENTITY","47375"
"hu8792","Handling Unit","","","","","","","ENTITY","47376"
"hu8795","Handling Unit","","","","","","","ENTITY","47377"
"hu8793","Handling Unit","","","","","","","ENTITY","47378"
"hu8791","Handling Unit","","","","","","","ENTITY","47379"
"hu8790","Handling Unit","","","","","","","ENTITY","47380"
"hu8800","Handling Unit","","","","","","","ENTITY","47381"
"hu8796","Handling Unit","","","","","","","ENTITY","47382"
"hu8803","Handling Unit","","","","","","","ENTITY","47383"
"hu8801","Handling Unit","","","","","","","ENTITY","47384"
"hu8797","Handling Unit","","","","","","","ENTITY","47385"
"hu8804","Handling Unit","","","","","","","ENTITY","47386"
"hu8798","Handling Unit","","","","","","","ENTITY","47387"
"hu8805","Handling Unit","","","","","","","ENTITY","47388"
"hu8813","Handling Unit","","","","","","","ENTITY","47389"
"hu8807","Handling Unit","","","","","","","ENTITY","47390"
"hu8812","Handling Unit","","","","","","","ENTITY","47391"
"hu8799","Handling Unit","","","","","","","ENTITY","47392"
"hu8811","Handling Unit","","","","","","","ENTITY","47393"
"hu8802","Handling Unit","","","","","","","ENTITY","47394"
"hu8806","Handling Unit","","","","","","","ENTITY","47395"
"hu8809","Handling Unit","","","","","","","ENTITY","47396"
"hu8810","Handling Unit","","","","","","","ENTITY","47397"
"hu8808","Handling Unit","","","","","","","ENTITY","47398"
"hu8817","Handling Unit","","","","","","","ENTITY","47399"
"hu8815","Handling Unit","","","","","","","ENTITY","47400"
"hu8838","Handling Unit","","","","","","","ENTITY","47401"
"hu8825","Handling Unit","","","","","","","ENTITY","47402"
"hu8830","Handling Unit","","","","","","","ENTITY","47403"
"hu8827","Handling Unit","","","","","","","ENTITY","47404"
"hu8844","Handling Unit","","","","","","","ENTITY","47405"
"hu8828","Handling Unit","","","","","","","ENTITY","47406"
"hu8843","Handling Unit","","","","","","","ENTITY","47407"
"hu8821","Handling Unit","","","","","","","ENTITY","47408"
"hu8816","Handling Unit","","","","","","","ENTITY","47409"
"hu8822","Handling Unit","","","","","","","ENTITY","47410"
"hu8819","Handling Unit","","","","","","","ENTITY","47411"
"hu8823","Handling Unit","","","","","","","ENTITY","47412"
"hu8833","Handling Unit","","","","","","","ENTITY","47413"
"hu8840","Handling Unit","","","","","","","ENTITY","47414"
"hu8831","Handling Unit","","","","","","","ENTITY","47415"
"hu8826","Handling Unit","","","","","","","ENTITY","47416"
"hu8832","Handling Unit","","","","","","","ENTITY","47417"
"hu8835","Handling Unit","","","","","","","ENTITY","47418"
"hu8834","Handling Unit","","","","","","","ENTITY","47419"
"hu8839","Handling Unit","","","","","","","ENTITY","47420"
"hu8837","Handling Unit","","","","","","","ENTITY","47421"
"hu8820","Handling Unit","","","","","","","ENTITY","47422"
"hu8847","Handling Unit","","","","","","","ENTITY","47423"
"hu8829","Handling Unit","","","","","","","ENTITY","47424"
"hu8842","Handling Unit","","","","","","","ENTITY","47425"
"hu8836","Handling Unit","","","","","","","ENTITY","47426"
"hu8846","Handling Unit","","","","","","","ENTITY","47427"
"hu8845","Handling Unit","","","","","","","ENTITY","47428"
"hu8818","Handling Unit","","","","","","","ENTITY","47429"
"hu8841","Handling Unit","","","","","","","ENTITY","47430"
"hu8848","Handling Unit","","","","","","","ENTITY","47431"
"hu8824","Handling Unit","","","","","","","ENTITY","47432"
"hu8814","Handling Unit","","","","","","","ENTITY","47433"
"hu8852","Handling Unit","","","","","","","ENTITY","47434"
"hu8850","Handling Unit","","","","","","","ENTITY","47435"
"hu8872","Handling Unit","","","","","","","ENTITY","47436"
"hu8861","Handling Unit","","","","","","","ENTITY","47437"
"hu8851","Handling Unit","","","","","","","ENTITY","47438"
"hu8856","Handling Unit","","","","","","","ENTITY","47439"
"hu8870","Handling Unit","","","","","","","ENTITY","47440"
"hu8867","Handling Unit","","","","","","","ENTITY","47441"
"hu8866","Handling Unit","","","","","","","ENTITY","47442"
"hu8853","Handling Unit","","","","","","","ENTITY","47443"
"hu8874","Handling Unit","","","","","","","ENTITY","47444"
"hu8864","Handling Unit","","","","","","","ENTITY","47445"
"hu8865","Handling Unit","","","","","","","ENTITY","47446"
"hu8863","Handling Unit","","","","","","","ENTITY","47447"
"hu8860","Handling Unit","","","","","","","ENTITY","47448"
"hu8862","Handling Unit","","","","","","","ENTITY","47449"
"hu8879","Handling Unit","","","","","","","ENTITY","47450"
"hu8871","Handling Unit","","","","","","","ENTITY","47451"
"hu8880","Handling Unit","","","","","","","ENTITY","47452"
"hu8875","Handling Unit","","","","","","","ENTITY","47453"
"hu8858","Handling Unit","","","","","","","ENTITY","47454"
"hu8869","Handling Unit","","","","","","","ENTITY","47455"
"hu8868","Handling Unit","","","","","","","ENTITY","47456"
"hu8859","Handling Unit","","","","","","","ENTITY","47457"
"hu8876","Handling Unit","","","","","","","ENTITY","47458"
"hu8873","Handling Unit","","","","","","","ENTITY","47459"
"hu8878","Handling Unit","","","","","","","ENTITY","47460"
"hu8854","Handling Unit","","","","","","","ENTITY","47461"
"hu8849","Handling Unit","","","","","","","ENTITY","47462"
"hu8857","Handling Unit","","","","","","","ENTITY","47463"
"hu8877","Handling Unit","","","","","","","ENTITY","47464"
"hu8855","Handling Unit","","","","","","","ENTITY","47465"
"hu8881","Handling Unit","","","","","","","ENTITY","47466"
"hu8882","Handling Unit","","","","","","","ENTITY","47467"
"hu8886","Handling Unit","","","","","","","ENTITY","47468"
"hu8890","Handling Unit","","","","","","","ENTITY","47469"
"hu8892","Handling Unit","","","","","","","ENTITY","47470"
"hu8889","Handling Unit","","","","","","","ENTITY","47471"
"hu8888","Handling Unit","","","","","","","ENTITY","47472"
"hu8883","Handling Unit","","","","","","","ENTITY","47473"
"hu8887","Handling Unit","","","","","","","ENTITY","47474"
"hu8893","Handling Unit","","","","","","","ENTITY","47475"
"hu8897","Handling Unit","","","","","","","ENTITY","47476"
"hu8884","Handling Unit","","","","","","","ENTITY","47477"
"hu8895","Handling Unit","","","","","","","ENTITY","47478"
"hu8902","Handling Unit","","","","","","","ENTITY","47479"
"hu8898","Handling Unit","","","","","","","ENTITY","47480"
"hu8894","Handling Unit","","","","","","","ENTITY","47481"
"hu8899","Handling Unit","","","","","","","ENTITY","47482"
"hu8903","Handling Unit","","","","","","","ENTITY","47483"
"hu8896","Handling Unit","","","","","","","ENTITY","47484"
"hu8901","Handling Unit","","","","","","","ENTITY","47485"
"hu8885","Handling Unit","","","","","","","ENTITY","47486"
"hu8891","Handling Unit","","","","","","","ENTITY","47487"
"hu8900","Handling Unit","","","","","","","ENTITY","47488"
"hu8904","Handling Unit","","","","","","","ENTITY","47489"
"hu8910","Handling Unit","","","","","","","ENTITY","47490"
"hu8908","Handling Unit","","","","","","","ENTITY","47491"
"hu8918","Handling Unit","","","","","","","ENTITY","47492"
"hu8906","Handling Unit","","","","","","","ENTITY","47493"
"hu8928","Handling Unit","","","","","","","ENTITY","47494"
"hu8938","Handling Unit","","","","","","","ENTITY","47495"
"hu8931","Handling Unit","","","","","","","ENTITY","47496"
"hu8912","Handling Unit","","","","","","","ENTITY","47497"
"hu8909","Handling Unit","","","","","","","ENTITY","47498"
"hu8919","Handling Unit","","","","","","","ENTITY","47499"
"hu8937","Handling Unit","","","","","","","ENTITY","47500"
"hu8907","Handling Unit","","","","","","","ENTITY","47501"
"hu8936","Handling Unit","","","","","","","ENTITY","47502"
"hu8926","Handling Unit","","","","","","","ENTITY","47503"
"hu8927","Handling Unit","","","","","","","ENTITY","47504"
"hu8914","Handling Unit","","","","","","","ENTITY","47505"
"hu8940","Handling Unit","","","","","","","ENTITY","47506"
"hu8925","Handling Unit","","","","","","","ENTITY","47507"
"hu8929","Handling Unit","","","","","","","ENTITY","47508"
"hu8935","Handling Unit","","","","","","","ENTITY","47509"
"hu8930","Handling Unit","","","","","","","ENTITY","47510"
"hu8924","Handling Unit","","","","","","","ENTITY","47511"
"hu8934","Handling Unit","","","","","","","ENTITY","47512"
"hu8923","Handling Unit","","","","","","","ENTITY","47513"
"hu8915","Handling Unit","","","","","","","ENTITY","47514"
"hu8916","Handling Unit","","","","","","","ENTITY","47515"
"hu8911","Handling Unit","","","","","","","ENTITY","47516"
"hu8932","Handling Unit","","","","","","","ENTITY","47517"
"hu8913","Handling Unit","","","","","","","ENTITY","47518"
"hu8920","Handling Unit","","","","","","","ENTITY","47519"
"hu8921","Handling Unit","","","","","","","ENTITY","47520"
"hu8905","Handling Unit","","","","","","","ENTITY","47521"
"hu8922","Handling Unit","","","","","","","ENTITY","47522"
"hu8939","Handling Unit","","","","","","","ENTITY","47523"
"hu8933","Handling Unit","","","","","","","ENTITY","47524"
"hu8917","Handling Unit","","","","","","","ENTITY","47525"
"hu8944","Handling Unit","","","","","","","ENTITY","47526"
"hu8941","Handling Unit","","","","","","","ENTITY","47527"
"hu8945","Handling Unit","","","","","","","ENTITY","47528"
"hu8942","Handling Unit","","","","","","","ENTITY","47529"
"hu8943","Handling Unit","","","","","","","ENTITY","47530"
"hu8948","Handling Unit","","","","","","","ENTITY","47531"
"hu8950","Handling Unit","","","","","","","ENTITY","47532"
"hu8957","Handling Unit","","","","","","","ENTITY","47533"
"hu8946","Handling Unit","","","","","","","ENTITY","47534"
"hu8947","Handling Unit","","","","","","","ENTITY","47535"
"hu8955","Handling Unit","","","","","","","ENTITY","47536"
"hu8951","Handling Unit","","","","","","","ENTITY","47537"
"hu8954","Handling Unit","","","","","","","ENTITY","47538"
"hu8952","Handling Unit","","","","","","","ENTITY","47539"
"hu8949","Handling Unit","","","","","","","ENTITY","47540"
"hu8953","Handling Unit","","","","","","","ENTITY","47541"
"hu8956","Handling Unit","","","","","","","ENTITY","47542"
"hu8963","Handling Unit","","","","","","","ENTITY","47543"
"hu8959","Handling Unit","","","","","","","ENTITY","47544"
"hu8960","Handling Unit","","","","","","","ENTITY","47545"
"hu8958","Handling Unit","","","","","","","ENTITY","47546"
"hu8962","Handling Unit","","","","","","","ENTITY","47547"
"hu8961","Handling Unit","","","","","","","ENTITY","47548"
"hu8968","Handling Unit","","","","","","","ENTITY","47549"
"hu8980","Handling Unit","","","","","","","ENTITY","47550"
"hu8966","Handling Unit","","","","","","","ENTITY","47551"
"hu8971","Handling Unit","","","","","","","ENTITY","47552"
"hu8978","Handling Unit","","","","","","","ENTITY","47553"
"hu8972","Handling Unit","","","","","","","ENTITY","47554"
"hu8973","Handling Unit","","","","","","","ENTITY","47555"
"hu8982","Handling Unit","","","","","","","ENTITY","47556"
"hu8976","Handling Unit","","","","","","","ENTITY","47557"
"hu8979","Handling Unit","","","","","","","ENTITY","47558"
"hu8969","Handling Unit","","","","","","","ENTITY","47559"
"hu8975","Handling Unit","","","","","","","ENTITY","47560"
"hu8970","Handling Unit","","","","","","","ENTITY","47561"
"hu8967","Handling Unit","","","","","","","ENTITY","47562"
"hu8981","Handling Unit","","","","","","","ENTITY","47563"
"hu8977","Handling Unit","","","","","","","ENTITY","47564"
"hu8965","Handling Unit","","","","","","","ENTITY","47565"
"hu8964","Handling Unit","","","","","","","ENTITY","47566"
"hu8974","Handling Unit","","","","","","","ENTITY","47567"
"hu8986","Handling Unit","","","","","","","ENTITY","47568"
"hu8985","Handling Unit","","","","","","","ENTITY","47569"
"hu8983","Handling Unit","","","","","","","ENTITY","47570"
"hu8984","Handling Unit","","","","","","","ENTITY","47571"
"hu8988","Handling Unit","","","","","","","ENTITY","47572"
"hu8987","Handling Unit","","","","","","","ENTITY","47573"
"hu8993","Handling Unit","","","","","","","ENTITY","47574"
"hu8992","Handling Unit","","","","","","","ENTITY","47575"
"hu8991","Handling Unit","","","","","","","ENTITY","47576"
"hu8989","Handling Unit","","","","","","","ENTITY","47577"
"hu8990","Handling Unit","","","","","","","ENTITY","47578"
"hu8994","Handling Unit","","","","","","","ENTITY","47579"
"hu9000","Handling Unit","","","","","","","ENTITY","47580"
"hu9007","Handling Unit","","","","","","","ENTITY","47581"
"hu9005","Handling Unit","","","","","","","ENTITY","47582"
"hu8995","Handling Unit","","","","","","","ENTITY","47583"
"hu9004","Handling Unit","","","","","","","ENTITY","47584"
"hu9006","Handling Unit","","","","","","","ENTITY","47585"
"hu9023","Handling Unit","","","","","","","ENTITY","47586"
"hu8997","Handling Unit","","","","","","","ENTITY","47587"
"hu9021","Handling Unit","","","","","","","ENTITY","47588"
"hu9015","Handling Unit","","","","","","","ENTITY","47589"
"hu9020","Handling Unit","","","","","","","ENTITY","47590"
"hu9001","Handling Unit","","","","","","","ENTITY","47591"
"hu8999","Handling Unit","","","","","","","ENTITY","47592"
"hu9003","Handling Unit","","","","","","","ENTITY","47593"
"hu9010","Handling Unit","","","","","","","ENTITY","47594"
"hu9029","Handling Unit","","","","","","","ENTITY","47595"
"hu9024","Handling Unit","","","","","","","ENTITY","47596"
"hu8998","Handling Unit","","","","","","","ENTITY","47597"
"hu8996","Handling Unit","","","","","","","ENTITY","47598"
"hu9019","Handling Unit","","","","","","","ENTITY","47599"
"hu9017","Handling Unit","","","","","","","ENTITY","47600"
"hu9008","Handling Unit","","","","","","","ENTITY","47601"
"hu9025","Handling Unit","","","","","","","ENTITY","47602"
"hu9027","Handling Unit","","","","","","","ENTITY","47603"
"hu9026","Handling Unit","","","","","","","ENTITY","47604"
"hu9016","Handling Unit","","","","","","","ENTITY","47605"
"hu9022","Handling Unit","","","","","","","ENTITY","47606"
"hu9014","Handling Unit","","","","","","","ENTITY","47607"
"hu9031","Handling Unit","","","","","","","ENTITY","47608"
"hu9030","Handling Unit","","","","","","","ENTITY","47609"
"hu9009","Handling Unit","","","","","","","ENTITY","47610"
"hu9013","Handling Unit","","","","","","","ENTITY","47611"
"hu9002","Handling Unit","","","","","","","ENTITY","47612"
"hu9018","Handling Unit","","","","","","","ENTITY","47613"
"hu9028","Handling Unit","","","","","","","ENTITY","47614"
"hu9011","Handling Unit","","","","","","","ENTITY","47615"
"hu9012","Handling Unit","","","","","","","ENTITY","47616"
"hu9032","Handling Unit","","","","","","","ENTITY","47617"
"hu9035","Handling Unit","","","","","","","ENTITY","47618"
"hu9036","Handling Unit","","","","","","","ENTITY","47619"
"hu9034","Handling Unit","","","","","","","ENTITY","47620"
"hu9038","Handling Unit","","","","","","","ENTITY","47621"
"hu9037","Handling Unit","","","","","","","ENTITY","47622"
"hu9041","Handling Unit","","","","","","","ENTITY","47623"
"hu9042","Handling Unit","","","","","","","ENTITY","47624"
"hu9055","Handling Unit","","","","","","","ENTITY","47625"
"hu9068","Handling Unit","","","","","","","ENTITY","47626"
"hu9048","Handling Unit","","","","","","","ENTITY","47627"
"hu9047","Handling Unit","","","","","","","ENTITY","47628"
"hu9039","Handling Unit","","","","","","","ENTITY","47629"
"hu9060","Handling Unit","","","","","","","ENTITY","47630"
"hu9052","Handling Unit","","","","","","","ENTITY","47631"
"hu9051","Handling Unit","","","","","","","ENTITY","47632"
"hu9043","Handling Unit","","","","","","","ENTITY","47633"
"hu9056","Handling Unit","","","","","","","ENTITY","47634"
"hu9033","Handling Unit","","","","","","","ENTITY","47635"
"hu9054","Handling Unit","","","","","","","ENTITY","47636"
"hu9044","Handling Unit","","","","","","","ENTITY","47637"
"hu9057","Handling Unit","","","","","","","ENTITY","47638"
"hu9065","Handling Unit","","","","","","","ENTITY","47639"
"hu9061","Handling Unit","","","","","","","ENTITY","47640"
"hu9058","Handling Unit","","","","","","","ENTITY","47641"
"hu9070","Handling Unit","","","","","","","ENTITY","47642"
"hu9059","Handling Unit","","","","","","","ENTITY","47643"
"hu9050","Handling Unit","","","","","","","ENTITY","47644"
"hu9049","Handling Unit","","","","","","","ENTITY","47645"
"hu9064","Handling Unit","","","","","","","ENTITY","47646"
"hu9071","Handling Unit","","","","","","","ENTITY","47647"
"hu9067","Handling Unit","","","","","","","ENTITY","47648"
"hu9069","Handling Unit","","","","","","","ENTITY","47649"
"hu9046","Handling Unit","","","","","","","ENTITY","47650"
"hu9040","Handling Unit","","","","","","","ENTITY","47651"
"hu9045","Handling Unit","","","","","","","ENTITY","47652"
"hu9066","Handling Unit","","","","","","","ENTITY","47653"
"hu9053","Handling Unit","","","","","","","ENTITY","47654"
"hu9062","Handling Unit","","","","","","","ENTITY","47655"
"hu9063","Handling Unit","","","","","","","ENTITY","47656"
"hu9076","Handling Unit","","","","","","","ENTITY","47657"
"hu9075","Handling Unit","","","","","","","ENTITY","47658"
"hu9077","Handling Unit","","","","","","","ENTITY","47659"
"hu9072","Handling Unit","","","","","","","ENTITY","47660"
"hu9073","Handling Unit","","","","","","","ENTITY","47661"
"hu9074","Handling Unit","","","","","","","ENTITY","47662"
"hu9078","Handling Unit","","","","","","","ENTITY","47663"
"hu9079","Handling Unit","","","","","","","ENTITY","47664"
"hu9080","Handling Unit","","","","","","","ENTITY","47665"
"hu9083","Handling Unit","","","","","","","ENTITY","47666"
"hu9081","Handling Unit","","","","","","","ENTITY","47667"
"hu9097","Handling Unit","","","","","","","ENTITY","47668"
"hu9094","Handling Unit","","","","","","","ENTITY","47669"
"hu9087","Handling Unit","","","","","","","ENTITY","47670"
"hu9086","Handling Unit","","","","","","","ENTITY","47671"
"hu9088","Handling Unit","","","","","","","ENTITY","47672"
"hu9096","Handling Unit","","","","","","","ENTITY","47673"
"hu9105","Handling Unit","","","","","","","ENTITY","47674"
"hu9100","Handling Unit","","","","","","","ENTITY","47675"
"hu9095","Handling Unit","","","","","","","ENTITY","47676"
"hu9108","Handling Unit","","","","","","","ENTITY","47677"
"hu9104","Handling Unit","","","","","","","ENTITY","47678"
"hu9110","Handling Unit","","","","","","","ENTITY","47679"
"hu9109","Handling Unit","","","","","","","ENTITY","47680"
"hu9099","Handling Unit","","","","","","","ENTITY","47681"
"hu9085","Handling Unit","","","","","","","ENTITY","47682"
"hu9084","Handling Unit","","","","","","","ENTITY","47683"
"hu9089","Handling Unit","","","","","","","ENTITY","47684"
"hu9091","Handling Unit","","","","","","","ENTITY","47685"
"hu9103","Handling Unit","","","","","","","ENTITY","47686"
"hu9107","Handling Unit","","","","","","","ENTITY","47687"
"hu9092","Handling Unit","","","","","","","ENTITY","47688"
"hu9106","Handling Unit","","","","","","","ENTITY","47689"
"hu9090","Handling Unit","","","","","","","ENTITY","47690"
"hu9093","Handling Unit","","","","","","","ENTITY","47691"
"hu9101","Handling Unit","","","","","","","ENTITY","47692"
"hu9082","Handling Unit","","","","","","","ENTITY","47693"
"hu9116","Handling Unit","","","","","","","ENTITY","47694"
"hu9098","Handling Unit","","","","","","","ENTITY","47695"
"hu9115","Handling Unit","","","","","","","ENTITY","47696"
"hu9112","Handling Unit","","","","","","","ENTITY","47697"
"hu9111","Handling Unit","","","","","","","ENTITY","47698"
"hu9114","Handling Unit","","","","","","","ENTITY","47699"
"hu9113","Handling Unit","","","","","","","ENTITY","47700"
"hu9102","Handling Unit","","","","","","","ENTITY","47701"
"hu9121","Handling Unit","","","","","","","ENTITY","47702"
"hu9123","Handling Unit","","","","","","","ENTITY","47703"
"hu9119","Handling Unit","","","","","","","ENTITY","47704"
"hu9126","Handling Unit","","","","","","","ENTITY","47705"
"hu9137","Handling Unit","","","","","","","ENTITY","47706"
"hu9133","Handling Unit","","","","","","","ENTITY","47707"
"hu9122","Handling Unit","","","","","","","ENTITY","47708"
"hu9134","Handling Unit","","","","","","","ENTITY","47709"
"hu9136","Handling Unit","","","","","","","ENTITY","47710"
"hu9117","Handling Unit","","","","","","","ENTITY","47711"
"hu9124","Handling Unit","","","","","","","ENTITY","47712"
"hu9132","Handling Unit","","","","","","","ENTITY","47713"
"hu9130","Handling Unit","","","","","","","ENTITY","47714"
"hu9120","Handling Unit","","","","","","","ENTITY","47715"
"hu9125","Handling Unit","","","","","","","ENTITY","47716"
"hu9128","Handling Unit","","","","","","","ENTITY","47717"
"hu9127","Handling Unit","","","","","","","ENTITY","47718"
"hu9131","Handling Unit","","","","","","","ENTITY","47719"
"hu9129","Handling Unit","","","","","","","ENTITY","47720"
"hu9118","Handling Unit","","","","","","","ENTITY","47721"
"hu9135","Handling Unit","","","","","","","ENTITY","47722"
"hu9141","Handling Unit","","","","","","","ENTITY","47723"
"hu9140","Handling Unit","","","","","","","ENTITY","47724"
"hu9142","Handling Unit","","","","","","","ENTITY","47725"
"hu9138","Handling Unit","","","","","","","ENTITY","47726"
"hu9139","Handling Unit","","","","","","","ENTITY","47727"
"hu9149","Handling Unit","","","","","","","ENTITY","47728"
"hu9148","Handling Unit","","","","","","","ENTITY","47729"
"hu9147","Handling Unit","","","","","","","ENTITY","47730"
"hu9146","Handling Unit","","","","","","","ENTITY","47731"
"hu9145","Handling Unit","","","","","","","ENTITY","47732"
"hu9144","Handling Unit","","","","","","","ENTITY","47733"
"hu9143","Handling Unit","","","","","","","ENTITY","47734"
"hu9155","Handling Unit","","","","","","","ENTITY","47735"
"hu9153","Handling Unit","","","","","","","ENTITY","47736"
"hu9150","Handling Unit","","","","","","","ENTITY","47737"
"hu9154","Handling Unit","","","","","","","ENTITY","47738"
"hu9152","Handling Unit","","","","","","","ENTITY","47739"
"hu9151","Handling Unit","","","","","","","ENTITY","47740"
"hu9156","Handling Unit","","","","","","","ENTITY","47741"
"hu9157","Handling Unit","","","","","","","ENTITY","47742"
"hu9159","Handling Unit","","","","","","","ENTITY","47743"
"hu9164","Handling Unit","","","","","","","ENTITY","47744"
"hu9163","Handling Unit","","","","","","","ENTITY","47745"
"hu9166","Handling Unit","","","","","","","ENTITY","47746"
"hu9165","Handling Unit","","","","","","","ENTITY","47747"
"hu9160","Handling Unit","","","","","","","ENTITY","47748"
"hu9167","Handling Unit","","","","","","","ENTITY","47749"
"hu9188","Handling Unit","","","","","","","ENTITY","47750"
"hu9177","Handling Unit","","","","","","","ENTITY","47751"
"hu9162","Handling Unit","","","","","","","ENTITY","47752"
"hu9174","Handling Unit","","","","","","","ENTITY","47753"
"hu9186","Handling Unit","","","","","","","ENTITY","47754"
"hu9173","Handling Unit","","","","","","","ENTITY","47755"
"hu9170","Handling Unit","","","","","","","ENTITY","47756"
"hu9158","Handling Unit","","","","","","","ENTITY","47757"
"hu9189","Handling Unit","","","","","","","ENTITY","47758"
"hu9193","Handling Unit","","","","","","","ENTITY","47759"
"hu9161","Handling Unit","","","","","","","ENTITY","47760"
"hu9172","Handling Unit","","","","","","","ENTITY","47761"
"hu9191","Handling Unit","","","","","","","ENTITY","47762"
"hu9178","Handling Unit","","","","","","","ENTITY","47763"
"hu9200","Handling Unit","","","","","","","ENTITY","47764"
"hu9180","Handling Unit","","","","","","","ENTITY","47765"
"hu9168","Handling Unit","","","","","","","ENTITY","47766"
"hu9195","Handling Unit","","","","","","","ENTITY","47767"
"hu9194","Handling Unit","","","","","","","ENTITY","47768"
"hu9179","Handling Unit","","","","","","","ENTITY","47769"
"hu9183","Handling Unit","","","","","","","ENTITY","47770"
"hu9197","Handling Unit","","","","","","","ENTITY","47771"
"hu9190","Handling Unit","","","","","","","ENTITY","47772"
"hu9175","Handling Unit","","","","","","","ENTITY","47773"
"hu9184","Handling Unit","","","","","","","ENTITY","47774"
"hu9176","Handling Unit","","","","","","","ENTITY","47775"
"hu9192","Handling Unit","","","","","","","ENTITY","47776"
"hu9182","Handling Unit","","","","","","","ENTITY","47777"
"hu9201","Handling Unit","","","","","","","ENTITY","47778"
"hu9206","Handling Unit","","","","","","","ENTITY","47779"
"hu9198","Handling Unit","","","","","","","ENTITY","47780"
"hu9207","Handling Unit","","","","","","","ENTITY","47781"
"hu9203","Handling Unit","","","","","","","ENTITY","47782"
"hu9199","Handling Unit","","","","","","","ENTITY","47783"
"hu9187","Handling Unit","","","","","","","ENTITY","47784"
"hu9202","Handling Unit","","","","","","","ENTITY","47785"
"hu9196","Handling Unit","","","","","","","ENTITY","47786"
"hu9185","Handling Unit","","","","","","","ENTITY","47787"
"hu9171","Handling Unit","","","","","","","ENTITY","47788"
"hu9204","Handling Unit","","","","","","","ENTITY","47789"
"hu9209","Handling Unit","","","","","","","ENTITY","47790"
"hu9169","Handling Unit","","","","","","","ENTITY","47791"
"hu9205","Handling Unit","","","","","","","ENTITY","47792"
"hu9181","Handling Unit","","","","","","","ENTITY","47793"
"hu9218","Handling Unit","","","","","","","ENTITY","47794"
"hu9220","Handling Unit","","","","","","","ENTITY","47795"
"hu9210","Handling Unit","","","","","","","ENTITY","47796"
"hu9217","Handling Unit","","","","","","","ENTITY","47797"
"hu9208","Handling Unit","","","","","","","ENTITY","47798"
"hu9216","Handling Unit","","","","","","","ENTITY","47799"
"hu9211","Handling Unit","","","","","","","ENTITY","47800"
"hu9213","Handling Unit","","","","","","","ENTITY","47801"
"hu9214","Handling Unit","","","","","","","ENTITY","47802"
"hu9212","Handling Unit","","","","","","","ENTITY","47803"
"hu9223","Handling Unit","","","","","","","ENTITY","47804"
"hu9237","Handling Unit","","","","","","","ENTITY","47805"
"hu9225","Handling Unit","","","","","","","ENTITY","47806"
"hu9229","Handling Unit","","","","","","","ENTITY","47807"
"hu9238","Handling Unit","","","","","","","ENTITY","47808"
"hu9230","Handling Unit","","","","","","","ENTITY","47809"
"hu9226","Handling Unit","","","","","","","ENTITY","47810"
"hu9244","Handling Unit","","","","","","","ENTITY","47811"
"hu9215","Handling Unit","","","","","","","ENTITY","47812"
"hu9242","Handling Unit","","","","","","","ENTITY","47813"
"hu9240","Handling Unit","","","","","","","ENTITY","47814"
"hu9233","Handling Unit","","","","","","","ENTITY","47815"
"hu9236","Handling Unit","","","","","","","ENTITY","47816"
"hu9219","Handling Unit","","","","","","","ENTITY","47817"
"hu9227","Handling Unit","","","","","","","ENTITY","47818"
"hu9243","Handling Unit","","","","","","","ENTITY","47819"
"hu9245","Handling Unit","","","","","","","ENTITY","47820"
"hu9232","Handling Unit","","","","","","","ENTITY","47821"
"hu9228","Handling Unit","","","","","","","ENTITY","47822"
"hu9248","Handling Unit","","","","","","","ENTITY","47823"
"hu9249","Handling Unit","","","","","","","ENTITY","47824"
"hu9224","Handling Unit","","","","","","","ENTITY","47825"
"hu9241","Handling Unit","","","","","","","ENTITY","47826"
"hu9254","Handling Unit","","","","","","","ENTITY","47827"
"hu9253","Handling Unit","","","","","","","ENTITY","47828"
"hu9252","Handling Unit","","","","","","","ENTITY","47829"
"hu9234","Handling Unit","","","","","","","ENTITY","47830"
"hu9256","Handling Unit","","","","","","","ENTITY","47831"
"hu9231","Handling Unit","","","","","","","ENTITY","47832"
"hu9251","Handling Unit","","","","","","","ENTITY","47833"
"hu9235","Handling Unit","","","","","","","ENTITY","47834"
"hu9221","Handling Unit","","","","","","","ENTITY","47835"
"hu9246","Handling Unit","","","","","","","ENTITY","47836"
"hu9257","Handling Unit","","","","","","","ENTITY","47837"
"hu9247","Handling Unit","","","","","","","ENTITY","47838"
"hu9255","Handling Unit","","","","","","","ENTITY","47839"
"hu9222","Handling Unit","","","","","","","ENTITY","47840"
"hu9250","Handling Unit","","","","","","","ENTITY","47841"
"hu9239","Handling Unit","","","","","","","ENTITY","47842"
"hu9264","Handling Unit","","","","","","","ENTITY","47843"
"hu9262","Handling Unit","","","","","","","ENTITY","47844"
"hu9258","Handling Unit","","","","","","","ENTITY","47845"
"hu9267","Handling Unit","","","","","","","ENTITY","47846"
"hu9259","Handling Unit","","","","","","","ENTITY","47847"
"hu9263","Handling Unit","","","","","","","ENTITY","47848"
"hu9260","Handling Unit","","","","","","","ENTITY","47849"
"hu9261","Handling Unit","","","","","","","ENTITY","47850"
"hu9265","Handling Unit","","","","","","","ENTITY","47851"
"hu9266","Handling Unit","","","","","","","ENTITY","47852"
"hu9271","Handling Unit","","","","","","","ENTITY","47853"
"hu9269","Handling Unit","","","","","","","ENTITY","47854"
"hu9268","Handling Unit","","","","","","","ENTITY","47855"
"hu9270","Handling Unit","","","","","","","ENTITY","47856"
"hu9272","Handling Unit","","","","","","","ENTITY","47857"
"hu9276","Handling Unit","","","","","","","ENTITY","47858"
"hu9273","Handling Unit","","","","","","","ENTITY","47859"
"hu9278","Handling Unit","","","","","","","ENTITY","47860"
"hu9275","Handling Unit","","","","","","","ENTITY","47861"
"hu9277","Handling Unit","","","","","","","ENTITY","47862"
"hu9274","Handling Unit","","","","","","","ENTITY","47863"
"hu9281","Handling Unit","","","","","","","ENTITY","47864"
"hu9286","Handling Unit","","","","","","","ENTITY","47865"
"hu9283","Handling Unit","","","","","","","ENTITY","47866"
"hu9289","Handling Unit","","","","","","","ENTITY","47867"
"hu9290","Handling Unit","","","","","","","ENTITY","47868"
"hu9284","Handling Unit","","","","","","","ENTITY","47869"
"hu9300","Handling Unit","","","","","","","ENTITY","47870"
"hu9282","Handling Unit","","","","","","","ENTITY","47871"
"hu9279","Handling Unit","","","","","","","ENTITY","47872"
"hu9287","Handling Unit","","","","","","","ENTITY","47873"
"hu9285","Handling Unit","","","","","","","ENTITY","47874"
"hu9280","Handling Unit","","","","","","","ENTITY","47875"
"hu9292","Handling Unit","","","","","","","ENTITY","47876"
"hu9288","Handling Unit","","","","","","","ENTITY","47877"
"hu9295","Handling Unit","","","","","","","ENTITY","47878"
"hu9299","Handling Unit","","","","","","","ENTITY","47879"
"hu9293","Handling Unit","","","","","","","ENTITY","47880"
"hu9296","Handling Unit","","","","","","","ENTITY","47881"
"hu9294","Handling Unit","","","","","","","ENTITY","47882"
"hu9298","Handling Unit","","","","","","","ENTITY","47883"
"hu9297","Handling Unit","","","","","","","ENTITY","47884"
"hu9291","Handling Unit","","","","","","","ENTITY","47885"
"hu9303","Handling Unit","","","","","","","ENTITY","47886"
"hu9308","Handling Unit","","","","","","","ENTITY","47887"
"hu9305","Handling Unit","","","","","","","ENTITY","47888"
"hu9301","Handling Unit","","","","","","","ENTITY","47889"
"hu9309","Handling Unit","","","","","","","ENTITY","47890"
"hu9307","Handling Unit","","","","","","","ENTITY","47891"
"hu9311","Handling Unit","","","","","","","ENTITY","47892"
"hu9304","Handling Unit","","","","","","","ENTITY","47893"
"hu9306","Handling Unit","","","","","","","ENTITY","47894"
"hu9310","Handling Unit","","","","","","","ENTITY","47895"
"hu9312","Handling Unit","","","","","","","ENTITY","47896"
"hu9302","Handling Unit","","","","","","","ENTITY","47897"
"hu9313","Handling Unit","","","","","","","ENTITY","47898"
"hu9316","Handling Unit","","","","","","","ENTITY","47899"
"hu9333","Handling Unit","","","","","","","ENTITY","47900"
"hu9336","Handling Unit","","","","","","","ENTITY","47901"
"hu9322","Handling Unit","","","","","","","ENTITY","47902"
"hu9321","Handling Unit","","","","","","","ENTITY","47903"
"hu9331","Handling Unit","","","","","","","ENTITY","47904"
"hu9320","Handling Unit","","","","","","","ENTITY","47905"
"hu9332","Handling Unit","","","","","","","ENTITY","47906"
"hu9329","Handling Unit","","","","","","","ENTITY","47907"
"hu9327","Handling Unit","","","","","","","ENTITY","47908"
"hu9318","Handling Unit","","","","","","","ENTITY","47909"
"hu9324","Handling Unit","","","","","","","ENTITY","47910"
"hu9314","Handling Unit","","","","","","","ENTITY","47911"
"hu9323","Handling Unit","","","","","","","ENTITY","47912"
"hu9325","Handling Unit","","","","","","","ENTITY","47913"
"hu9315","Handling Unit","","","","","","","ENTITY","47914"
"hu9330","Handling Unit","","","","","","","ENTITY","47915"
"hu9317","Handling Unit","","","","","","","ENTITY","47916"
"hu9326","Handling Unit","","","","","","","ENTITY","47917"
"hu9338","Handling Unit","","","","","","","ENTITY","47918"
"hu9334","Handling Unit","","","","","","","ENTITY","47919"
"hu9337","Handling Unit","","","","","","","ENTITY","47920"
"hu9319","Handling Unit","","","","","","","ENTITY","47921"
"hu9340","Handling Unit","","","","","","","ENTITY","47922"
"hu9328","Handling Unit","","","","","","","ENTITY","47923"
"hu9335","Handling Unit","","","","","","","ENTITY","47924"
"hu9339","Handling Unit","","","","","","","ENTITY","47925"
"hu9342","Handling Unit","","","","","","","ENTITY","47926"
"hu9343","Handling Unit","","","","","","","ENTITY","47927"
"hu9345","Handling Unit","","","","","","","ENTITY","47928"
"hu9346","Handling Unit","","","","","","","ENTITY","47929"
"hu9341","Handling Unit","","","","","","","ENTITY","47930"
"hu9344","Handling Unit","","","","","","","ENTITY","47931"
"hu9352","Handling Unit","","","","","","","ENTITY","47932"
"hu9351","Handling Unit","","","","","","","ENTITY","47933"
"hu9350","Handling Unit","","","","","","","ENTITY","47934"
"hu9347","Handling Unit","","","","","","","ENTITY","47935"
"hu9349","Handling Unit","","","","","","","ENTITY","47936"
"hu9348","Handling Unit","","","","","","","ENTITY","47937"
"hu9355","Handling Unit","","","","","","","ENTITY","47938"
"hu9358","Handling Unit","","","","","","","ENTITY","47939"
"hu9356","Handling Unit","","","","","","","ENTITY","47940"
"hu9354","Handling Unit","","","","","","","ENTITY","47941"
"hu9357","Handling Unit","","","","","","","ENTITY","47942"
"hu9353","Handling Unit","","","","","","","ENTITY","47943"
"hu9360","Handling Unit","","","","","","","ENTITY","47944"
"hu9364","Handling Unit","","","","","","","ENTITY","47945"
"hu9381","Handling Unit","","","","","","","ENTITY","47946"
"hu9380","Handling Unit","","","","","","","ENTITY","47947"
"hu9372","Handling Unit","","","","","","","ENTITY","47948"
"hu9378","Handling Unit","","","","","","","ENTITY","47949"
"hu9367","Handling Unit","","","","","","","ENTITY","47950"
"hu9375","Handling Unit","","","","","","","ENTITY","47951"
"hu9379","Handling Unit","","","","","","","ENTITY","47952"
"hu9384","Handling Unit","","","","","","","ENTITY","47953"
"hu9386","Handling Unit","","","","","","","ENTITY","47954"
"hu9371","Handling Unit","","","","","","","ENTITY","47955"
"hu9377","Handling Unit","","","","","","","ENTITY","47956"
"hu9383","Handling Unit","","","","","","","ENTITY","47957"
"hu9365","Handling Unit","","","","","","","ENTITY","47958"
"hu9361","Handling Unit","","","","","","","ENTITY","47959"
"hu9369","Handling Unit","","","","","","","ENTITY","47960"
"hu9368","Handling Unit","","","","","","","ENTITY","47961"
"hu9382","Handling Unit","","","","","","","ENTITY","47962"
"hu9373","Handling Unit","","","","","","","ENTITY","47963"
"hu9374","Handling Unit","","","","","","","ENTITY","47964"
"hu9366","Handling Unit","","","","","","","ENTITY","47965"
"hu9363","Handling Unit","","","","","","","ENTITY","47966"
"hu9362","Handling Unit","","","","","","","ENTITY","47967"
"hu9359","Handling Unit","","","","","","","ENTITY","47968"
"hu9387","Handling Unit","","","","","","","ENTITY","47969"
"hu9370","Handling Unit","","","","","","","ENTITY","47970"
"hu9394","Handling Unit","","","","","","","ENTITY","47971"
"hu9395","Handling Unit","","","","","","","ENTITY","47972"
"hu9389","Handling Unit","","","","","","","ENTITY","47973"
"hu9393","Handling Unit","","","","","","","ENTITY","47974"
"hu9376","Handling Unit","","","","","","","ENTITY","47975"
"hu9391","Handling Unit","","","","","","","ENTITY","47976"
"hu9401","Handling Unit","","","","","","","ENTITY","47977"
"hu9398","Handling Unit","","","","","","","ENTITY","47978"
"hu9392","Handling Unit","","","","","","","ENTITY","47979"
"hu9388","Handling Unit","","","","","","","ENTITY","47980"
"hu9404","Handling Unit","","","","","","","ENTITY","47981"
"hu9396","Handling Unit","","","","","","","ENTITY","47982"
"hu9403","Handling Unit","","","","","","","ENTITY","47983"
"hu9397","Handling Unit","","","","","","","ENTITY","47984"
"hu9412","Handling Unit","","","","","","","ENTITY","47985"
"hu9405","Handling Unit","","","","","","","ENTITY","47986"
"hu9390","Handling Unit","","","","","","","ENTITY","47987"
"hu9410","Handling Unit","","","","","","","ENTITY","47988"
"hu9385","Handling Unit","","","","","","","ENTITY","47989"
"hu9413","Handling Unit","","","","","","","ENTITY","47990"
"hu9409","Handling Unit","","","","","","","ENTITY","47991"
"hu9411","Handling Unit","","","","","","","ENTITY","47992"
"hu9402","Handling Unit","","","","","","","ENTITY","47993"
"hu9423","Handling Unit","","","","","","","ENTITY","47994"
"hu9418","Handling Unit","","","","","","","ENTITY","47995"
"hu9415","Handling Unit","","","","","","","ENTITY","47996"
"hu9424","Handling Unit","","","","","","","ENTITY","47997"
"hu9425","Handling Unit","","","","","","","ENTITY","47998"
"hu9406","Handling Unit","","","","","","","ENTITY","47999"
"hu9422","Handling Unit","","","","","","","ENTITY","48000"
"hu9421","Handling Unit","","","","","","","ENTITY","48001"
"hu9429","Handling Unit","","","","","","","ENTITY","48002"
"hu9407","Handling Unit","","","","","","","ENTITY","48003"
"hu9408","Handling Unit","","","","","","","ENTITY","48004"
"hu9414","Handling Unit","","","","","","","ENTITY","48005"
"hu9419","Handling Unit","","","","","","","ENTITY","48006"
"hu9417","Handling Unit","","","","","","","ENTITY","48007"
"hu9400","Handling Unit","","","","","","","ENTITY","48008"
"hu9431","Handling Unit","","","","","","","ENTITY","48009"
"hu9399","Handling Unit","","","","","","","ENTITY","48010"
"hu9420","Handling Unit","","","","","","","ENTITY","48011"
"hu9416","Handling Unit","","","","","","","ENTITY","48012"
"hu9428","Handling Unit","","","","","","","ENTITY","48013"
"hu9430","Handling Unit","","","","","","","ENTITY","48014"
"hu9427","Handling Unit","","","","","","","ENTITY","48015"
"hu9426","Handling Unit","","","","","","","ENTITY","48016"
"hu9432","Handling Unit","","","","","","","ENTITY","48017"
"hu9438","Handling Unit","","","","","","","ENTITY","48018"
"hu9434","Handling Unit","","","","","","","ENTITY","48019"
"hu9436","Handling Unit","","","","","","","ENTITY","48020"
"hu9433","Handling Unit","","","","","","","ENTITY","48021"
"hu9435","Handling Unit","","","","","","","ENTITY","48022"
"hu9437","Handling Unit","","","","","","","ENTITY","48023"
"hu9441","Handling Unit","","","","","","","ENTITY","48024"
"hu9442","Handling Unit","","","","","","","ENTITY","48025"
"hu9444","Handling Unit","","","","","","","ENTITY","48026"
"hu9439","Handling Unit","","","","","","","ENTITY","48027"
"hu9443","Handling Unit","","","","","","","ENTITY","48028"
"hu9440","Handling Unit","","","","","","","ENTITY","48029"
"hu9445","Handling Unit","","","","","","","ENTITY","48030"
"hu9447","Handling Unit","","","","","","","ENTITY","48031"
"hu9448","Handling Unit","","","","","","","ENTITY","48032"
"hu9449","Handling Unit","","","","","","","ENTITY","48033"
"hu9450","Handling Unit","","","","","","","ENTITY","48034"
"hu9446","Handling Unit","","","","","","","ENTITY","48035"
"hu9451","Handling Unit","","","","","","","ENTITY","48036"
"hu9454","Handling Unit","","","","","","","ENTITY","48037"
"hu9456","Handling Unit","","","","","","","ENTITY","48038"
"hu9457","Handling Unit","","","","","","","ENTITY","48039"
"hu9455","Handling Unit","","","","","","","ENTITY","48040"
"hu9452","Handling Unit","","","","","","","ENTITY","48041"
"hu9453","Handling Unit","","","","","","","ENTITY","48042"
"hu9461","Handling Unit","","","","","","","ENTITY","48043"
"hu9462","Handling Unit","","","","","","","ENTITY","48044"
"hu9458","Handling Unit","","","","","","","ENTITY","48045"
"hu9460","Handling Unit","","","","","","","ENTITY","48046"
"hu9459","Handling Unit","","","","","","","ENTITY","48047"
"hu9463","Handling Unit","","","","","","","ENTITY","48048"
"hu9465","Handling Unit","","","","","","","ENTITY","48049"
"hu9464","Handling Unit","","","","","","","ENTITY","48050"
"hu9467","Handling Unit","","","","","","","ENTITY","48051"
"hu9469","Handling Unit","","","","","","","ENTITY","48052"
"hu9466","Handling Unit","","","","","","","ENTITY","48053"
"hu9468","Handling Unit","","","","","","","ENTITY","48054"
"hu9475","Handling Unit","","","","","","","ENTITY","48055"
"hu9471","Handling Unit","","","","","","","ENTITY","48056"
"hu9473","Handling Unit","","","","","","","ENTITY","48057"
"hu9470","Handling Unit","","","","","","","ENTITY","48058"
"hu9472","Handling Unit","","","","","","","ENTITY","48059"
"hu9474","Handling Unit","","","","","","","ENTITY","48060"
"hu9481","Handling Unit","","","","","","","ENTITY","48061"
"hu9476","Handling Unit","","","","","","","ENTITY","48062"
"hu9478","Handling Unit","","","","","","","ENTITY","48063"
"hu9493","Handling Unit","","","","","","","ENTITY","48064"
"hu9492","Handling Unit","","","","","","","ENTITY","48065"
"hu9477","Handling Unit","","","","","","","ENTITY","48066"
"hu9488","Handling Unit","","","","","","","ENTITY","48067"
"hu9489","Handling Unit","","","","","","","ENTITY","48068"
"hu9490","Handling Unit","","","","","","","ENTITY","48069"
"hu9482","Handling Unit","","","","","","","ENTITY","48070"
"hu9484","Handling Unit","","","","","","","ENTITY","48071"
"hu9480","Handling Unit","","","","","","","ENTITY","48072"
"hu9485","Handling Unit","","","","","","","ENTITY","48073"
"hu9483","Handling Unit","","","","","","","ENTITY","48074"
"hu9486","Handling Unit","","","","","","","ENTITY","48075"
"hu9487","Handling Unit","","","","","","","ENTITY","48076"
"hu9491","Handling Unit","","","","","","","ENTITY","48077"
"hu9479","Handling Unit","","","","","","","ENTITY","48078"
"hu9498","Handling Unit","","","","","","","ENTITY","48079"
"hu9495","Handling Unit","","","","","","","ENTITY","48080"
"hu9496","Handling Unit","","","","","","","ENTITY","48081"
"hu9494","Handling Unit","","","","","","","ENTITY","48082"
"hu9497","Handling Unit","","","","","","","ENTITY","48083"
"hu9502","Handling Unit","","","","","","","ENTITY","48084"
"hu9511","Handling Unit","","","","","","","ENTITY","48085"
"hu9513","Handling Unit","","","","","","","ENTITY","48086"
"hu9525","Handling Unit","","","","","","","ENTITY","48087"
"hu9508","Handling Unit","","","","","","","ENTITY","48088"
"hu9509","Handling Unit","","","","","","","ENTITY","48089"
"hu9520","Handling Unit","","","","","","","ENTITY","48090"
"hu9524","Handling Unit","","","","","","","ENTITY","48091"
"hu9517","Handling Unit","","","","","","","ENTITY","48092"
"hu9507","Handling Unit","","","","","","","ENTITY","48093"
"hu9503","Handling Unit","","","","","","","ENTITY","48094"
"hu9526","Handling Unit","","","","","","","ENTITY","48095"
"hu9522","Handling Unit","","","","","","","ENTITY","48096"
"hu9516","Handling Unit","","","","","","","ENTITY","48097"
"hu9521","Handling Unit","","","","","","","ENTITY","48098"
"hu9514","Handling Unit","","","","","","","ENTITY","48099"
"hu9501","Handling Unit","","","","","","","ENTITY","48100"
"hu9512","Handling Unit","","","","","","","ENTITY","48101"
"hu9519","Handling Unit","","","","","","","ENTITY","48102"
"hu9506","Handling Unit","","","","","","","ENTITY","48103"
"hu9530","Handling Unit","","","","","","","ENTITY","48104"
"hu9532","Handling Unit","","","","","","","ENTITY","48105"
"hu9527","Handling Unit","","","","","","","ENTITY","48106"
"hu9518","Handling Unit","","","","","","","ENTITY","48107"
"hu9504","Handling Unit","","","","","","","ENTITY","48108"
"hu9531","Handling Unit","","","","","","","ENTITY","48109"
"hu9500","Handling Unit","","","","","","","ENTITY","48110"
"hu9528","Handling Unit","","","","","","","ENTITY","48111"
"hu9523","Handling Unit","","","","","","","ENTITY","48112"
"hu9515","Handling Unit","","","","","","","ENTITY","48113"
"hu9510","Handling Unit","","","","","","","ENTITY","48114"
"hu9499","Handling Unit","","","","","","","ENTITY","48115"
"hu9529","Handling Unit","","","","","","","ENTITY","48116"
"hu9505","Handling Unit","","","","","","","ENTITY","48117"
"hu9534","Handling Unit","","","","","","","ENTITY","48118"
"hu9539","Handling Unit","","","","","","","ENTITY","48119"
"hu9538","Handling Unit","","","","","","","ENTITY","48120"
"hu9536","Handling Unit","","","","","","","ENTITY","48121"
"hu9545","Handling Unit","","","","","","","ENTITY","48122"
"hu9542","Handling Unit","","","","","","","ENTITY","48123"
"hu9549","Handling Unit","","","","","","","ENTITY","48124"
"hu9547","Handling Unit","","","","","","","ENTITY","48125"
"hu9543","Handling Unit","","","","","","","ENTITY","48126"
"hu9544","Handling Unit","","","","","","","ENTITY","48127"
"hu9548","Handling Unit","","","","","","","ENTITY","48128"
"hu9533","Handling Unit","","","","","","","ENTITY","48129"
"hu9535","Handling Unit","","","","","","","ENTITY","48130"
"hu9546","Handling Unit","","","","","","","ENTITY","48131"
"hu9541","Handling Unit","","","","","","","ENTITY","48132"
"hu9537","Handling Unit","","","","","","","ENTITY","48133"
"hu9540","Handling Unit","","","","","","","ENTITY","48134"
"hu9550","Handling Unit","","","","","","","ENTITY","48135"
"hu9552","Handling Unit","","","","","","","ENTITY","48136"
"hu9551","Handling Unit","","","","","","","ENTITY","48137"
"hu9553","Handling Unit","","","","","","","ENTITY","48138"
"hu9556","Handling Unit","","","","","","","ENTITY","48139"
"hu9559","Handling Unit","","","","","","","ENTITY","48140"
"hu9554","Handling Unit","","","","","","","ENTITY","48141"
"hu9558","Handling Unit","","","","","","","ENTITY","48142"
"hu9555","Handling Unit","","","","","","","ENTITY","48143"
"hu9557","Handling Unit","","","","","","","ENTITY","48144"
"hu9563","Handling Unit","","","","","","","ENTITY","48145"
"hu9560","Handling Unit","","","","","","","ENTITY","48146"
"hu9562","Handling Unit","","","","","","","ENTITY","48147"
"hu9564","Handling Unit","","","","","","","ENTITY","48148"
"hu9561","Handling Unit","","","","","","","ENTITY","48149"
"hu9567","Handling Unit","","","","","","","ENTITY","48150"
"hu9569","Handling Unit","","","","","","","ENTITY","48151"
"hu9572","Handling Unit","","","","","","","ENTITY","48152"
"hu9571","Handling Unit","","","","","","","ENTITY","48153"
"hu9565","Handling Unit","","","","","","","ENTITY","48154"
"hu9568","Handling Unit","","","","","","","ENTITY","48155"
"hu9566","Handling Unit","","","","","","","ENTITY","48156"
"hu9570","Handling Unit","","","","","","","ENTITY","48157"
"hu9578","Handling Unit","","","","","","","ENTITY","48158"
"hu9575","Handling Unit","","","","","","","ENTITY","48159"
"hu9582","Handling Unit","","","","","","","ENTITY","48160"
"hu9577","Handling Unit","","","","","","","ENTITY","48161"
"hu9581","Handling Unit","","","","","","","ENTITY","48162"
"hu9583","Handling Unit","","","","","","","ENTITY","48163"
"hu9573","Handling Unit","","","","","","","ENTITY","48164"
"hu9576","Handling Unit","","","","","","","ENTITY","48165"
"hu9584","Handling Unit","","","","","","","ENTITY","48166"
"hu9580","Handling Unit","","","","","","","ENTITY","48167"
"hu9574","Handling Unit","","","","","","","ENTITY","48168"
"hu9579","Handling Unit","","","","","","","ENTITY","48169"
"hu9587","Handling Unit","","","","","","","ENTITY","48170"
"hu9590","Handling Unit","","","","","","","ENTITY","48171"
"hu9589","Handling Unit","","","","","","","ENTITY","48172"
"hu9586","Handling Unit","","","","","","","ENTITY","48173"
"hu9592","Handling Unit","","","","","","","ENTITY","48174"
"hu9585","Handling Unit","","","","","","","ENTITY","48175"
"hu9594","Handling Unit","","","","","","","ENTITY","48176"
"hu9588","Handling Unit","","","","","","","ENTITY","48177"
"hu9593","Handling Unit","","","","","","","ENTITY","48178"
"hu9596","Handling Unit","","","","","","","ENTITY","48179"
"hu9595","Handling Unit","","","","","","","ENTITY","48180"
"hu9591","Handling Unit","","","","","","","ENTITY","48181"
"hu9602","Handling Unit","","","","","","","ENTITY","48182"
"hu9601","Handling Unit","","","","","","","ENTITY","48183"
"hu9616","Handling Unit","","","","","","","ENTITY","48184"
"hu9598","Handling Unit","","","","","","","ENTITY","48185"
"hu9603","Handling Unit","","","","","","","ENTITY","48186"
"hu9600","Handling Unit","","","","","","","ENTITY","48187"
"hu9607","Handling Unit","","","","","","","ENTITY","48188"
"hu9610","Handling Unit","","","","","","","ENTITY","48189"
"hu9615","Handling Unit","","","","","","","ENTITY","48190"
"hu9608","Handling Unit","","","","","","","ENTITY","48191"
"hu9611","Handling Unit","","","","","","","ENTITY","48192"
"hu9609","Handling Unit","","","","","","","ENTITY","48193"
"hu9612","Handling Unit","","","","","","","ENTITY","48194"
"hu9614","Handling Unit","","","","","","","ENTITY","48195"
"hu9604","Handling Unit","","","","","","","ENTITY","48196"
"hu9613","Handling Unit","","","","","","","ENTITY","48197"
"hu9617","Handling Unit","","","","","","","ENTITY","48198"
"hu9599","Handling Unit","","","","","","","ENTITY","48199"
"hu9597","Handling Unit","","","","","","","ENTITY","48200"
"hu9605","Handling Unit","","","","","","","ENTITY","48201"
"hu9606","Handling Unit","","","","","","","ENTITY","48202"
"hu9619","Handling Unit","","","","","","","ENTITY","48203"
"hu9622","Handling Unit","","","","","","","ENTITY","48204"
"hu9620","Handling Unit","","","","","","","ENTITY","48205"
"hu9618","Handling Unit","","","","","","","ENTITY","48206"
"hu9621","Handling Unit","","","","","","","ENTITY","48207"
"hu9623","Handling Unit","","","","","","","ENTITY","48208"
"hu9628","Handling Unit","","","","","","","ENTITY","48209"
"hu9626","Handling Unit","","","","","","","ENTITY","48210"
"hu9629","Handling Unit","","","","","","","ENTITY","48211"
"hu9625","Handling Unit","","","","","","","ENTITY","48212"
"hu9624","Handling Unit","","","","","","","ENTITY","48213"
"hu9627","Handling Unit","","","","","","","ENTITY","48214"
"hu9633","Handling Unit","","","","","","","ENTITY","48215"
"hu9642","Handling Unit","","","","","","","ENTITY","48216"
"hu9643","Handling Unit","","","","","","","ENTITY","48217"
"hu9638","Handling Unit","","","","","","","ENTITY","48218"
"hu9653","Handling Unit","","","","","","","ENTITY","48219"
"hu9635","Handling Unit","","","","","","","ENTITY","48220"
"hu9658","Handling Unit","","","","","","","ENTITY","48221"
"hu9659","Handling Unit","","","","","","","ENTITY","48222"
"hu9652","Handling Unit","","","","","","","ENTITY","48223"
"hu9645","Handling Unit","","","","","","","ENTITY","48224"
"hu9656","Handling Unit","","","","","","","ENTITY","48225"
"hu9651","Handling Unit","","","","","","","ENTITY","48226"
"hu9640","Handling Unit","","","","","","","ENTITY","48227"
"hu9663","Handling Unit","","","","","","","ENTITY","48228"
"hu9639","Handling Unit","","","","","","","ENTITY","48229"
"hu9665","Handling Unit","","","","","","","ENTITY","48230"
"hu9662","Handling Unit","","","","","","","ENTITY","48231"
"hu9632","Handling Unit","","","","","","","ENTITY","48232"
"hu9636","Handling Unit","","","","","","","ENTITY","48233"
"hu9650","Handling Unit","","","","","","","ENTITY","48234"
"hu9654","Handling Unit","","","","","","","ENTITY","48235"
"hu9648","Handling Unit","","","","","","","ENTITY","48236"
"hu9647","Handling Unit","","","","","","","ENTITY","48237"
"hu9655","Handling Unit","","","","","","","ENTITY","48238"
"hu9637","Handling Unit","","","","","","","ENTITY","48239"
"hu9634","Handling Unit","","","","","","","ENTITY","48240"
"hu9630","Handling Unit","","","","","","","ENTITY","48241"
"hu9664","Handling Unit","","","","","","","ENTITY","48242"
"hu9657","Handling Unit","","","","","","","ENTITY","48243"
"hu9644","Handling Unit","","","","","","","ENTITY","48244"
"hu9631","Handling Unit","","","","","","","ENTITY","48245"
"hu9661","Handling Unit","","","","","","","ENTITY","48246"
"hu9660","Handling Unit","","","","","","","ENTITY","48247"
"hu9649","Handling Unit","","","","","","","ENTITY","48248"
"hu9667","Handling Unit","","","","","","","ENTITY","48249"
"hu9666","Handling Unit","","","","","","","ENTITY","48250"
"hu9641","Handling Unit","","","","","","","ENTITY","48251"
"hu9669","Handling Unit","","","","","","","ENTITY","48252"
"hu9646","Handling Unit","","","","","","","ENTITY","48253"
"hu9668","Handling Unit","","","","","","","ENTITY","48254"
"hu9670","Handling Unit","","","","","","","ENTITY","48255"
"hu9671","Handling Unit","","","","","","","ENTITY","48256"
"hu9687","Handling Unit","","","","","","","ENTITY","48257"
"hu9686","Handling Unit","","","","","","","ENTITY","48258"
"hu9678","Handling Unit","","","","","","","ENTITY","48259"
"hu9696","Handling Unit","","","","","","","ENTITY","48260"
"hu9685","Handling Unit","","","","","","","ENTITY","48261"
"hu9690","Handling Unit","","","","","","","ENTITY","48262"
"hu9684","Handling Unit","","","","","","","ENTITY","48263"
"hu9672","Handling Unit","","","","","","","ENTITY","48264"
"hu9688","Handling Unit","","","","","","","ENTITY","48265"
"hu9698","Handling Unit","","","","","","","ENTITY","48266"
"hu9679","Handling Unit","","","","","","","ENTITY","48267"
"hu9691","Handling Unit","","","","","","","ENTITY","48268"
"hu9693","Handling Unit","","","","","","","ENTITY","48269"
"hu9697","Handling Unit","","","","","","","ENTITY","48270"
"hu9683","Handling Unit","","","","","","","ENTITY","48271"
"hu9695","Handling Unit","","","","","","","ENTITY","48272"
"hu9675","Handling Unit","","","","","","","ENTITY","48273"
"hu9674","Handling Unit","","","","","","","ENTITY","48274"
"hu9680","Handling Unit","","","","","","","ENTITY","48275"
"hu9689","Handling Unit","","","","","","","ENTITY","48276"
"hu9699","Handling Unit","","","","","","","ENTITY","48277"
"hu9701","Handling Unit","","","","","","","ENTITY","48278"
"hu9704","Handling Unit","","","","","","","ENTITY","48279"
"hu9700","Handling Unit","","","","","","","ENTITY","48280"
"hu9681","Handling Unit","","","","","","","ENTITY","48281"
"hu9682","Handling Unit","","","","","","","ENTITY","48282"
"hu9692","Handling Unit","","","","","","","ENTITY","48283"
"hu9694","Handling Unit","","","","","","","ENTITY","48284"
"hu9706","Handling Unit","","","","","","","ENTITY","48285"
"hu9709","Handling Unit","","","","","","","ENTITY","48286"
"hu9707","Handling Unit","","","","","","","ENTITY","48287"
"hu9677","Handling Unit","","","","","","","ENTITY","48288"
"hu9711","Handling Unit","","","","","","","ENTITY","48289"
"hu9708","Handling Unit","","","","","","","ENTITY","48290"
"hu9714","Handling Unit","","","","","","","ENTITY","48291"
"hu9715","Handling Unit","","","","","","","ENTITY","48292"
"hu9703","Handling Unit","","","","","","","ENTITY","48293"
"hu9713","Handling Unit","","","","","","","ENTITY","48294"
"hu9702","Handling Unit","","","","","","","ENTITY","48295"
"hu9723","Handling Unit","","","","","","","ENTITY","48296"
"hu9710","Handling Unit","","","","","","","ENTITY","48297"
"hu9712","Handling Unit","","","","","","","ENTITY","48298"
"hu9717","Handling Unit","","","","","","","ENTITY","48299"
"hu9727","Handling Unit","","","","","","","ENTITY","48300"
"hu9725","Handling Unit","","","","","","","ENTITY","48301"
"hu9705","Handling Unit","","","","","","","ENTITY","48302"
"hu9726","Handling Unit","","","","","","","ENTITY","48303"
"hu9716","Handling Unit","","","","","","","ENTITY","48304"
"hu9718","Handling Unit","","","","","","","ENTITY","48305"
"hu9722","Handling Unit","","","","","","","ENTITY","48306"
"hu9724","Handling Unit","","","","","","","ENTITY","48307"
"hu9673","Handling Unit","","","","","","","ENTITY","48308"
"hu9719","Handling Unit","","","","","","","ENTITY","48309"
"hu9720","Handling Unit","","","","","","","ENTITY","48310"
"hu9721","Handling Unit","","","","","","","ENTITY","48311"
"hu9676","Handling Unit","","","","","","","ENTITY","48312"
"hu9730","Handling Unit","","","","","","","ENTITY","48313"
"hu9732","Handling Unit","","","","","","","ENTITY","48314"
"hu9731","Handling Unit","","","","","","","ENTITY","48315"
"hu9729","Handling Unit","","","","","","","ENTITY","48316"
"hu9734","Handling Unit","","","","","","","ENTITY","48317"
"hu9736","Handling Unit","","","","","","","ENTITY","48318"
"hu9737","Handling Unit","","","","","","","ENTITY","48319"
"hu9728","Handling Unit","","","","","","","ENTITY","48320"
"hu9739","Handling Unit","","","","","","","ENTITY","48321"
"hu9733","Handling Unit","","","","","","","ENTITY","48322"
"hu9742","Handling Unit","","","","","","","ENTITY","48323"
"hu9735","Handling Unit","","","","","","","ENTITY","48324"
"hu9744","Handling Unit","","","","","","","ENTITY","48325"
"hu9745","Handling Unit","","","","","","","ENTITY","48326"
"hu9738","Handling Unit","","","","","","","ENTITY","48327"
"hu9743","Handling Unit","","","","","","","ENTITY","48328"
"hu9740","Handling Unit","","","","","","","ENTITY","48329"
"hu9741","Handling Unit","","","","","","","ENTITY","48330"
"hu9748","Handling Unit","","","","","","","ENTITY","48331"
"hu9751","Handling Unit","","","","","","","ENTITY","48332"
"hu9750","Handling Unit","","","","","","","ENTITY","48333"
"hu9746","Handling Unit","","","","","","","ENTITY","48334"
"hu9747","Handling Unit","","","","","","","ENTITY","48335"
"hu9749","Handling Unit","","","","","","","ENTITY","48336"
"hu9757","Handling Unit","","","","","","","ENTITY","48337"
"hu9752","Handling Unit","","","","","","","ENTITY","48338"
"hu9755","Handling Unit","","","","","","","ENTITY","48339"
"hu9756","Handling Unit","","","","","","","ENTITY","48340"
"hu9753","Handling Unit","","","","","","","ENTITY","48341"
"hu9754","Handling Unit","","","","","","","ENTITY","48342"
"hu9758","Handling Unit","","","","","","","ENTITY","48343"
"hu9774","Handling Unit","","","","","","","ENTITY","48344"
"hu9766","Handling Unit","","","","","","","ENTITY","48345"
"hu9764","Handling Unit","","","","","","","ENTITY","48346"
"hu9778","Handling Unit","","","","","","","ENTITY","48347"
"hu9763","Handling Unit","","","","","","","ENTITY","48348"
"hu9776","Handling Unit","","","","","","","ENTITY","48349"
"hu9783","Handling Unit","","","","","","","ENTITY","48350"
"hu9765","Handling Unit","","","","","","","ENTITY","48351"
"hu9784","Handling Unit","","","","","","","ENTITY","48352"
"hu9768","Handling Unit","","","","","","","ENTITY","48353"
"hu9759","Handling Unit","","","","","","","ENTITY","48354"
"hu9791","Handling Unit","","","","","","","ENTITY","48355"
"hu9789","Handling Unit","","","","","","","ENTITY","48356"
"hu9773","Handling Unit","","","","","","","ENTITY","48357"
"hu9760","Handling Unit","","","","","","","ENTITY","48358"
"hu9786","Handling Unit","","","","","","","ENTITY","48359"
"hu9785","Handling Unit","","","","","","","ENTITY","48360"
"hu9781","Handling Unit","","","","","","","ENTITY","48361"
"hu9780","Handling Unit","","","","","","","ENTITY","48362"
"hu9775","Handling Unit","","","","","","","ENTITY","48363"
"hu9767","Handling Unit","","","","","","","ENTITY","48364"
"hu9772","Handling Unit","","","","","","","ENTITY","48365"
"hu9790","Handling Unit","","","","","","","ENTITY","48366"
"hu9788","Handling Unit","","","","","","","ENTITY","48367"
"hu9771","Handling Unit","","","","","","","ENTITY","48368"
"hu9769","Handling Unit","","","","","","","ENTITY","48369"
"hu9762","Handling Unit","","","","","","","ENTITY","48370"
"hu9779","Handling Unit","","","","","","","ENTITY","48371"
"hu9770","Handling Unit","","","","","","","ENTITY","48372"
"hu9777","Handling Unit","","","","","","","ENTITY","48373"
"hu9787","Handling Unit","","","","","","","ENTITY","48374"
"hu9761","Handling Unit","","","","","","","ENTITY","48375"
"hu9782","Handling Unit","","","","","","","ENTITY","48376"
"hu9795","Handling Unit","","","","","","","ENTITY","48377"
"hu9792","Handling Unit","","","","","","","ENTITY","48378"
"hu9794","Handling Unit","","","","","","","ENTITY","48379"
"hu9793","Handling Unit","","","","","","","ENTITY","48380"
"hu9808","Handling Unit","","","","","","","ENTITY","48381"
"hu9798","Handling Unit","","","","","","","ENTITY","48382"
"hu9807","Handling Unit","","","","","","","ENTITY","48383"
"hu9800","Handling Unit","","","","","","","ENTITY","48384"
"hu9805","Handling Unit","","","","","","","ENTITY","48385"
"hu9812","Handling Unit","","","","","","","ENTITY","48386"
"hu9796","Handling Unit","","","","","","","ENTITY","48387"
"hu9797","Handling Unit","","","","","","","ENTITY","48388"
"hu9802","Handling Unit","","","","","","","ENTITY","48389"
"hu9814","Handling Unit","","","","","","","ENTITY","48390"
"hu9806","Handling Unit","","","","","","","ENTITY","48391"
"hu9816","Handling Unit","","","","","","","ENTITY","48392"
"hu9815","Handling Unit","","","","","","","ENTITY","48393"
"hu9801","Handling Unit","","","","","","","ENTITY","48394"
"hu9810","Handling Unit","","","","","","","ENTITY","48395"
"hu9811","Handling Unit","","","","","","","ENTITY","48396"
"hu9809","Handling Unit","","","","","","","ENTITY","48397"
"hu9813","Handling Unit","","","","","","","ENTITY","48398"
"hu9825","Handling Unit","","","","","","","ENTITY","48399"
"hu9799","Handling Unit","","","","","","","ENTITY","48400"
"hu9827","Handling Unit","","","","","","","ENTITY","48401"
"hu9822","Handling Unit","","","","","","","ENTITY","48402"
"hu9803","Handling Unit","","","","","","","ENTITY","48403"
"hu9820","Handling Unit","","","","","","","ENTITY","48404"
"hu9828","Handling Unit","","","","","","","ENTITY","48405"
"hu9819","Handling Unit","","","","","","","ENTITY","48406"
"hu9829","Handling Unit","","","","","","","ENTITY","48407"
"hu9804","Handling Unit","","","","","","","ENTITY","48408"
"hu9821","Handling Unit","","","","","","","ENTITY","48409"
"hu9817","Handling Unit","","","","","","","ENTITY","48410"
"hu9832","Handling Unit","","","","","","","ENTITY","48411"
"hu9836","Handling Unit","","","","","","","ENTITY","48412"
"hu9842","Handling Unit","","","","","","","ENTITY","48413"
"hu9846","Handling Unit","","","","","","","ENTITY","48414"
"hu9838","Handling Unit","","","","","","","ENTITY","48415"
"hu9833","Handling Unit","","","","","","","ENTITY","48416"
"hu9826","Handling Unit","","","","","","","ENTITY","48417"
"hu9849","Handling Unit","","","","","","","ENTITY","48418"
"hu9848","Handling Unit","","","","","","","ENTITY","48419"
"hu9831","Handling Unit","","","","","","","ENTITY","48420"
"hu9844","Handling Unit","","","","","","","ENTITY","48421"
"hu9841","Handling Unit","","","","","","","ENTITY","48422"
"hu9837","Handling Unit","","","","","","","ENTITY","48423"
"hu9840","Handling Unit","","","","","","","ENTITY","48424"
"hu9852","Handling Unit","","","","","","","ENTITY","48425"
"hu9851","Handling Unit","","","","","","","ENTITY","48426"
"hu9818","Handling Unit","","","","","","","ENTITY","48427"
"hu9847","Handling Unit","","","","","","","ENTITY","48428"
"hu9830","Handling Unit","","","","","","","ENTITY","48429"
"hu9850","Handling Unit","","","","","","","ENTITY","48430"
"hu9835","Handling Unit","","","","","","","ENTITY","48431"
"hu9839","Handling Unit","","","","","","","ENTITY","48432"
"hu9843","Handling Unit","","","","","","","ENTITY","48433"
"hu9824","Handling Unit","","","","","","","ENTITY","48434"
"hu9853","Handling Unit","","","","","","","ENTITY","48435"
"hu9859","Handling Unit","","","","","","","ENTITY","48436"
"hu9834","Handling Unit","","","","","","","ENTITY","48437"
"hu9860","Handling Unit","","","","","","","ENTITY","48438"
"hu9858","Handling Unit","","","","","","","ENTITY","48439"
"hu9861","Handling Unit","","","","","","","ENTITY","48440"
"hu9823","Handling Unit","","","","","","","ENTITY","48441"
"hu9871","Handling Unit","","","","","","","ENTITY","48442"
"hu9866","Handling Unit","","","","","","","ENTITY","48443"
"hu9870","Handling Unit","","","","","","","ENTITY","48444"
"hu9856","Handling Unit","","","","","","","ENTITY","48445"
"hu9863","Handling Unit","","","","","","","ENTITY","48446"
"hu9879","Handling Unit","","","","","","","ENTITY","48447"
"hu9873","Handling Unit","","","","","","","ENTITY","48448"
"hu9868","Handling Unit","","","","","","","ENTITY","48449"
"hu9877","Handling Unit","","","","","","","ENTITY","48450"
"hu9864","Handling Unit","","","","","","","ENTITY","48451"
"hu9857","Handling Unit","","","","","","","ENTITY","48452"
"hu9874","Handling Unit","","","","","","","ENTITY","48453"
"hu9854","Handling Unit","","","","","","","ENTITY","48454"
"hu9862","Handling Unit","","","","","","","ENTITY","48455"
"hu9878","Handling Unit","","","","","","","ENTITY","48456"
"hu9869","Handling Unit","","","","","","","ENTITY","48457"
"hu9855","Handling Unit","","","","","","","ENTITY","48458"
"hu9867","Handling Unit","","","","","","","ENTITY","48459"
"hu9880","Handling Unit","","","","","","","ENTITY","48460"
"hu9865","Handling Unit","","","","","","","ENTITY","48461"
"hu9876","Handling Unit","","","","","","","ENTITY","48462"
"hu9845","Handling Unit","","","","","","","ENTITY","48463"
"hu9872","Handling Unit","","","","","","","ENTITY","48464"
"hu9881","Handling Unit","","","","","","","ENTITY","48465"
"hu9884","Handling Unit","","","","","","","ENTITY","48466"
"hu9875","Handling Unit","","","","","","","ENTITY","48467"
"hu9885","Handling Unit","","","","","","","ENTITY","48468"
"hu9891","Handling Unit","","","","","","","ENTITY","48469"
"hu9893","Handling Unit","","","","","","","ENTITY","48470"
"hu9898","Handling Unit","","","","","","","ENTITY","48471"
"hu9889","Handling Unit","","","","","","","ENTITY","48472"
"hu9882","Handling Unit","","","","","","","ENTITY","48473"
"hu9890","Handling Unit","","","","","","","ENTITY","48474"
"hu9896","Handling Unit","","","","","","","ENTITY","48475"
"hu9901","Handling Unit","","","","","","","ENTITY","48476"
"hu9886","Handling Unit","","","","","","","ENTITY","48477"
"hu9897","Handling Unit","","","","","","","ENTITY","48478"
"hu9895","Handling Unit","","","","","","","ENTITY","48479"
"hu9904","Handling Unit","","","","","","","ENTITY","48480"
"hu9910","Handling Unit","","","","","","","ENTITY","48481"
"hu9915","Handling Unit","","","","","","","ENTITY","48482"
"hu9883","Handling Unit","","","","","","","ENTITY","48483"
"hu9909","Handling Unit","","","","","","","ENTITY","48484"
"hu9905","Handling Unit","","","","","","","ENTITY","48485"
"hu9912","Handling Unit","","","","","","","ENTITY","48486"
"hu9894","Handling Unit","","","","","","","ENTITY","48487"
"hu9914","Handling Unit","","","","","","","ENTITY","48488"
"hu9913","Handling Unit","","","","","","","ENTITY","48489"
"hu9906","Handling Unit","","","","","","","ENTITY","48490"
"hu9902","Handling Unit","","","","","","","ENTITY","48491"
"hu9887","Handling Unit","","","","","","","ENTITY","48492"
"hu9916","Handling Unit","","","","","","","ENTITY","48493"
"hu9900","Handling Unit","","","","","","","ENTITY","48494"
"hu9903","Handling Unit","","","","","","","ENTITY","48495"
"hu9919","Handling Unit","","","","","","","ENTITY","48496"
"hu9907","Handling Unit","","","","","","","ENTITY","48497"
"hu9888","Handling Unit","","","","","","","ENTITY","48498"
"hu9918","Handling Unit","","","","","","","ENTITY","48499"
"hu9911","Handling Unit","","","","","","","ENTITY","48500"
"hu9917","Handling Unit","","","","","","","ENTITY","48501"
"hu9923","Handling Unit","","","","","","","ENTITY","48502"
"hu9920","Handling Unit","","","","","","","ENTITY","48503"
"hu9922","Handling Unit","","","","","","","ENTITY","48504"
"hu9921","Handling Unit","","","","","","","ENTITY","48505"
"hu9899","Handling Unit","","","","","","","ENTITY","48506"
"hu9908","Handling Unit","","","","","","","ENTITY","48507"
"hu9892","Handling Unit","","","","","","","ENTITY","48508"
"hu9929","Handling Unit","","","","","","","ENTITY","48509"
"hu9924","Handling Unit","","","","","","","ENTITY","48510"
"hu9932","Handling Unit","","","","","","","ENTITY","48511"
"hu9933","Handling Unit","","","","","","","ENTITY","48512"
"hu9926","Handling Unit","","","","","","","ENTITY","48513"
"hu9930","Handling Unit","","","","","","","ENTITY","48514"
"hu9931","Handling Unit","","","","","","","ENTITY","48515"
"hu9935","Handling Unit","","","","","","","ENTITY","48516"
"hu9927","Handling Unit","","","","","","","ENTITY","48517"
"hu9928","Handling Unit","","","","","","","ENTITY","48518"
"hu9934","Handling Unit","","","","","","","ENTITY","48519"
"hu9944","Handling Unit","","","","","","","ENTITY","48520"
"hu9937","Handling Unit","","","","","","","ENTITY","48521"
"hu9946","Handling Unit","","","","","","","ENTITY","48522"
"hu9943","Handling Unit","","","","","","","ENTITY","48523"
"hu9938","Handling Unit","","","","","","","ENTITY","48524"
"hu9945","Handling Unit","","","","","","","ENTITY","48525"
"hu9925","Handling Unit","","","","","","","ENTITY","48526"
"hu9939","Handling Unit","","","","","","","ENTITY","48527"
"hu9941","Handling Unit","","","","","","","ENTITY","48528"
"hu9940","Handling Unit","","","","","","","ENTITY","48529"
"hu9947","Handling Unit","","","","","","","ENTITY","48530"
"hu9942","Handling Unit","","","","","","","ENTITY","48531"
"hu9936","Handling Unit","","","","","","","ENTITY","48532"
"hu9950","Handling Unit","","","","","","","ENTITY","48533"
"hu9949","Handling Unit","","","","","","","ENTITY","48534"
"hu9955","Handling Unit","","","","","","","ENTITY","48535"
"hu9961","Handling Unit","","","","","","","ENTITY","48536"
"hu9969","Handling Unit","","","","","","","ENTITY","48537"
"hu9954","Handling Unit","","","","","","","ENTITY","48538"
"hu9959","Handling Unit","","","","","","","ENTITY","48539"
"hu9964","Handling Unit","","","","","","","ENTITY","48540"
"hu9965","Handling Unit","","","","","","","ENTITY","48541"
"hu9957","Handling Unit","","","","","","","ENTITY","48542"
"hu9948","Handling Unit","","","","","","","ENTITY","48543"
"hu9968","Handling Unit","","","","","","","ENTITY","48544"
"hu9966","Handling Unit","","","","","","","ENTITY","48545"
"hu9953","Handling Unit","","","","","","","ENTITY","48546"
"hu9970","Handling Unit","","","","","","","ENTITY","48547"
"hu9963","Handling Unit","","","","","","","ENTITY","48548"
"hu9958","Handling Unit","","","","","","","ENTITY","48549"
"hu9956","Handling Unit","","","","","","","ENTITY","48550"
"hu9952","Handling Unit","","","","","","","ENTITY","48551"
"hu9960","Handling Unit","","","","","","","ENTITY","48552"
"hu9951","Handling Unit","","","","","","","ENTITY","48553"
"hu9962","Handling Unit","","","","","","","ENTITY","48554"
"hu9971","Handling Unit","","","","","","","ENTITY","48555"
"hu9974","Handling Unit","","","","","","","ENTITY","48556"
"hu9973","Handling Unit","","","","","","","ENTITY","48557"
"hu9967","Handling Unit","","","","","","","ENTITY","48558"
"hu9975","Handling Unit","","","","","","","ENTITY","48559"
"hu9976","Handling Unit","","","","","","","ENTITY","48560"
"hu9978","Handling Unit","","","","","","","ENTITY","48561"
"hu9972","Handling Unit","","","","","","","ENTITY","48562"
"hu9977","Handling Unit","","","","","","","ENTITY","48563"
"hu9993","Handling Unit","","","","","","","ENTITY","48564"
"hu9980","Handling Unit","","","","","","","ENTITY","48565"
"hu9985","Handling Unit","","","","","","","ENTITY","48566"
"hu9995","Handling Unit","","","","","","","ENTITY","48567"
"hu9982","Handling Unit","","","","","","","ENTITY","48568"
"hu9984","Handling Unit","","","","","","","ENTITY","48569"
"hu9986","Handling Unit","","","","","","","ENTITY","48570"
"hu10000","Handling Unit","","","","","","","ENTITY","48571"
"hu9979","Handling Unit","","","","","","","ENTITY","48572"
"hu9999","Handling Unit","","","","","","","ENTITY","48573"
"hu10007","Handling Unit","","","","","","","ENTITY","48574"
"hu9991","Handling Unit","","","","","","","ENTITY","48575"
"hu9992","Handling Unit","","","","","","","ENTITY","48576"
"hu10005","Handling Unit","","","","","","","ENTITY","48577"
"hu10001","Handling Unit","","","","","","","ENTITY","48578"
"hu9988","Handling Unit","","","","","","","ENTITY","48579"
"hu10006","Handling Unit","","","","","","","ENTITY","48580"
"hu9996","Handling Unit","","","","","","","ENTITY","48581"
"hu9998","Handling Unit","","","","","","","ENTITY","48582"
"hu9981","Handling Unit","","","","","","","ENTITY","48583"
"hu10009","Handling Unit","","","","","","","ENTITY","48584"
"hu9990","Handling Unit","","","","","","","ENTITY","48585"
"hu10010","Handling Unit","","","","","","","ENTITY","48586"
"hu10004","Handling Unit","","","","","","","ENTITY","48587"
"hu9989","Handling Unit","","","","","","","ENTITY","48588"
"hu10002","Handling Unit","","","","","","","ENTITY","48589"
"hu10003","Handling Unit","","","","","","","ENTITY","48590"
"hu9994","Handling Unit","","","","","","","ENTITY","48591"
"hu9983","Handling Unit","","","","","","","ENTITY","48592"
"hu10012","Handling Unit","","","","","","","ENTITY","48593"
"hu10011","Handling Unit","","","","","","","ENTITY","48594"
"hu9987","Handling Unit","","","","","","","ENTITY","48595"
"hu10015","Handling Unit","","","","","","","ENTITY","48596"
"hu10014","Handling Unit","","","","","","","ENTITY","48597"
"hu10008","Handling Unit","","","","","","","ENTITY","48598"
"hu10016","Handling Unit","","","","","","","ENTITY","48599"
"hu9997","Handling Unit","","","","","","","ENTITY","48600"
"hu10013","Handling Unit","","","","","","","ENTITY","48601"
"hu10021","Handling Unit","","","","","","","ENTITY","48602"
"hu10020","Handling Unit","","","","","","","ENTITY","48603"
"hu10018","Handling Unit","","","","","","","ENTITY","48604"
"hu10017","Handling Unit","","","","","","","ENTITY","48605"
"hu10023","Handling Unit","","","","","","","ENTITY","48606"
"hu10022","Handling Unit","","","","","","","ENTITY","48607"
"hu10029","Handling Unit","","","","","","","ENTITY","48608"
"hu10027","Handling Unit","","","","","","","ENTITY","48609"
"hu10025","Handling Unit","","","","","","","ENTITY","48610"
"hu10041","Handling Unit","","","","","","","ENTITY","48611"
"hu10036","Handling Unit","","","","","","","ENTITY","48612"
"hu10031","Handling Unit","","","","","","","ENTITY","48613"
"hu10049","Handling Unit","","","","","","","ENTITY","48614"
"hu10035","Handling Unit","","","","","","","ENTITY","48615"
"hu10047","Handling Unit","","","","","","","ENTITY","48616"
"hu10050","Handling Unit","","","","","","","ENTITY","48617"
"hu10030","Handling Unit","","","","","","","ENTITY","48618"
"hu10038","Handling Unit","","","","","","","ENTITY","48619"
"hu10042","Handling Unit","","","","","","","ENTITY","48620"
"hu10019","Handling Unit","","","","","","","ENTITY","48621"
"hu10032","Handling Unit","","","","","","","ENTITY","48622"
"hu10044","Handling Unit","","","","","","","ENTITY","48623"
"hu10024","Handling Unit","","","","","","","ENTITY","48624"
"hu10046","Handling Unit","","","","","","","ENTITY","48625"
"hu10043","Handling Unit","","","","","","","ENTITY","48626"
"hu10034","Handling Unit","","","","","","","ENTITY","48627"
"hu10026","Handling Unit","","","","","","","ENTITY","48628"
"hu10028","Handling Unit","","","","","","","ENTITY","48629"
"hu10048","Handling Unit","","","","","","","ENTITY","48630"
"hu10053","Handling Unit","","","","","","","ENTITY","48631"
"hu10039","Handling Unit","","","","","","","ENTITY","48632"
"hu10045","Handling Unit","","","","","","","ENTITY","48633"
"hu10040","Handling Unit","","","","","","","ENTITY","48634"
"hu10056","Handling Unit","","","","","","","ENTITY","48635"
"hu10037","Handling Unit","","","","","","","ENTITY","48636"
"hu10058","Handling Unit","","","","","","","ENTITY","48637"
"hu10055","Handling Unit","","","","","","","ENTITY","48638"
"hu10051","Handling Unit","","","","","","","ENTITY","48639"
"hu10057","Handling Unit","","","","","","","ENTITY","48640"
"hu10063","Handling Unit","","","","","","","ENTITY","48641"
"hu10052","Handling Unit","","","","","","","ENTITY","48642"
"hu10060","Handling Unit","","","","","","","ENTITY","48643"
"hu10071","Handling Unit","","","","","","","ENTITY","48644"
"hu10073","Handling Unit","","","","","","","ENTITY","48645"
"hu10066","Handling Unit","","","","","","","ENTITY","48646"
"hu10074","Handling Unit","","","","","","","ENTITY","48647"
"hu10068","Handling Unit","","","","","","","ENTITY","48648"
"hu10067","Handling Unit","","","","","","","ENTITY","48649"
"hu10072","Handling Unit","","","","","","","ENTITY","48650"
"hu10065","Handling Unit","","","","","","","ENTITY","48651"
"hu10033","Handling Unit","","","","","","","ENTITY","48652"
"hu10054","Handling Unit","","","","","","","ENTITY","48653"
"hu10062","Handling Unit","","","","","","","ENTITY","48654"
"hu10061","Handling Unit","","","","","","","ENTITY","48655"
"hu10059","Handling Unit","","","","","","","ENTITY","48656"
"hu10064","Handling Unit","","","","","","","ENTITY","48657"
"hu10069","Handling Unit","","","","","","","ENTITY","48658"
"hu10070","Handling Unit","","","","","","","ENTITY","48659"
"hu10076","Handling Unit","","","","","","","ENTITY","48660"
"hu10078","Handling Unit","","","","","","","ENTITY","48661"
"hu10075","Handling Unit","","","","","","","ENTITY","48662"
"hu10077","Handling Unit","","","","","","","ENTITY","48663"
"hu10079","Handling Unit","","","","","","","ENTITY","48664"
"hu10080","Handling Unit","","","","","","","ENTITY","48665"
"hu10085","Handling Unit","","","","","","","ENTITY","48666"
"hu10086","Handling Unit","","","","","","","ENTITY","48667"
"hu10081","Handling Unit","","","","","","","ENTITY","48668"
"hu10083","Handling Unit","","","","","","","ENTITY","48669"
"hu10082","Handling Unit","","","","","","","ENTITY","48670"
"hu10084","Handling Unit","","","","","","","ENTITY","48671"
"hu10088","Handling Unit","","","","","","","ENTITY","48672"
"hu10091","Handling Unit","","","","","","","ENTITY","48673"
"hu10089","Handling Unit","","","","","","","ENTITY","48674"
"hu10087","Handling Unit","","","","","","","ENTITY","48675"
"hu10092","Handling Unit","","","","","","","ENTITY","48676"
"hu10090","Handling Unit","","","","","","","ENTITY","48677"
"hu10095","Handling Unit","","","","","","","ENTITY","48678"
"hu10098","Handling Unit","","","","","","","ENTITY","48679"
"hu10097","Handling Unit","","","","","","","ENTITY","48680"
"hu10093","Handling Unit","","","","","","","ENTITY","48681"
"hu10094","Handling Unit","","","","","","","ENTITY","48682"
"hu10096","Handling Unit","","","","","","","ENTITY","48683"
"hu10099","Handling Unit","","","","","","","ENTITY","48684"
"hu10101","Handling Unit","","","","","","","ENTITY","48685"
"hu10100","Handling Unit","","","","","","","ENTITY","48686"
"hu10102","Handling Unit","","","","","","","ENTITY","48687"
"hu10103","Handling Unit","","","","","","","ENTITY","48688"
"hu10109","Handling Unit","","","","","","","ENTITY","48689"
"hu10108","Handling Unit","","","","","","","ENTITY","48690"
"hu10104","Handling Unit","","","","","","","ENTITY","48691"
"hu10106","Handling Unit","","","","","","","ENTITY","48692"
"hu10115","Handling Unit","","","","","","","ENTITY","48693"
"hu10113","Handling Unit","","","","","","","ENTITY","48694"
"hu10112","Handling Unit","","","","","","","ENTITY","48695"
"hu10114","Handling Unit","","","","","","","ENTITY","48696"
"hu10107","Handling Unit","","","","","","","ENTITY","48697"
"hu10111","Handling Unit","","","","","","","ENTITY","48698"
"hu10105","Handling Unit","","","","","","","ENTITY","48699"
"hu10110","Handling Unit","","","","","","","ENTITY","48700"
"hu10118","Handling Unit","","","","","","","ENTITY","48701"
"hu10120","Handling Unit","","","","","","","ENTITY","48702"
"hu10119","Handling Unit","","","","","","","ENTITY","48703"
"hu10132","Handling Unit","","","","","","","ENTITY","48704"
"hu10127","Handling Unit","","","","","","","ENTITY","48705"
"hu10121","Handling Unit","","","","","","","ENTITY","48706"
"hu10131","Handling Unit","","","","","","","ENTITY","48707"
"hu10136","Handling Unit","","","","","","","ENTITY","48708"
"hu10123","Handling Unit","","","","","","","ENTITY","48709"
"hu10122","Handling Unit","","","","","","","ENTITY","48710"
"hu10116","Handling Unit","","","","","","","ENTITY","48711"
"hu10129","Handling Unit","","","","","","","ENTITY","48712"
"hu10137","Handling Unit","","","","","","","ENTITY","48713"
"hu10117","Handling Unit","","","","","","","ENTITY","48714"
"hu10128","Handling Unit","","","","","","","ENTITY","48715"
"hu10143","Handling Unit","","","","","","","ENTITY","48716"
"hu10134","Handling Unit","","","","","","","ENTITY","48717"
"hu10139","Handling Unit","","","","","","","ENTITY","48718"
"hu10124","Handling Unit","","","","","","","ENTITY","48719"
"hu10140","Handling Unit","","","","","","","ENTITY","48720"
"hu10142","Handling Unit","","","","","","","ENTITY","48721"
"hu10130","Handling Unit","","","","","","","ENTITY","48722"
"hu10151","Handling Unit","","","","","","","ENTITY","48723"
"hu10149","Handling Unit","","","","","","","ENTITY","48724"
"hu10138","Handling Unit","","","","","","","ENTITY","48725"
"hu10153","Handling Unit","","","","","","","ENTITY","48726"
"hu10152","Handling Unit","","","","","","","ENTITY","48727"
"hu10133","Handling Unit","","","","","","","ENTITY","48728"
"hu10159","Handling Unit","","","","","","","ENTITY","48729"
"hu10148","Handling Unit","","","","","","","ENTITY","48730"
"hu10135","Handling Unit","","","","","","","ENTITY","48731"
"hu10160","Handling Unit","","","","","","","ENTITY","48732"
"hu10125","Handling Unit","","","","","","","ENTITY","48733"
"hu10144","Handling Unit","","","","","","","ENTITY","48734"
"hu10154","Handling Unit","","","","","","","ENTITY","48735"
"hu10158","Handling Unit","","","","","","","ENTITY","48736"
"hu10156","Handling Unit","","","","","","","ENTITY","48737"
"hu10141","Handling Unit","","","","","","","ENTITY","48738"
"hu10146","Handling Unit","","","","","","","ENTITY","48739"
"hu10145","Handling Unit","","","","","","","ENTITY","48740"
"hu10126","Handling Unit","","","","","","","ENTITY","48741"
"hu10157","Handling Unit","","","","","","","ENTITY","48742"
"hu10150","Handling Unit","","","","","","","ENTITY","48743"
"hu10162","Handling Unit","","","","","","","ENTITY","48744"
"hu10163","Handling Unit","","","","","","","ENTITY","48745"
"hu10155","Handling Unit","","","","","","","ENTITY","48746"
"hu10168","Handling Unit","","","","","","","ENTITY","48747"
"hu10166","Handling Unit","","","","","","","ENTITY","48748"
"hu10171","Handling Unit","","","","","","","ENTITY","48749"
"hu10161","Handling Unit","","","","","","","ENTITY","48750"
"hu10164","Handling Unit","","","","","","","ENTITY","48751"
"hu10174","Handling Unit","","","","","","","ENTITY","48752"
"hu10167","Handling Unit","","","","","","","ENTITY","48753"
"hu10173","Handling Unit","","","","","","","ENTITY","48754"
"hu10175","Handling Unit","","","","","","","ENTITY","48755"
"hu10172","Handling Unit","","","","","","","ENTITY","48756"
"hu10165","Handling Unit","","","","","","","ENTITY","48757"
"hu10176","Handling Unit","","","","","","","ENTITY","48758"
"hu10170","Handling Unit","","","","","","","ENTITY","48759"
"hu10177","Handling Unit","","","","","","","ENTITY","48760"
"hu10178","Handling Unit","","","","","","","ENTITY","48761"
"hu10169","Handling Unit","","","","","","","ENTITY","48762"
"hu10147","Handling Unit","","","","","","","ENTITY","48763"
"hu10179","Handling Unit","","","","","","","ENTITY","48764"
"hu10180","Handling Unit","","","","","","","ENTITY","48765"
"hu10182","Handling Unit","","","","","","","ENTITY","48766"
"hu10181","Handling Unit","","","","","","","ENTITY","48767"
"hu10185","Handling Unit","","","","","","","ENTITY","48768"
"hu10183","Handling Unit","","","","","","","ENTITY","48769"
"hu10184","Handling Unit","","","","","","","ENTITY","48770"
"hu10191","Handling Unit","","","","","","","ENTITY","48771"
"hu10189","Handling Unit","","","","","","","ENTITY","48772"
"hu10188","Handling Unit","","","","","","","ENTITY","48773"
"hu10186","Handling Unit","","","","","","","ENTITY","48774"
"hu10190","Handling Unit","","","","","","","ENTITY","48775"
"hu10187","Handling Unit","","","","","","","ENTITY","48776"
"hu10208","Handling Unit","","","","","","","ENTITY","48777"
"hu10206","Handling Unit","","","","","","","ENTITY","48778"
"hu10199","Handling Unit","","","","","","","ENTITY","48779"
"hu10207","Handling Unit","","","","","","","ENTITY","48780"
"hu10197","Handling Unit","","","","","","","ENTITY","48781"
"hu10196","Handling Unit","","","","","","","ENTITY","48782"
"hu10200","Handling Unit","","","","","","","ENTITY","48783"
"hu10203","Handling Unit","","","","","","","ENTITY","48784"
"hu10209","Handling Unit","","","","","","","ENTITY","48785"
"hu10194","Handling Unit","","","","","","","ENTITY","48786"
"hu10193","Handling Unit","","","","","","","ENTITY","48787"
"hu10201","Handling Unit","","","","","","","ENTITY","48788"
"hu10198","Handling Unit","","","","","","","ENTITY","48789"
"hu10204","Handling Unit","","","","","","","ENTITY","48790"
"hu10205","Handling Unit","","","","","","","ENTITY","48791"
"hu10192","Handling Unit","","","","","","","ENTITY","48792"
"hu10202","Handling Unit","","","","","","","ENTITY","48793"
"hu10195","Handling Unit","","","","","","","ENTITY","48794"
"hu10212","Handling Unit","","","","","","","ENTITY","48795"
"hu10215","Handling Unit","","","","","","","ENTITY","48796"
"hu10213","Handling Unit","","","","","","","ENTITY","48797"
"hu10211","Handling Unit","","","","","","","ENTITY","48798"
"hu10210","Handling Unit","","","","","","","ENTITY","48799"
"hu10214","Handling Unit","","","","","","","ENTITY","48800"
"hu10220","Handling Unit","","","","","","","ENTITY","48801"
"hu10229","Handling Unit","","","","","","","ENTITY","48802"
"hu10224","Handling Unit","","","","","","","ENTITY","48803"
"hu10216","Handling Unit","","","","","","","ENTITY","48804"
"hu10231","Handling Unit","","","","","","","ENTITY","48805"
"hu10235","Handling Unit","","","","","","","ENTITY","48806"
"hu10219","Handling Unit","","","","","","","ENTITY","48807"
"hu10225","Handling Unit","","","","","","","ENTITY","48808"
"hu10238","Handling Unit","","","","","","","ENTITY","48809"
"hu10226","Handling Unit","","","","","","","ENTITY","48810"
"hu10222","Handling Unit","","","","","","","ENTITY","48811"
"hu10227","Handling Unit","","","","","","","ENTITY","48812"
"hu10230","Handling Unit","","","","","","","ENTITY","48813"
"hu10218","Handling Unit","","","","","","","ENTITY","48814"
"hu10217","Handling Unit","","","","","","","ENTITY","48815"
"hu10232","Handling Unit","","","","","","","ENTITY","48816"
"hu10237","Handling Unit","","","","","","","ENTITY","48817"
"hu10233","Handling Unit","","","","","","","ENTITY","48818"
"hu10234","Handling Unit","","","","","","","ENTITY","48819"
"hu10236","Handling Unit","","","","","","","ENTITY","48820"
"hu10223","Handling Unit","","","","","","","ENTITY","48821"
"hu10221","Handling Unit","","","","","","","ENTITY","48822"
"hu10228","Handling Unit","","","","","","","ENTITY","48823"
"hu10244","Handling Unit","","","","","","","ENTITY","48824"
"hu10241","Handling Unit","","","","","","","ENTITY","48825"
"hu10243","Handling Unit","","","","","","","ENTITY","48826"
"hu10239","Handling Unit","","","","","","","ENTITY","48827"
"hu10240","Handling Unit","","","","","","","ENTITY","48828"
"hu10242","Handling Unit","","","","","","","ENTITY","48829"
"hu10245","Handling Unit","","","","","","","ENTITY","48830"
"hu10262","Handling Unit","","","","","","","ENTITY","48831"
"hu10249","Handling Unit","","","","","","","ENTITY","48832"
"hu10248","Handling Unit","","","","","","","ENTITY","48833"
"hu10254","Handling Unit","","","","","","","ENTITY","48834"
"hu10263","Handling Unit","","","","","","","ENTITY","48835"
"hu10257","Handling Unit","","","","","","","ENTITY","48836"
"hu10260","Handling Unit","","","","","","","ENTITY","48837"
"hu10258","Handling Unit","","","","","","","ENTITY","48838"
"hu10253","Handling Unit","","","","","","","ENTITY","48839"
"hu10251","Handling Unit","","","","","","","ENTITY","48840"
"hu10252","Handling Unit","","","","","","","ENTITY","48841"
"hu10264","Handling Unit","","","","","","","ENTITY","48842"
"hu10269","Handling Unit","","","","","","","ENTITY","48843"
"hu10265","Handling Unit","","","","","","","ENTITY","48844"
"hu10259","Handling Unit","","","","","","","ENTITY","48845"
"hu10270","Handling Unit","","","","","","","ENTITY","48846"
"hu10261","Handling Unit","","","","","","","ENTITY","48847"
"hu10277","Handling Unit","","","","","","","ENTITY","48848"
"hu10246","Handling Unit","","","","","","","ENTITY","48849"
"hu10256","Handling Unit","","","","","","","ENTITY","48850"
"hu10273","Handling Unit","","","","","","","ENTITY","48851"
"hu10247","Handling Unit","","","","","","","ENTITY","48852"
"hu10255","Handling Unit","","","","","","","ENTITY","48853"
"hu10266","Handling Unit","","","","","","","ENTITY","48854"
"hu10268","Handling Unit","","","","","","","ENTITY","48855"
"hu10250","Handling Unit","","","","","","","ENTITY","48856"
"hu10278","Handling Unit","","","","","","","ENTITY","48857"
"hu10271","Handling Unit","","","","","","","ENTITY","48858"
"hu10275","Handling Unit","","","","","","","ENTITY","48859"
"hu10267","Handling Unit","","","","","","","ENTITY","48860"
"hu10272","Handling Unit","","","","","","","ENTITY","48861"
"hu10274","Handling Unit","","","","","","","ENTITY","48862"
"hu10276","Handling Unit","","","","","","","ENTITY","48863"
"hu10283","Handling Unit","","","","","","","ENTITY","48864"
"hu10290","Handling Unit","","","","","","","ENTITY","48865"
"hu10298","Handling Unit","","","","","","","ENTITY","48866"
"hu10280","Handling Unit","","","","","","","ENTITY","48867"
"hu10279","Handling Unit","","","","","","","ENTITY","48868"
"hu10292","Handling Unit","","","","","","","ENTITY","48869"
"hu10287","Handling Unit","","","","","","","ENTITY","48870"
"hu10284","Handling Unit","","","","","","","ENTITY","48871"
"hu10295","Handling Unit","","","","","","","ENTITY","48872"
"hu10304","Handling Unit","","","","","","","ENTITY","48873"
"hu10285","Handling Unit","","","","","","","ENTITY","48874"
"hu10289","Handling Unit","","","","","","","ENTITY","48875"
"hu10294","Handling Unit","","","","","","","ENTITY","48876"
"hu10306","Handling Unit","","","","","","","ENTITY","48877"
"hu10300","Handling Unit","","","","","","","ENTITY","48878"
"hu10299","Handling Unit","","","","","","","ENTITY","48879"
"hu10293","Handling Unit","","","","","","","ENTITY","48880"
"hu10291","Handling Unit","","","","","","","ENTITY","48881"
"hu10282","Handling Unit","","","","","","","ENTITY","48882"
"hu10286","Handling Unit","","","","","","","ENTITY","48883"
"hu10303","Handling Unit","","","","","","","ENTITY","48884"
"hu10302","Handling Unit","","","","","","","ENTITY","48885"
"hu10310","Handling Unit","","","","","","","ENTITY","48886"
"hu10301","Handling Unit","","","","","","","ENTITY","48887"
"hu10288","Handling Unit","","","","","","","ENTITY","48888"
"hu10312","Handling Unit","","","","","","","ENTITY","48889"
"hu10309","Handling Unit","","","","","","","ENTITY","48890"
"hu10296","Handling Unit","","","","","","","ENTITY","48891"
"hu10307","Handling Unit","","","","","","","ENTITY","48892"
"hu10281","Handling Unit","","","","","","","ENTITY","48893"
"hu10297","Handling Unit","","","","","","","ENTITY","48894"
"hu10305","Handling Unit","","","","","","","ENTITY","48895"
"hu10311","Handling Unit","","","","","","","ENTITY","48896"
"hu10308","Handling Unit","","","","","","","ENTITY","48897"
"hu10315","Handling Unit","","","","","","","ENTITY","48898"
"hu10321","Handling Unit","","","","","","","ENTITY","48899"
"hu10316","Handling Unit","","","","","","","ENTITY","48900"
"hu10313","Handling Unit","","","","","","","ENTITY","48901"
"hu10319","Handling Unit","","","","","","","ENTITY","48902"
"hu10328","Handling Unit","","","","","","","ENTITY","48903"
"hu10334","Handling Unit","","","","","","","ENTITY","48904"
"hu10317","Handling Unit","","","","","","","ENTITY","48905"
"hu10336","Handling Unit","","","","","","","ENTITY","48906"
"hu10333","Handling Unit","","","","","","","ENTITY","48907"
"hu10337","Handling Unit","","","","","","","ENTITY","48908"
"hu10318","Handling Unit","","","","","","","ENTITY","48909"
"hu10329","Handling Unit","","","","","","","ENTITY","48910"
"hu10332","Handling Unit","","","","","","","ENTITY","48911"
"hu10326","Handling Unit","","","","","","","ENTITY","48912"
"hu10320","Handling Unit","","","","","","","ENTITY","48913"
"hu10335","Handling Unit","","","","","","","ENTITY","48914"
"hu10323","Handling Unit","","","","","","","ENTITY","48915"
"hu10325","Handling Unit","","","","","","","ENTITY","48916"
"hu10330","Handling Unit","","","","","","","ENTITY","48917"
"hu10314","Handling Unit","","","","","","","ENTITY","48918"
"hu10331","Handling Unit","","","","","","","ENTITY","48919"
"hu10322","Handling Unit","","","","","","","ENTITY","48920"
"hu10327","Handling Unit","","","","","","","ENTITY","48921"
"hu10341","Handling Unit","","","","","","","ENTITY","48922"
"hu10324","Handling Unit","","","","","","","ENTITY","48923"
"hu10339","Handling Unit","","","","","","","ENTITY","48924"
"hu10338","Handling Unit","","","","","","","ENTITY","48925"
"hu10344","Handling Unit","","","","","","","ENTITY","48926"
"hu10343","Handling Unit","","","","","","","ENTITY","48927"
"hu10340","Handling Unit","","","","","","","ENTITY","48928"
"hu10345","Handling Unit","","","","","","","ENTITY","48929"
"hu10342","Handling Unit","","","","","","","ENTITY","48930"
"hu10347","Handling Unit","","","","","","","ENTITY","48931"
"hu10348","Handling Unit","","","","","","","ENTITY","48932"
"hu10351","Handling Unit","","","","","","","ENTITY","48933"
"hu10358","Handling Unit","","","","","","","ENTITY","48934"
"hu10359","Handling Unit","","","","","","","ENTITY","48935"
"hu10357","Handling Unit","","","","","","","ENTITY","48936"
"hu10352","Handling Unit","","","","","","","ENTITY","48937"
"hu10355","Handling Unit","","","","","","","ENTITY","48938"
"hu10353","Handling Unit","","","","","","","ENTITY","48939"
"hu10354","Handling Unit","","","","","","","ENTITY","48940"
"hu10349","Handling Unit","","","","","","","ENTITY","48941"
"hu10360","Handling Unit","","","","","","","ENTITY","48942"
"hu10346","Handling Unit","","","","","","","ENTITY","48943"
"hu10350","Handling Unit","","","","","","","ENTITY","48944"
"hu10361","Handling Unit","","","","","","","ENTITY","48945"
"hu10356","Handling Unit","","","","","","","ENTITY","48946"
"hu10365","Handling Unit","","","","","","","ENTITY","48947"
"hu10362","Handling Unit","","","","","","","ENTITY","48948"
"hu10377","Handling Unit","","","","","","","ENTITY","48949"
"hu10366","Handling Unit","","","","","","","ENTITY","48950"
"hu10376","Handling Unit","","","","","","","ENTITY","48951"
"hu10382","Handling Unit","","","","","","","ENTITY","48952"
"hu10371","Handling Unit","","","","","","","ENTITY","48953"
"hu10372","Handling Unit","","","","","","","ENTITY","48954"
"hu10381","Handling Unit","","","","","","","ENTITY","48955"
"hu10374","Handling Unit","","","","","","","ENTITY","48956"
"hu10370","Handling Unit","","","","","","","ENTITY","48957"
"hu10383","Handling Unit","","","","","","","ENTITY","48958"
"hu10380","Handling Unit","","","","","","","ENTITY","48959"
"hu10368","Handling Unit","","","","","","","ENTITY","48960"
"hu10378","Handling Unit","","","","","","","ENTITY","48961"
"hu10367","Handling Unit","","","","","","","ENTITY","48962"
"hu10385","Handling Unit","","","","","","","ENTITY","48963"
"hu10391","Handling Unit","","","","","","","ENTITY","48964"
"hu10389","Handling Unit","","","","","","","ENTITY","48965"
"hu10369","Handling Unit","","","","","","","ENTITY","48966"
"hu10363","Handling Unit","","","","","","","ENTITY","48967"
"hu10364","Handling Unit","","","","","","","ENTITY","48968"
"hu10393","Handling Unit","","","","","","","ENTITY","48969"
"hu10375","Handling Unit","","","","","","","ENTITY","48970"
"hu10388","Handling Unit","","","","","","","ENTITY","48971"
"hu10392","Handling Unit","","","","","","","ENTITY","48972"
"hu10373","Handling Unit","","","","","","","ENTITY","48973"
"hu10386","Handling Unit","","","","","","","ENTITY","48974"
"hu10384","Handling Unit","","","","","","","ENTITY","48975"
"hu10387","Handling Unit","","","","","","","ENTITY","48976"
"hu10390","Handling Unit","","","","","","","ENTITY","48977"
"hu10395","Handling Unit","","","","","","","ENTITY","48978"
"hu10396","Handling Unit","","","","","","","ENTITY","48979"
"hu10399","Handling Unit","","","","","","","ENTITY","48980"
"hu10379","Handling Unit","","","","","","","ENTITY","48981"
"hu10398","Handling Unit","","","","","","","ENTITY","48982"
"hu10397","Handling Unit","","","","","","","ENTITY","48983"
"hu10394","Handling Unit","","","","","","","ENTITY","48984"
"hu10403","Handling Unit","","","","","","","ENTITY","48985"
"hu10405","Handling Unit","","","","","","","ENTITY","48986"
"hu10402","Handling Unit","","","","","","","ENTITY","48987"
"hu10404","Handling Unit","","","","","","","ENTITY","48988"
"hu10400","Handling Unit","","","","","","","ENTITY","48989"
"hu10401","Handling Unit","","","","","","","ENTITY","48990"
"hu10406","Handling Unit","","","","","","","ENTITY","48991"
"hu10411","Handling Unit","","","","","","","ENTITY","48992"
"hu10407","Handling Unit","","","","","","","ENTITY","48993"
"hu10409","Handling Unit","","","","","","","ENTITY","48994"
"hu10410","Handling Unit","","","","","","","ENTITY","48995"
"hu10408","Handling Unit","","","","","","","ENTITY","48996"
"hu10413","Handling Unit","","","","","","","ENTITY","48997"
"hu10414","Handling Unit","","","","","","","ENTITY","48998"
"hu10412","Handling Unit","","","","","","","ENTITY","48999"
"hu10420","Handling Unit","","","","","","","ENTITY","49000"
"hu10415","Handling Unit","","","","","","","ENTITY","49001"
"hu10419","Handling Unit","","","","","","","ENTITY","49002"
"hu10418","Handling Unit","","","","","","","ENTITY","49003"
"hu10417","Handling Unit","","","","","","","ENTITY","49004"
"hu10430","Handling Unit","","","","","","","ENTITY","49005"
"hu10421","Handling Unit","","","","","","","ENTITY","49006"
"hu10428","Handling Unit","","","","","","","ENTITY","49007"
"hu10424","Handling Unit","","","","","","","ENTITY","49008"
"hu10422","Handling Unit","","","","","","","ENTITY","49009"
"hu10416","Handling Unit","","","","","","","ENTITY","49010"
"hu10432","Handling Unit","","","","","","","ENTITY","49011"
"hu10427","Handling Unit","","","","","","","ENTITY","49012"
"hu10429","Handling Unit","","","","","","","ENTITY","49013"
"hu10434","Handling Unit","","","","","","","ENTITY","49014"
"hu10425","Handling Unit","","","","","","","ENTITY","49015"
"hu10431","Handling Unit","","","","","","","ENTITY","49016"
"hu10433","Handling Unit","","","","","","","ENTITY","49017"
"hu10437","Handling Unit","","","","","","","ENTITY","49018"
"hu10426","Handling Unit","","","","","","","ENTITY","49019"
"hu10451","Handling Unit","","","","","","","ENTITY","49020"
"hu10441","Handling Unit","","","","","","","ENTITY","49021"
"hu10438","Handling Unit","","","","","","","ENTITY","49022"
"hu10447","Handling Unit","","","","","","","ENTITY","49023"
"hu10450","Handling Unit","","","","","","","ENTITY","49024"
"hu10448","Handling Unit","","","","","","","ENTITY","49025"
"hu10445","Handling Unit","","","","","","","ENTITY","49026"
"hu10443","Handling Unit","","","","","","","ENTITY","49027"
"hu10439","Handling Unit","","","","","","","ENTITY","49028"
"hu10440","Handling Unit","","","","","","","ENTITY","49029"
"hu10423","Handling Unit","","","","","","","ENTITY","49030"
"hu10444","Handling Unit","","","","","","","ENTITY","49031"
"hu10446","Handling Unit","","","","","","","ENTITY","49032"
"hu10436","Handling Unit","","","","","","","ENTITY","49033"
"hu10435","Handling Unit","","","","","","","ENTITY","49034"
"hu10449","Handling Unit","","","","","","","ENTITY","49035"
"hu10442","Handling Unit","","","","","","","ENTITY","49036"
"hu10456","Handling Unit","","","","","","","ENTITY","49037"
"hu10471","Handling Unit","","","","","","","ENTITY","49038"
"hu10452","Handling Unit","","","","","","","ENTITY","49039"
"hu10465","Handling Unit","","","","","","","ENTITY","49040"
"hu10485","Handling Unit","","","","","","","ENTITY","49041"
"hu10487","Handling Unit","","","","","","","ENTITY","49042"
"hu10470","Handling Unit","","","","","","","ENTITY","49043"
"hu10461","Handling Unit","","","","","","","ENTITY","49044"
"hu10469","Handling Unit","","","","","","","ENTITY","49045"
"hu10468","Handling Unit","","","","","","","ENTITY","49046"
"hu10463","Handling Unit","","","","","","","ENTITY","49047"
"hu10462","Handling Unit","","","","","","","ENTITY","49048"
"hu10459","Handling Unit","","","","","","","ENTITY","49049"
"hu10484","Handling Unit","","","","","","","ENTITY","49050"
"hu10478","Handling Unit","","","","","","","ENTITY","49051"
"hu10467","Handling Unit","","","","","","","ENTITY","49052"
"hu10479","Handling Unit","","","","","","","ENTITY","49053"
"hu10460","Handling Unit","","","","","","","ENTITY","49054"
"hu10464","Handling Unit","","","","","","","ENTITY","49055"
"hu10476","Handling Unit","","","","","","","ENTITY","49056"
"hu10453","Handling Unit","","","","","","","ENTITY","49057"
"hu10474","Handling Unit","","","","","","","ENTITY","49058"
"hu10475","Handling Unit","","","","","","","ENTITY","49059"
"hu10458","Handling Unit","","","","","","","ENTITY","49060"
"hu10473","Handling Unit","","","","","","","ENTITY","49061"
"hu10482","Handling Unit","","","","","","","ENTITY","49062"
"hu10477","Handling Unit","","","","","","","ENTITY","49063"
"hu10455","Handling Unit","","","","","","","ENTITY","49064"
"hu10486","Handling Unit","","","","","","","ENTITY","49065"
"hu10480","Handling Unit","","","","","","","ENTITY","49066"
"hu10472","Handling Unit","","","","","","","ENTITY","49067"
"hu10490","Handling Unit","","","","","","","ENTITY","49068"
"hu10489","Handling Unit","","","","","","","ENTITY","49069"
"hu10457","Handling Unit","","","","","","","ENTITY","49070"
"hu10481","Handling Unit","","","","","","","ENTITY","49071"
"hu10493","Handling Unit","","","","","","","ENTITY","49072"
"hu10488","Handling Unit","","","","","","","ENTITY","49073"
"hu10495","Handling Unit","","","","","","","ENTITY","49074"
"hu10492","Handling Unit","","","","","","","ENTITY","49075"
"hu10454","Handling Unit","","","","","","","ENTITY","49076"
"hu10496","Handling Unit","","","","","","","ENTITY","49077"
"hu10494","Handling Unit","","","","","","","ENTITY","49078"
"hu10502","Handling Unit","","","","","","","ENTITY","49079"
"hu10491","Handling Unit","","","","","","","ENTITY","49080"
"hu10466","Handling Unit","","","","","","","ENTITY","49081"
"hu10500","Handling Unit","","","","","","","ENTITY","49082"
"hu10497","Handling Unit","","","","","","","ENTITY","49083"
"hu10498","Handling Unit","","","","","","","ENTITY","49084"
"hu10513","Handling Unit","","","","","","","ENTITY","49085"
"hu10501","Handling Unit","","","","","","","ENTITY","49086"
"hu10505","Handling Unit","","","","","","","ENTITY","49087"
"hu10518","Handling Unit","","","","","","","ENTITY","49088"
"hu10519","Handling Unit","","","","","","","ENTITY","49089"
"hu10516","Handling Unit","","","","","","","ENTITY","49090"
"hu10520","Handling Unit","","","","","","","ENTITY","49091"
"hu10525","Handling Unit","","","","","","","ENTITY","49092"
"hu10510","Handling Unit","","","","","","","ENTITY","49093"
"hu10522","Handling Unit","","","","","","","ENTITY","49094"
"hu10523","Handling Unit","","","","","","","ENTITY","49095"
"hu10515","Handling Unit","","","","","","","ENTITY","49096"
"hu10511","Handling Unit","","","","","","","ENTITY","49097"
"hu10514","Handling Unit","","","","","","","ENTITY","49098"
"hu10504","Handling Unit","","","","","","","ENTITY","49099"
"hu10524","Handling Unit","","","","","","","ENTITY","49100"
"hu10483","Handling Unit","","","","","","","ENTITY","49101"
"hu10521","Handling Unit","","","","","","","ENTITY","49102"
"hu10508","Handling Unit","","","","","","","ENTITY","49103"
"hu10509","Handling Unit","","","","","","","ENTITY","49104"
"hu10503","Handling Unit","","","","","","","ENTITY","49105"
"hu10529","Handling Unit","","","","","","","ENTITY","49106"
"hu10517","Handling Unit","","","","","","","ENTITY","49107"
"hu10499","Handling Unit","","","","","","","ENTITY","49108"
"hu10528","Handling Unit","","","","","","","ENTITY","49109"
"hu10530","Handling Unit","","","","","","","ENTITY","49110"
"hu10527","Handling Unit","","","","","","","ENTITY","49111"
"hu10526","Handling Unit","","","","","","","ENTITY","49112"
"hu10512","Handling Unit","","","","","","","ENTITY","49113"
"hu10537","Handling Unit","","","","","","","ENTITY","49114"
"hu10538","Handling Unit","","","","","","","ENTITY","49115"
"hu10542","Handling Unit","","","","","","","ENTITY","49116"
"hu10548","Handling Unit","","","","","","","ENTITY","49117"
"hu10531","Handling Unit","","","","","","","ENTITY","49118"
"hu10506","Handling Unit","","","","","","","ENTITY","49119"
"hu10551","Handling Unit","","","","","","","ENTITY","49120"
"hu10535","Handling Unit","","","","","","","ENTITY","49121"
"hu10536","Handling Unit","","","","","","","ENTITY","49122"
"hu10546","Handling Unit","","","","","","","ENTITY","49123"
"hu10550","Handling Unit","","","","","","","ENTITY","49124"
"hu10545","Handling Unit","","","","","","","ENTITY","49125"
"hu10541","Handling Unit","","","","","","","ENTITY","49126"
"hu10534","Handling Unit","","","","","","","ENTITY","49127"
"hu10553","Handling Unit","","","","","","","ENTITY","49128"
"hu10554","Handling Unit","","","","","","","ENTITY","49129"
"hu10547","Handling Unit","","","","","","","ENTITY","49130"
"hu10543","Handling Unit","","","","","","","ENTITY","49131"
"hu10552","Handling Unit","","","","","","","ENTITY","49132"
"hu10507","Handling Unit","","","","","","","ENTITY","49133"
"hu10540","Handling Unit","","","","","","","ENTITY","49134"
"hu10532","Handling Unit","","","","","","","ENTITY","49135"
"hu10549","Handling Unit","","","","","","","ENTITY","49136"
"hu10557","Handling Unit","","","","","","","ENTITY","49137"
"hu10544","Handling Unit","","","","","","","ENTITY","49138"
"fl3","Forklift","","","","","","","ENTITY","49139"
"fl1","Forklift","","","","","","","ENTITY","49140"
"fl2","Forklift","","","","","","","ENTITY","49141"
"vh1","Vehicle","","","","","","2023-05-30 11:00:00","ENTITY","49142"
"vh2","Vehicle","","","","","","2023-06-02 11:00:00","ENTITY","49143"
"vh3","Vehicle","","","","","","2023-06-06 11:00:00","ENTITY","49144"
"vh4","Vehicle","","","","","","2023-06-09 11:00:00","ENTITY","49145"
"vh5","Vehicle","","","","","","2023-06-13 11:00:00","ENTITY","49146"
"vh6","Vehicle","","","","","","2023-06-16 11:00:00","ENTITY","49147"
"vh7","Vehicle","","","","","","2023-06-20 11:00:00","ENTITY","49148"
"vh8","Vehicle","","","","","","2023-06-23 11:00:00","ENTITY","49149"
"vh9","Vehicle","","","","","","2023-06-27 11:00:00","ENTITY","49150"
"vh10","Vehicle","","","","","","2023-06-30 11:00:00","ENTITY","49151"
"vh11","Vehicle","","","","","","2023-07-04 11:00:00","ENTITY","49152"
"vh12","Vehicle","","","","","","2023-07-07 11:00:00","ENTITY","49153"
"vh13","Vehicle","","","","","","2023-07-11 11:00:00","ENTITY","49154"
"vh14","Vehicle","","","","","","2023-07-14 11:00:00","ENTITY","49155"
"vh15","Vehicle","","","","","","2023-07-18 11:00:00","ENTITY","49156"
"vh16","Vehicle","","","","","","2023-07-21 11:00:00","ENTITY","49157"
"vh17","Vehicle","","","","","","2023-07-25 11:00:00","ENTITY","49158"
"vh18","Vehicle","","","","","","2023-07-28 11:00:00","ENTITY","49159"
"vh19","Vehicle","","","","","","2023-08-01 11:00:00","ENTITY","49160"
"vh20","Vehicle","","","","","","2023-08-04 11:00:00","ENTITY","49161"
"vh21","Vehicle","","","","","","2023-08-08 11:00:00","ENTITY","49162"
"vh22","Vehicle","","","","","","2023-08-11 11:00:00","ENTITY","49163"
"vh23","Vehicle","","","","","","2023-08-15 11:00:00","ENTITY","49164"
"vh24","Vehicle","","","","","","2023-08-18 11:00:00","ENTITY","49165"
"vh25","Vehicle","","","","","","2023-08-22 11:00:00","ENTITY","49166"
"vh26","Vehicle","","","","","","2023-08-25 11:00:00","ENTITY","49167"
"vh27","Vehicle","","","","","","2023-08-29 11:00:00","ENTITY","49168"
"vh28","Vehicle","","","","","","2023-09-01 11:00:00","ENTITY","49169"
"vh29","Vehicle","","","","","","2023-09-05 11:00:00","ENTITY","49170"
"vh30","Vehicle","","","","","","2023-09-08 11:00:00","ENTITY","49171"
"vh31","Vehicle","","","","","","2023-09-12 11:00:00","ENTITY","49172"
"vh32","Vehicle","","","","","","2023-09-15 11:00:00","ENTITY","49173"
"vh33","Vehicle","","","","","","2023-09-19 11:00:00","ENTITY","49174"
"vh34","Vehicle","","","","","","2023-09-22 11:00:00","ENTITY","49175"
"vh35","Vehicle","","","","","","2023-09-26 11:00:00","ENTITY","49176"
"vh36","Vehicle","","","","","","2023-09-29 11:00:00","ENTITY","49177"
"vh37","Vehicle","","","","","","2023-10-03 11:00:00","ENTITY","49178"
"vh38","Vehicle","","","","","","2023-10-06 11:00:00","ENTITY","49179"
"vh39","Vehicle","","","","","","2023-10-10 11:00:00","ENTITY","49180"
"vh40","Vehicle","","","","","","2023-10-13 11:00:00","ENTITY","49181"
"vh41","Vehicle","","","","","","2023-10-17 11:00:00","ENTITY","49182"
"vh42","Vehicle","","","","","","2023-10-20 11:00:00","ENTITY","49183"
"vh43","Vehicle","","","","","","2023-10-24 11:00:00","ENTITY","49184"
"vh44","Vehicle","","","","","","2023-10-27 11:00:00","ENTITY","49185"
"vh45","Vehicle","","","","","","2023-10-31 11:00:00","ENTITY","49186"
"vh46","Vehicle","","","","","","2023-11-03 11:00:00","ENTITY","49187"
"vh47","Vehicle","","","","","","2023-11-07 11:00:00","ENTITY","49188"
"vh48","Vehicle","","","","","","2023-11-10 11:00:00","ENTITY","49189"
"vh49","Vehicle","","","","","","2023-11-14 11:00:00","ENTITY","49190"
"vh50","Vehicle","","","","","","2023-11-17 11:00:00","ENTITY","49191"
"vh52","Vehicle","","","","","","2023-11-24 11:00:00","ENTITY","49192"
"vh53","Vehicle","","","","","","2023-11-28 11:00:00","ENTITY","49193"
"vh54","Vehicle","","","","","","2023-12-01 11:00:00","ENTITY","49194"
"vh55","Vehicle","","","","","","2023-12-05 11:00:00","ENTITY","49195"
"vh56","Vehicle","","","","","","2023-12-08 11:00:00","ENTITY","49196"
"vh57","Vehicle","","","","","","2023-12-12 11:00:00","ENTITY","49197"
"vh58","Vehicle","","","","","","2023-12-15 11:00:00","ENTITY","49198"
"vh59","Vehicle","","","","","","2023-12-19 11:00:00","ENTITY","49199"
"vh60","Vehicle","","","","","","2023-12-22 11:00:00","ENTITY","49200"
"vh61","Vehicle","","","","","","2023-12-26 11:00:00","ENTITY","49201"
"vh62","Vehicle","","","","","","2023-12-29 11:00:00","ENTITY","49202"
"vh63","Vehicle","","","","","","2024-01-02 11:00:00","ENTITY","49203"
"vh64","Vehicle","","","","","","2024-01-05 11:00:00","ENTITY","49204"
"vh65","Vehicle","","","","","","2024-01-09 11:00:00","ENTITY","49205"
"vh66","Vehicle","","","","","","2024-01-12 11:00:00","ENTITY","49206"
"vh67","Vehicle","","","","","","2024-01-16 11:00:00","ENTITY","49207"
"vh68","Vehicle","","","","","","2024-01-19 11:00:00","ENTITY","49208"
"vh69","Vehicle","","","","","","2024-01-23 11:00:00","ENTITY","49209"
"vh70","Vehicle","","","","","","2024-01-26 11:00:00","ENTITY","49210"
"vh71","Vehicle","","","","","","2024-01-30 11:00:00","ENTITY","49211"
"vh73","Vehicle","","","","","","2024-02-06 11:00:00","ENTITY","49212"
"vh74","Vehicle","","","","","","2024-02-09 11:00:00","ENTITY","49213"
"vh75","Vehicle","","","","","","2024-02-13 11:00:00","ENTITY","49214"
"vh76","Vehicle","","","","","","2024-02-16 11:00:00","ENTITY","49215"
"vh77","Vehicle","","","","","","2024-02-20 11:00:00","ENTITY","49216"
"vh78","Vehicle","","","","","","2024-02-23 11:00:00","ENTITY","49217"
"vh79","Vehicle","","","","","","2024-02-27 11:00:00","ENTITY","49218"
"vh80","Vehicle","","","","","","2024-03-01 11:00:00","ENTITY","49219"
"vh81","Vehicle","","","","","","2024-03-05 11:00:00","ENTITY","49220"
"vh82","Vehicle","","","","","","2024-03-08 11:00:00","ENTITY","49221"
"vh83","Vehicle","","","","","","2024-03-12 11:00:00","ENTITY","49222"
"vh84","Vehicle","","","","","","2024-03-15 11:00:00","ENTITY","49223"
"vh85","Vehicle","","","","","","2024-03-19 11:00:00","ENTITY","49224"
"vh86","Vehicle","","","","","","2024-03-22 11:00:00","ENTITY","49225"
"vh87","Vehicle","","","","","","2024-03-26 11:00:00","ENTITY","49226"
"vh88","Vehicle","","","","","","2024-03-29 11:00:00","ENTITY","49227"
"vh89","Vehicle","","","","","","2024-04-02 11:00:00","ENTITY","49228"
"vh90","Vehicle","","","","","","2024-04-05 11:00:00","ENTITY","49229"
"vh91","Vehicle","","","","","","2024-04-09 11:00:00","ENTITY","49230"
"vh92","Vehicle","","","","","","2024-04-12 11:00:00","ENTITY","49231"
"vh93","Vehicle","","","","","","2024-04-16 11:00:00","ENTITY","49232"
"vh94","Vehicle","","","","","","2024-04-19 11:00:00","ENTITY","49233"
"vh95","Vehicle","","","","","","2024-04-23 11:00:00","ENTITY","49234"
"vh96","Vehicle","","","","","","2024-04-26 11:00:00","ENTITY","49235"
"vh97","Vehicle","","","","","","2024-04-30 11:00:00","ENTITY","49236"
"vh98","Vehicle","","","","","","2024-05-03 11:00:00","ENTITY","49237"
"vh99","Vehicle","","","","","","2024-05-07 11:00:00","ENTITY","49238"
"vh100","Vehicle","","","","","","2024-05-10 11:00:00","ENTITY","49239"
"vh101","Vehicle","","","","","","2024-05-14 11:00:00","ENTITY","49240"
"vh102","Vehicle","","","","","","2024-05-17 11:00:00","ENTITY","49241"
"vh103","Vehicle","","","","","","2024-05-21 11:00:00","ENTITY","49242"
"vh104","Vehicle","","","","","","2024-05-24 11:00:00","ENTITY","49243"
"vh105","Vehicle","","","","","","2024-05-28 11:00:00","ENTITY","49244"
"vh106","Vehicle","","","","","","2024-05-31 11:00:00","ENTITY","49245"
"vh107","Vehicle","","","","","","2024-06-04 11:00:00","ENTITY","49246"
"vh108","Vehicle","","","","","","2024-06-07 11:00:00","ENTITY","49247"
"vh109","Vehicle","","","","","","2024-06-11 11:00:00","ENTITY","49248"
"vh110","Vehicle","","","","","","2024-06-14 11:00:00","ENTITY","49249"
"vh111","Vehicle","","","","","","2024-06-18 11:00:00","ENTITY","49250"
"vh112","Vehicle","","","","","","2024-06-21 11:00:00","ENTITY","49251"
"vh113","Vehicle","","","","","","2024-06-25 11:00:00","ENTITY","49252"
"vh114","Vehicle","","","","","","2024-06-28 11:00:00","ENTITY","49253"
"vh115","Vehicle","","","","","","2024-07-02 11:00:00","ENTITY","49254"
"vh116","Vehicle","","","","","","2024-07-05 11:00:00","ENTITY","49255"
"vh117","Vehicle","","","","","","2024-07-09 11:00:00","ENTITY","49256"
"vh118","Vehicle","","","","","","2024-07-12 11:00:00","ENTITY","49257"
"vh119","Vehicle","","","","","","2024-07-16 11:00:00","ENTITY","49258"
"vh120","Vehicle","","","","","","2024-07-19 11:00:00","ENTITY","49259"
"vh121","Vehicle","","","","","","2024-07-23 11:00:00","ENTITY","49260"
"vh122","Vehicle","","","","","","2024-07-26 11:00:00","ENTITY","49261"
"vh123","Vehicle","","","","","","2024-07-30 11:00:00","ENTITY","49262"
"vh124","Vehicle","","","","","","2024-08-02 11:00:00","ENTITY","49263"
"vh125","Vehicle","","","","","","2024-08-06 11:00:00","ENTITY","49264"
"vh126","Vehicle","","","","","","2024-08-09 11:00:00","ENTITY","49265"
"vh127","Vehicle","","","","","","2024-08-13 11:00:00","ENTITY","49266"
"vh128","Vehicle","","","","","","2024-08-16 11:00:00","ENTITY","49267"
"vh129","Vehicle","","","","","","2024-08-20 11:00:00","ENTITY","49268"
